protein_id	WT_t1	WT_t2	WT_t3	WT_t4	HetEd_t1	HetEd_t2	HetEd_t3	HetEd_t4	HomEd_t1	HomEd_t2	HomEd_t3	HomEd_t4	HetRev_t1	HetRev_t2	HetRev_t3	HetRev_t4	HomRev_t1	HomRev_t2	HomRev_t3	HomRev_t4
PROT_0000	22.928	22.8726	23.258	22.5924	22.8945	22.7719	22.8505	23.2213	22.6449	22.6627	22.561	23.1847	22.6872	23.1286	22.9038	22.5395	22.9255	22.9545	23.2478	23.2809
PROT_0001	24.5958	24.113	24.3733	23.7085	24.791	24.5409	24.5374	24.6952	24.0882	24.6838	24.5372	24.536	24.0976	24.3751	23.8093	24.3327	24.201	24.3392	24.0218	23.7903
PROT_0002	25.4282	25.0139	24.889	25.0871	25.1992	24.7971	25.1622	25.1557	25.2758	25.09	25.2744	24.8257	25.201	25.0089	25.1729	25.1891	25.2725	24.9808	25.1599	25.0203
PROT_0003	24.6163	24.5834	24.2255	24.77	24.7023	24.7136	24.9426	24.8599	24.5926	24.5002	24.374	24.8259	24.2894	24.9368	24.7994	24.6445	24.7329	24.6625	24.3957	24.7375
PROT_0004	22.5557	22.127	22.078	22.2503	22.2903	22.7661	21.9737	22.5137	22.2493	22.3283	22.082	22.2842	22.6238	22.6451	22.0836	22.3486	22.1879	21.7234	22.4182	22.2358
PROT_0005	23.2703	23.3142	23.4554	23.3264	23.5932		23.8073	23.2721	23.0153	23.1078	23.6904	22.8224	23.3741		23.5263	23.3105	23.5212	23.0711	23.6191	23.0876
PROT_0006	25.1166	25.1943	24.6824		25.1303	25.0028	25.2081	25.4127	24.8796	25.1901	25.1092	25.1201	24.9916	25.273	25.3133	25.1873	25.1548	25.349	24.9809	25.1322
PROT_0007		21.4835	21.561	21.068	21.1405	21.3745	21.2237	21.6439	21.2932	21.3825	21.2025		20.9302	21.6843	21.3947	21.473	21.2666	20.9932	21.727	21.3494
PROT_0008	21.3415	20.9502	21.6143	22.3146	21.6267	21.4509	21.9715	20.8549	21.2327	21.7782		21.4651	21.4632	21.7799	21.3531	21.2129	21.2278	21.9698	21.5052	21.7603
PROT_0009	24.498	24.3746	24.5508	24.6712	24.4332	24.4517	24.6745	24.8513	24.3739	24.6404	24.4041	24.6686	24.565	24.6121	24.4229	24.5408	24.8541	24.7	24.4011	24.4499
PROT_0010	26.8417	26.807	26.8427	27.1838	27.1394	27.2232	27.0193	27.085	27.1136	27.0342	27.0771	27.1397	26.4908	26.8908	26.5813	26.8781	26.6713	26.9067	26.5515	26.9438
PROT_0011			14.8405									17.0581								
PROT_0012	22.7758	22.1431	22.4684	22.408	23.1218	22.5132	22.6282	22.5703	22.6789	22.8744	23.0984	22.5616		22.8504	22.6404	22.5717		22.4416	22.3014	22.6433
PROT_0013	20.5885	21.2774	20.8911	21.0365	21.0127		20.6879	20.642	21.0724	21.1486	21.0546	21.5716	21.1566		20.6973	21.2635	20.337	20.9285	20.7919	20.5552
PROT_0014	23.617	23.5643	23.5084	23.2982	23.2825	23.5097	23.4453	23.4212	23.8421	23.63	23.5497	23.7562	23.5751	23.5562		23.5876	23.6985	23.7965	23.3986	23.7395
PROT_0015	22.3377	21.9793	22.1787	21.4019	21.1429	22.0537	21.8696	21.8062	22.642		21.8371	21.732	21.3924	21.7606	21.0033	21.7218	22.0357	21.6947	21.8166	21.9805
PROT_0016	22.5115	22.5235	22.2827	22.8288	22.5226	22.4665	22.6402	22.4358	22.7877	22.9973		22.4366	23.0702	22.8194	22.5786	22.5353	22.7034	22.5523	22.6195	22.3059
PROT_0017	24.3189	23.5655	24.0237	24.2447	23.9037	23.7054	24.0923	24.2883	23.8722	24.2926	24.3662	24.2826	23.9942	23.5947	24.3172	23.6928	24.305	23.7724	24.7552	23.8284
PROT_0018	23.5267	23.4607	23.535	23.4883	23.5266	23.5957	23.7735	23.4393	23.3866	23.481	23.3524	23.6614	23.1463	23.7344	23.6249	23.8114	23.4905	23.6741	23.3095	23.7143
PROT_0019	24.7203	24.7237	24.7421	24.6557	24.7216	24.6235	24.9021	24.5522	25.174	24.3139	24.9957	24.5371	24.762	24.9494	25.0837	24.356	25.138	24.326	25.1399	24.5397
PROT_0020	21.7067	21.3888	21.7107	22.1559	22.1366	21.5805	21.7804	21.6842	21.9136	21.8962	21.9301	22.0753	21.9835	21.1394	21.9565	21.5788	21.584	21.7215	22.0392	21.3019
PROT_0021	20.4514	20.0422	19.7473	19.862	21.5674	20.8503	21.1417	20.961	20.58	21.6086	20.3676	20.9147	20.6478	20.2142	20.3459	20.6964	20.5377	20.256	20.1328	20.0509
PROT_0022			18.9081		18.2261	19.0529			19.069	18.9468			18.6992	19.3236		17.8144			18.8593	
PROT_0023	22.6883	22.3479	22.777	22.4198	23.0608	22.4813	22.7345	22.6802	22.9312	22.646	22.6861	22.7851	22.3794	22.4269	22.8418	22.779	22.4782	22.8225	23.0064	
PROT_0024	22.468	23.133	22.5605	22.6093	22.785	22.3211	22.5298	22.7038	22.4954	22.1802	22.1255	22.4526		22.4306	22.3377	22.6524		22.2235	22.2748	22.0985
PROT_0025	22.0683	22.074	21.9793	22.3758	21.7209	22.3036	21.8611	22.0892	21.8634	21.9143	21.9023	21.9968	22.2705	22.6336	21.4168	22.3812	21.6501	22.3202		21.9887
PROT_0026	23.8941	23.6899	23.9611	24.1585	23.8148	23.9197	23.6433	23.7113	23.86	23.844	23.8453	23.8264	23.6938	23.986	24.0739	23.709	23.8008	24.0209	23.7946	24.2681
PROT_0027	20.9679	20.4336	20.8157	20.8558	20.353	20.5512	20.5726	20.2696	20.2951	19.7626	20.0307	20.7199	19.8816	20.3915	20.7829	20.6532	20.1523	21.3243	20.9004	20.389
PROT_0028	21.9001	21.8932	21.7035	21.7551	21.7054	21.7319	21.7129		22.1699	21.929	22.2179	22.6007	21.792	21.8658	21.6909	21.7958	22.1471	21.882	21.4516	22.0951
PROT_0029	25.3257	25.6574	25.632	25.7334	25.411	25.184	25.7326	25.3198	25.4198	25.6604	25.3435	25.4069	25.9227	26.039	26.2814	26.4095	25.261	25.421	25.7082	25.2873
PROT_0030	20.7385	20.4231	20.4219	20.7709	20.7736	20.2531	20.6445	20.1738	20.2823	20.0958	20.7537	20.7451	20.4014	20.2513	20.2571	20.4255			20.741	20.2913
PROT_0031	21.6575	21.8731	21.8393	21.6038	22.1132		21.2318	21.6495	22.1883	21.5	21.0583	22.0998	21.7178		21.7034	21.5849	21.4991	21.6743	21.6949	21.9744
PROT_0032	26.2748	25.9864	26.1721	25.8987	26.2035	26.2397	26.3878	26.5235	26.0639	25.9723	26.1792	26.3594	26.1034	26.8378		26.1297	26.3375	26.5199	26.322	
PROT_0033	27.7194	27.8224	27.526	27.68	27.7473	27.4769	27.4898	27.6417	27.5217	27.7999	27.8447	28.0802	28.0144	28.2069	28.1589	28.0945	27.9406	28.2171	27.9304	27.7039
PROT_0034										18.5064				18.3524		18.3017		18.2897	17.3947	
PROT_0035	20.003	19.4067	19.7006		20.6797	20.2446	20.798		20.2455	19.8518		19.9492			20.0399					
PROT_0036	22.8895	23.0022	22.5978	23.1395	23.0691	22.982	23.2282	23.336	22.8165	23.3177		22.9329	22.7251	23.0431	22.6214	23.3373	23.0328	23.0952	22.774	23.562
PROT_0037	23.422	23.6145	23.62	23.4001	22.9792	23.1026	22.9315	23.1076	23.4782	23.1731	23.1952	23.5113	22.9174	23.2023	23.2035	23.2038	23.4056	22.9914	23.1873	23.3652
PROT_0038	22.7332	22.6153	22.59	22.6264	22.821	22.524	22.9041	22.6798	22.1754	22.7301	22.3545	22.6632	22.5656	23.1495	22.5126	22.5679	22.3712	22.8629	22.4826	22.4854
PROT_0039	23.1405	22.7233	22.7072	23.0791	22.384	22.1711	22.2875	22.4156	21.5328	21.5499	21.6724	21.5351	22.2101	22.6604	22.3712	22.6002	22.7398	22.7482	22.8959	23.1816
PROT_0040		18.4905	17.2473				18.3898								16.9698					
PROT_0041	21.591	21.4488	21.5252	21.75	21.2715	21.2766	21.4707	21.6542	21.8055	21.6853	22.0049	21.5327	21.4589	21.7282	21.3914	21.1497	21.3996	21.8812	21.101	21.1972
PROT_0042	26.8818	26.6746	26.8438	27.0294	25.5549	25.2517	25.7204	25.5177	22.4318	22.6506	22.6936	22.6279	25.5462	25.6825	25.6488	25.7825	27.3843	26.9848	26.948	27.0099
PROT_0043	20.8887	21.2797	20.9096	21.1687		20.607	20.949		20.8547	20.3112		20.0339	20.74	20.6566	20.5253	20.5476	20.4618		20.4795	20.2586
PROT_0044	25.0561	25.0733	25.203	24.9876	24.9146	24.9633	24.9841	24.9241	24.8734	25.1087	25.1486	25.141	24.9609	25.3313	25.2626	25.2589	24.7041	25.3472	24.8959	24.5469
PROT_0045	21.8303	21.8718	21.9175	21.9463	21.9584	21.8923	22.7544	21.7834	21.8629	21.9285	21.6768	21.7088	21.739	22.0981	21.4298	21.6168	21.4729	21.9003	21.7604	
PROT_0046	23.361	23.3969	23.0938	23.5668	23.6264	23.3358	23.6882	23.4855	23.6877	23.6684	23.8353	23.8006	23.8931	23.6511	23.2833	23.505	23.3001	23.5595	23.5109	23.6209
PROT_0047	21.4897	21.4339	21.2653	21.8805	21.0645	21.3185	21.6705	20.8495	21.0763	20.9339	20.7338	21.4597	21.1288	21.0824	21.2905	21.4139	21.7272	20.89	21.6643	
PROT_0048	25.3854	25.129	25.1225	25.3149	25.4345	24.9813	25.3983	25.5253	25.4647	25.6545	25.5985	25.3635	25.6055	25.4967	25.6194	25.5028	25.6436	25.6833		25.6063
PROT_0049			19.1383					17.8266												
PROT_0050	24.7366	24.6851	24.5089	24.2294	24.0602	24.3967	24.5351	24.4266	24.2157	24.3784	24.5454	24.4857	24.2514	24.3981	24.3265	24.3198	24.4868	24.6076	24.0171	24.423
PROT_0051	21.3028	21.2025	21.5362	21.4667	21.2951		21.4663	21.1845	21.3674	21.2234	21.228	21.0551	21.0031		21.5125		21.5749	21.1163		21.518
PROT_0052	22.0812	21.4883	21.7202	21.5289	21.9504	21.1799	21.3794	21.5581		21.5948	21.6443	21.792	21.912	21.323	21.3165	21.5914	21.9743	21.664	22.1098	21.8212
PROT_0053	25.8538	25.8242	25.7529	26.4937	26.8123	26.8621	26.6884	26.7903	27.3586	27.5237	27.4867	27.4381	26.7777	26.7055	26.8098	26.6315	25.8626	26.3933	26.1094	26.221
PROT_0054	20.9387	20.7586	21.1409	20.4971	20.8675	20.2004	20.809	20.6424	21.3242	21.0585	20.6515	20.0488		20.7436	20.7607	20.8741	21.027	20.5732	20.9911	20.503
PROT_0055	24.9636	25.2089	25.0592	25.4302	24.9374	24.989	24.7962	25.2684	24.9087	25.5329	24.8928	25.3292	24.9422	25.7002	25.018	25.3276	24.8342	25.4486	24.5587	25.1766
PROT_0056	20.2152	21.181	21.0678	20.4217	21.7501	21.2064	21.2527	21.1034	21.0331	20.9635	21.1864	21.3647	20.8347	21.0068	21.7401	20.8597	20.7389	21.0923	20.4701	
PROT_0057	25.0339	24.8609	25.1757	25.1221	25.3416	25.0137	25.2295	25.0904	24.9253	25.0053	25.1729	25.1201	25.1512	24.8674	25.0717	24.9772	25.1638	25.0701	25.3176	25.1451
PROT_0058	24.4291	24.0581	24.0674	23.9972	24.4841	24.4115	24.4725	24.3441	24.8459	24.865	24.6584	24.6526	24.5072	24.5325	24.7284	24.6686	24.375	24.1862	24.4509	24.3978
PROT_0059	24.1406	23.6583	23.9522	23.5649		23.4248	24.0773	23.88	23.8821	23.6871	23.6768	23.3574	23.6333	23.6293	23.637	23.6856	24.2201	23.9685	23.9504	23.3621
PROT_0060	23.359	23.0486	23.3477	23.1567	23.1971	22.9408	22.8868	22.9225	22.8427	23.2364	23.447	23.4183	23.2385	23.5179	23.5316	23.0916	23.2893	23.1206	23.191	23.3155
PROT_0061	24.2637	24.3115	24.1681	24.4849		24.1412	24.2542	24.3188	24.4857	24.5373	24.2361	24.6467	24.1898	24.5264	24.1321	24.5886	24.3786	24.366	24.2042	24.1571
PROT_0062	25.1457	24.6036	25.2428	25.018	25.1407	25.2304	25.4684	25.0283	25.2053	24.7049	25.3144	24.8679	25.0109	25.4723	25.1333	25.2487	25.141	24.9957	25.3777	24.6681
PROT_0063	22.8496	22.8546	22.9116	23.3619	23.3087	23.2879	23.3	23.489	24.0205	23.9328	24.1774	24.2788	23.3384	23.6443	23.1849	23.317	23.0633	22.7271	23.3446	23.0915
PROT_0064	24.9178	24.869	24.95	24.9957	25.0809	24.9731	25.3704	25.2942	24.8809	25.0501	24.9961	24.832	24.9401	25.2766	24.8436	24.934	25.0273	24.9731	24.9962	25.1213
PROT_0065	20.0673		20.2125	20.5759	20.2961	19.8236			20.1899		19.9531	20.0564	20.2591	20.5257	20.6079	20.6533	19.992	19.033	19.9509	20.2933
PROT_0066		20.4503		20.8552	20.9752	20.4433	20.733		20.6572	21.0622	20.9292	20.6632	20.7939	20.9268	20.6859	20.9626	21.4616		20.5464	21.0121
PROT_0067	23.4123	22.9977	23.1969	23.7411	23.4471	23.4742	23.2609	23.429	22.4964	22.8278	22.7131	23.1795	23.3792	23.7795	23.2138	23.6911	23.4364	24.0289	23.4466	23.5734
PROT_0068	28.1636	28.205	28.3507	28.0924	28.4893	28.1832	28.3989	28.3882	28.2388	28.2228	28.059	27.8681	28.3769	28.346	28.7008	28.2481	28.5123	28.1808	28.5043	28.2291
PROT_0069		21.5689	21.9955	21.3905	21.9996	21.3725	22.1255	21.6643	21.7555	21.6529	22.0072	21.9439	22.0259	22.1265	21.8759		22.2625	21.428	21.9051	21.4015
PROT_0070	22.9224	22.859	22.8647	23.0936	23.0571	22.8629	23.1073	23.4342	23.0372	22.7269	22.6149	23.099	22.6155		22.8467	22.9774	22.9862	23.0802	23.2458	22.9905
PROT_0071	21.5235	21.241	21.4471	21.1725	21.6099	21.4823	21.3542	20.9621	21.2382	21.2766	21.9116	21.0875	21.0108	21.2356		21.1384	20.9541	21.2378	21.197	
PROT_0072	19.3667		18.9749	19.468	18.4939	18.5538			19.2044		19.8044	18.8051	18.7549		19.5028	18.4098	18.6597		18.9819	19.1875
PROT_0073	23.8718	23.9695	23.449	23.8411	23.945	23.8543	24.118	24.2577	23.5992	23.5404	24.0916	23.8517	23.7692	23.428	24.045	23.5777	24.4601	24.0173	24.3065	24.1925
PROT_0074	22.1217	22.5927	22.3365	22.283	21.917	21.9424	22.0935	22.1708	22.247	21.8949	22.435	22.1411	22.1999	21.977	22.2806	22.2801	21.9132	21.8461	22.422	22.2769
PROT_0075	23.9407	23.4924	24.224	23.9944	24.1109	23.935	24.0906	23.7262	23.8712	23.5698	23.858	23.6929	24.0627	24.1771		23.6683	25.0588	24.6689		24.8721
PROT_0076		19.898	19.8498	19.5894		19.1178			19.7231		19.4255	19.9708		20.0122	19.9782	20.1885	19.4232		19.2915	20.5028
PROT_0077	22.8901	22.6801	22.8063	22.6272	23.0923	23.0892	22.9852	22.9468	22.9186	22.4141	22.8319	22.4009	23.1992	22.9963	23.2495	23.3277	22.8927	23.1522	23.1109	22.5713
PROT_0078	23.3767	23.4207	23.0376	23.7056	23.3638	23.8608	23.2654	23.9684	23.4422	23.7085	23.6508	23.9087	23.6387	23.7888	23.7028	23.6744	23.663	23.7964	23.9267	24.3524
PROT_0079			16.6452																	
PROT_0080	25.0068	24.7002	25.1409	25.0773	24.9606	24.8722	25.0686	24.9458	24.5824	24.8789	24.9111	25.0676	25.0866	24.8277	25.1391	24.8057	25.1587	24.9751	25.1207	25.178
PROT_0081	22.6971	22.7953	23.0982	22.8216	22.7515	22.7666	23.1167	22.6258	22.7994	22.8353	22.9428	23.129	22.9602	22.7711	23.1005	23.2496	23.2049	22.8595	22.8637	22.8717
PROT_0082	22.7042	22.6328	22.9904	22.7378	22.9757	22.276	22.635	23.3013	22.9109	22.6327	22.974	23.4771	22.5773	22.9764	22.9212	23.0437	22.8826	22.8577	22.6895	22.6517
PROT_0083	22.0511	22.2867	22.3896	21.8525	22.2294	22.0533	22.042	21.632	22.3001	21.8773	22.3601	21.9102	22.2778	21.936	21.9075	21.8027	22.0371	21.7432	22.3546	22.0838
PROT_0084	21.3936	21.636	21.411	21.4202	21.6865	21.8417	21.8554	21.9914	21.1988	21.3739	21.5433	21.7411	21.3749	21.6811	21.5966	21.8235	21.1887	21.6767	21.3487	21.4612
PROT_0085	24.1461	23.5262	23.7898	23.9187	23.9169	23.8398	23.6981	23.6775	24.0873	23.5358	23.6757	24.1422	23.7939	23.8347	23.7835	23.5495	23.8617	23.5143	23.882	23.826
PROT_0086	19.8717		18.7926		18.9411		18.6252		19.3981	18.7703		19.4186	18.5631		18.7064	18.609		19.6469		18.5018
PROT_0087	23.7826	23.3938	23.6004	23.5974	24.0622	23.978	23.6728	24.0774	23.8414	23.4909		23.8595	23.5932	23.7806	23.4569	23.8364	23.6187	23.3764	23.883	23.8769
PROT_0088	23.5471	23.9032	23.4738	23.5854	23.4001	23.5628	23.5569	23.2931	23.3404	23.5826	23.19	23.3584	23.4561	23.2929	23.3938	23.1954	23.4882	23.5699	23.264	23.2348
PROT_0089	22.7338	22.7319	23.0624	22.452	23.0746	23.0443	23.0379	22.9944	23.1707	23.2602	23.2364	23.0068	23.0676	23.0897	22.6265	22.8603	22.7855	22.7947	23.0982	23.0294
PROT_0090	23.945	23.8702	24.1258	23.6381	23.8399	23.7889	24.1859	24.0867	24.4302	23.9264	24.0159	24.3895	23.4735	24.1738	24.0739	23.8327	24.0726	23.683	23.9853	24.1426
PROT_0091	26.3657	25.9849	26.5527	26.2632		26.21	26.4331	26.3541	26.532		26.0682	26.2876	26.3544	26.3929	26.6876	26.0056	26.6454	26.196	26.6294	26.2122
PROT_0092	23.2642	23.3055	23.5149	23.1414	23.3131	23.4911	23.0334	23.7402	23.3231	23.2605	23.5661	23.3959	23.4875	23.1671	22.927	23.55	23.3859	23.7719	23.2104	23.6606
PROT_0093		19.6654			20.0208		19.6793		19.9881				19.3563	19.8054	19.9576	19.8272		19.7061	19.5583	19.5494
PROT_0094	20.2608	20.4885	19.8212	20.5841	20.555	20.3202	20.3848		20.3392	19.9439	20.677	20.252	20.7684	20.5963	20.558	20.379	20.3762	20.5089	20.9261	20.167
PROT_0095		20.3029	20.5278	20.0771	20.8197			20.7476		20.8622	20.1756	20.6627	20.374	20.4629	21.1908	20.8234	21.2569	20.9371	20.6639	20.2773
PROT_0096	20.1258	19.5909		19.634	19.704		19.6715			19.8197		19.4184	19.8775				19.7576	19.6846	20.1346	19.9714
PROT_0097	19.9471	20.2425	20.1772						20.1292	19.5994		19.3578		19.8566	19.9387	19.5496	20.2589	19.8666	19.7353	20.3392
PROT_0098	19.6501	19.7211	19.9924		19.6865	19.6909	19.328	20.8201	19.5559		19.3035			19.8915	19.5955	19.9453	19.4165		19.3864	19.6923
PROT_0099	25.5918	26.0037	25.6497	26.0378	25.4878	25.8015	25.494	26.0219	25.4039	25.9028	25.4532	25.9278	25.3479	26.2948	25.4879	25.8203	25.7295	25.7692	25.3916	25.6776
PROT_0100	26.0413	25.8692	25.6463	25.7582	26.0687	26.2221	25.805	26.0334	25.1676	25.4732	25.1008	25.436	26.0881	26.2596	25.6787	26.1412	26.0512	26.2537	26.0666	25.9476
PROT_0101	20.8688	20.7445	21.162	21.0769	20.1227	20.1991	20.8612	20.2972	20.1209	20.5441	20.0902		21.2213	21.1218	21.0208	20.7232	20.9537	20.5693	20.5725	
PROT_0102	23.9208	23.7654	23.4281	24.015	23.6909	23.5916	23.8535	24.1922	23.3225	23.6788	23.7358	23.785	23.5197	24.3121	23.5566	23.9404	23.5919	23.6565	23.4781	23.777
PROT_0103	23.2893	23.0732	23.3818	23.0398	24.46	23.8744	24.3803	24.3525	23.2052	23.1948	23.6293	22.8457	23.0603	22.8612	23.4583	22.8887	23.3177	23.2791	23.1443	23.3075
PROT_0104	26.933	26.8647	27.1088	26.8866	27.2998	26.9662	27.3472	27.0356	26.9714		26.9091	26.9079	27.1307	27.1128	27.2767	26.8749	27.005	26.8091	27.1865	26.8953
PROT_0105			19.1222	19.0578	18.6465					18.7974		18.6672	19.2781			19.1045			18.5148	18.69
PROT_0106	22.8123	22.9467	22.8555	23.1489	22.7195	22.9749	22.9796	22.9115	22.5305	23.1174	22.7686	23.0037	22.9123	22.7695	22.1812	22.9158	22.8369	23.2485	23.1508	22.9216
PROT_0107	20.5098	21.0591	20.9374	21.0815	21.0274	21.6297	21.1097		20.8191	21.0004	20.8102		20.9302	21.03	20.9482	21.1113	20.3891	21.0556	20.8481	20.8492
PROT_0108	22.8578	22.5625	22.2752	22.6811	22.6907	22.5597	22.4785	22.486	22.0537	22.0814	22.0343	21.9949	22.4158	22.732	22.8265	22.1827	22.6848	23.109	22.4256	22.7987
PROT_0109	22.1083	22.4603	22.1579	22.482	22.0279	21.8536	22.123	22.1211	22.0519	22.313	22.1773	22.6541	22.0251	22.3144	21.5831	22.6181	22.1379	22.8422	22.2726	22.3091
PROT_0110	20.5519	20.0443	20.5713	19.7662				20.8159		19.8902	20.4031	20.2473	20.0687	20.8169	20.4022	20.1722		20.1183		20.5947
PROT_0111	24.774	24.6878	24.716	24.7481	24.7376	24.5674	24.4409	24.5598	24.4269	24.5083	24.1618	24.3384	24.1131	24.6606	24.6534	24.8304	24.6114	24.6889	24.7626	24.7483
PROT_0112	24.9462	24.8047	25.0892	24.9973	24.9686	24.6134		24.6834		24.8669	25.0541	24.6885	24.825	24.8518		25.0263	25.1297	24.9428	25.0579	
PROT_0113	18.4415					18.106	17.7589						18.9326	19.5466	18.8706		18.8794	19.2603	18.1276	
PROT_0114	25.5122	25.8074	25.8648	25.9197	25.7782	25.9007	25.5856	25.8327	25.6456	26.0009	25.6004	26.0788	25.9475	26.1072	25.6521	26.0088	25.8525	26.2002	25.7068	26.041
PROT_0115	25.8798	25.7458	25.8162	25.6894	25.5669	25.7323	25.4793	25.6453	25.3799		25.2178	25.8568	25.7049	25.9692	25.229	25.4463	25.4661	25.7806	25.6146	25.3282
PROT_0116	28.474	28.369	28.4842	28.4352	27.8969	28.1365	28.0742	28.0991	28.4301	28.2526	28.5702	28.4893	28.2968	28.8761	28.4229	28.6294	28.427	28.6036	28.5136	28.5048
PROT_0117	23.7778	24.1814		24.1066	23.8898	23.9678	23.8965	23.7919	23.7914	23.9732	23.7996	23.9894	24.1134	23.8332	23.787	24.0384	23.912	24.0876	23.9388	23.8181
PROT_0118	26.2166	26.2946	26.2748	26.2899	26.1073	26.1522	26.3776	26.6902	26.2749	26.1802	26.0908	26.1138	25.9912	26.2059	26.2169	26.1734	26.1678	26.2443	26.1954	26.2113
PROT_0119	22.1969	22.5085	22.0307	22.5619	22.0795	22.0828	22.4175	22.1318	21.7059	22.4889		22.2544	22.279	21.8713	22.3945	22.6597	22.1712	22.2054	22.0665	22.249
PROT_0120	22.1973	21.7106	21.8656	21.6734	21.6339	21.7372	21.7338	21.8297	22.1618	21.7027	21.1589	21.9721	21.8766	21.5118	21.7182	22.135	22.2229	21.8136	22.3874	21.5345
PROT_0121	26.2419	26.0037	26.1586	26.0996	26.1769	25.8786	26.1924	26.345	26.3141	26.3211	26.2681	26.3425	26.429	26.3188	26.3326	26.2573	26.3925	26.0993	26.2494	26.5898
PROT_0122	22.3671	22.4833	22.006	22.06	21.973	22.1682	21.8423	22.4639	22.1002	21.7922	22.2019	22.5431	21.9544	21.9834	22.3307	22.0127	22.6712	22.4182	22.2999	22.4599
PROT_0123	21.929	22.071		21.8014	21.4926	21.4434	22.041	21.5356	21.7115	21.9275	22.3063	22.1301	21.8402	21.7836	21.7815	21.6848	21.684		21.9201	
PROT_0124	23.1596	23.3776	23.345		23.1451	23.383	23.2851	23.0728		23.7711	23.2443	23.4688	23.0537	23.1239	22.7537	23.3726	23.2299	23.3776	23.169	23.4648
PROT_0125	23.2915	23.206	23.2028		23.5981	23.2431	23.4372	23.1591	23.3054	23.1381	23.1812	23.6458	23.7664	23.3192	23.3158	23.1556	22.7636	23.1177	23.0201	23.359
PROT_0126	21.7945	21.7135	21.7879	22.0084	21.9539	21.4962	22.2576	21.5013	21.7492	21.6026	21.7199	21.829	21.6719	21.5317	21.884	21.5224	21.8371	21.7075	21.2651	21.7835
PROT_0127	25.1923	25.2184	25.5773		25.2634	25.2031	25.6254	25.5366	24.9837	25.5054	25.2827	25.2278		24.9984	24.9276	24.6463	25.649	25.1868	25.2657	25.4975
PROT_0128	23.5274	23.7623	23.5576	23.9204	23.5198	23.4315	23.5	24.0724	23.3084	23.6692	23.1528	23.5298	23.4977	23.7461		23.2985	23.3808	23.8217	23.3236	23.4908
PROT_0129	24.6846	24.5024	24.6751	24.8228	25.0944	24.345	24.808	24.4204	24.8053	24.7259	24.7192	24.4608	24.7289	25.032	24.6017	24.7771	24.7303	24.7179	24.6547	24.5388
PROT_0130	25.1372	24.8741	25.1573	25.1913	25.2702	25.3863	25.244	25.1423	25.0763	25.5864	25.2743	25.5067	25.5723	25.685	25.3485	25.2597	25.3007	25.3358	25.2863	25.612
PROT_0131	26.0744	26.1663	25.8781	25.6709	26.12	25.7008	25.9528	25.6499	25.7459	25.3569	25.5766	26.106	25.782	25.7602	25.9741	25.9169	25.7023	25.5282	26.1008	25.4945
PROT_0132	22.6184	22.4717	22.417	22.0734	22.3779	22.3583	22.7253	22.5654	22.4817	22.165	22.6313	22.0851	22.2382	22.5133	22.4795	22.7013	22.7199	22.5221	22.7734	22.1828
PROT_0133	26.0515	26.4691	25.9265	26.2166	25.9764	25.9701	26.2527	26.1407	26.3197	26.0543	26.0993	26.21	26.0014	26.2247	26.2541	26.5713	25.9905	26.2349	26.0653	26.0543
PROT_0134	28.9293	29.0084	28.7746	29.0167	28.8337	28.6439	29.1728	28.9449	29.1711	28.9271	29.0909	28.9141	29.0614	29.1188	29.0734	29.0659	28.6742	28.9352	28.886	29.0245
PROT_0135	24.3318	23.7811	24.0111	23.6637	24.2528	23.731		23.776	24.0559	23.9206	24.1232	24.2851	24.1005	24.0982	24.1553	24.289	24.0772	24.4171	23.8428	23.8836
PROT_0136	22.4123	22.3877	22.4642	22.2417	22.5514	22.5454	22.6088	22.5177	22.1683	22.2367	22.3841	22.5005	22.3223	22.4313	22.2176	22.0973	23.0191	23.023	22.8331	23.1279
PROT_0137			18.8167		18.4572			19.1546	17.5287	18.7876				18.4269	17.9072	18.1685		18.6476	18.0071	
PROT_0138	17.5485				19.0326		18.8882	18.5058			18.6083		19.1734	18.0943			18.9883	19.2355		
PROT_0139	23.0271	23.0281	23.7035	23.2112	23.8411	23.3455	23.8684	23.5519	24.1099	23.6088	24.1529	23.9461	23.3997	23.7158	23.7206	23.3841	23.0581	22.9511	22.9115	23.1323
PROT_0140	20.7076	20.2886	20.2976	20.8247	20.9043	20.4305	20.4051	20.8902	20.649	20.6665	20.7949	20.5528	20.7281	20.196		20.6829	21.1024	20.7663	20.7009	20.8024
PROT_0141	24.4707	24.3764	23.9853	24.0721	24.0056		24.1466	23.8633	23.8894	24.2768	24.1413	23.9627	24.0727	24.1546	23.8074	24.1708	24.6385	23.9862	24.155	24.5128
PROT_0142	25.9619	25.575	25.683	25.8051	25.9319	25.4847	25.7139	25.4704	26.037	25.3825	25.9878	25.462	26.1252	25.9497	25.7291	25.5319	26.1366	25.5447	25.9577	25.6802
PROT_0143	23.8724	23.9239	23.6358	23.4984	23.6034	23.6025	23.9177	24.0844	23.6817	23.8848	23.1651	23.7971	24.0829	23.7935	24.3239	23.9688	23.935	24.0165	24.1548	23.9041
PROT_0144	19.6065	20.0858	20.1723	19.7445	19.2571			19.717	20.108	19.7865	20.5555		19.8423	19.7875	19.9707		20.1606	20.3327	20.4339	
PROT_0145		19.5617	18.6005		19.8812	19.6957	19.3218		19.5886	19.1884	19.8404	19.4305	19.3683	18.7253	19.7415	18.6823	19.382		19.2567	18.8099
PROT_0146	20.8322		20.5994	20.806	20.2343	20.2139		20.2215	20.8217	20.5122	21.0926	19.6234	20.3334	20.9893	20.0842	20.0998	20.6076		20.2098	20.8706
PROT_0147	25.3971	25.2299	24.837	25.4585	25.0999	25.0846	25.06	25.4255	25.0333	24.8834	25.4724	25.4222	25.3775	25.6169	25.7449	25.5869	25.5891	25.4284	25.592	25.5676
PROT_0148	24.7506	24.6766	24.733	24.8349	24.7143	24.492	24.4972	24.9674	24.6861	24.345	24.6934	24.9832	24.6151	24.7744	24.7714	24.5802	24.4856	24.8389	24.6538	24.7297
PROT_0149	22.9478	22.9462	22.7862		23.0413	22.9156	23.2292	23.0075	23.1837	22.6233	23.0466	23.4275	23.1907	22.7711	23.1095	23.1017	23.5117	22.9461	22.6531	22.867
PROT_0150	22.8769	22.659	22.6756	22.9224	22.8366	22.9233	22.5551	22.9816	22.5361	22.4272	22.8717	22.9342	22.8839	23.1508	22.8785	22.693	22.555	22.9977	22.5289	22.8796
PROT_0151	26.2323	25.9581	26.2048	25.7329	25.9258	25.96	25.9081	26.0141	26.1543	26.2225	26.1411	26.2338	25.8475	25.956		26.0229	26.0101	25.986	26.1703	26.1342
PROT_0152	22.7788	22.2338	22.5456	22.2549	22.3894	22.4086	21.9314	22.477	22.4508	21.8409	22.2252	22.0106	22.165	22.3511	22.0415	21.9836	22.7973	22.522	22.3185	22.5237
PROT_0153	26.5807	26.5634	26.6467	26.7054	26.9955	26.5995	26.8647	26.7169	26.8434	26.4572	26.7414	26.4846	26.8078	26.7148	26.6689	26.382	26.7928	26.4737	26.3834	26.4678
PROT_0154	23.5129	24.1996	23.851	23.2853	23.3707	23.8355	23.7501	23.5531	24.0248	23.5552	23.6715	23.3849	23.6638	23.8818	23.7569	23.872	23.3553	23.8423	23.5013	23.4589
PROT_0155	22.6025	22.1359	22.5641	22.2858	22.5507	22.1426	22.6357	22.4371	22.4936	22.4348	22.3437	22.0897	22.0476	22.5555	22.4594	22.2476	22.3767	22.1525	21.8613	22.3304
PROT_0156		21.9174	22.4326	21.773	22.2299	22.1233	22.4033	22.289	22.5483	22.3283	22.1889	21.805	21.9977	21.7507	21.9577	22.2523	22.0602	21.9291	22.0087	21.9427
PROT_0157	24.4738	24.148	24.1485	24.4727	24.3615	24.4809	24.8071	24.7743	24.6659	24.4136	24.6718	24.9731	24.5523	24.7923	24.434	24.4208	24.8959	24.6634	24.679	24.727
PROT_0158	24.9942	25.0821	24.9885	24.7656	25.0861	24.9664	24.632	24.8389	24.9771	24.845	24.7004	24.6166	24.5744	24.7629	24.9382	24.9262	24.8975	25.1216	24.7004	24.9249
PROT_0159	20.4831	20.6972	20.1925	20.4291	20.5008	20.6368	20.5111	20.791	20.3933	20.1796	20.5745	20.3196		20.4201	20.1667	20.1357	20.3852		20.5756	20.5235
PROT_0160	26.8718	26.5048	26.5102	26.3117	26.6653	26.4728	26.5456	26.27	26.3747	26.6677	26.6184	26.5818	26.6109	26.625	26.6489	26.6237	26.7518	26.6118	26.6204	26.5355
PROT_0161	16.8522	18.1305				17.9828	17.9039	19.3403	18.5066			18.286		17.2025	17.5553		18.299		18.0077	17.5342
PROT_0162	23.449	23.7017	24.1703	23.7589	23.5414	23.7145	23.9275	23.4508		23.4993	23.5944	24.0065	23.388	23.8405	23.8983	23.6144	23.596	23.9034	23.7114	23.9795
PROT_0163	27.3976	26.9125	27.0634	26.9587	27.0454	26.8673	26.907	26.9308	27.0945	26.9461	27.3336	27.1176	27.1719	26.8525	27.1816	27.0359	27.0862	26.8556	26.9265	
PROT_0164			19.4148	18.9786	19.0997	19.1993				18.9058	18.8631			19.2493					19.9678	
PROT_0165	22.7257	22.6858	22.946	22.8154	22.6597	22.7108	23.1091	23.1109	22.714	22.8209	22.7908	22.8611	22.9661	22.6715	22.6549	22.6001	23.2758	22.8733	22.7111	22.5834
PROT_0166	23.1212	22.9985	22.6224	22.7416	23.3103	23.0135	23.1751	22.8721	22.9579	23.2231	23.0374	22.803		22.9082	23.2243	23.1156	23.1917	23.2386	23.2664	23.1779
PROT_0167				18.0612	18.0979	18.155	17.9265	17.2249						17.4636		17.8952				
PROT_0168	24.1146	23.7999	24.0676	23.598	24.0127		23.954	23.7547	23.9567	23.6845	23.7248	23.9814	23.9362	23.9097	23.6803	23.4461	24.1106	23.7801	24.3323	24.0399
PROT_0169	23.2061	22.8609	23.2279	23.0867	23.2312	23.3087	23.1		23.4006	23.2171	23.0043	23.6627	23.0563	23.2552	22.7647	22.9381	23.4773	23.238	23.3583	22.999
PROT_0170		20.2671	20.6079	20.555	20.2308	20.5252	20.7602	20.1548	20.2959	20.0388	21.1909	20.0983	20.4558	19.5364	20.2187	20.2398	20.2031			20.4406
PROT_0171	24.5323	24.8202	24.6587	24.8268	24.8388	24.7869	25.1422	24.928	24.8762	24.729		24.8342	24.6375	24.8327	25.0514	25.0934	24.8573	24.9159	24.863	24.835
PROT_0172				17.6311	18.3808	17.7087	18.0512		17.4959	18.5579		19.2854						18.0403	17.7619	
PROT_0173	17.5596					17.6711	17.5589					17.8806							17.6458	18.2814
PROT_0174	26.0401	25.6693	26.0164	25.9222	26.0496	25.9746	25.8314	25.9763	25.7368	26.1459	25.5273	25.9224	25.9506	25.9808	26.0045	26.1039	25.9728	25.7325	25.7471	25.7178
PROT_0175	23.9547	24.0037	24.1635	24.2401	23.4263	24.0418	23.9387	24.1494	23.9448	24.152	24.053	24.1975	23.8793	24.0678	23.9816	24.0515	23.8529	24.2293	23.9855	24.1328
PROT_0176	20.0634	20.3942		20.2689		20.7511	19.6554	20.5525	20.2415	20.4455	19.9149	20.5225	20.2631	20.8916	20.5844	20.6076		20.2873	20.7579	20.2601
PROT_0177	20.623	21.024		20.38		21.2916	21.1414	20.8517	21.0336	20.8341	21.0662	21.0608	21.1193	21.2549	21.0718	20.8585	21.0982	20.7956		20.9381
PROT_0178			18.196		18.1922		16.87	18.0898	18.158					18.9603				18.1594		
PROT_0179	20.15	20.2635	20.1618	19.7871		19.5366		19.959	19.3664	20.2888	19.5573		19.9737	19.6039		20.0803	18.9859		20.3195	20.6712
PROT_0180		19.4781	19.712	18.8769	19.9238	18.8645	19.0637	18.4336			19.9782	19.7755	19.8792	19.2125			19.3638	19.1538	19.2435	19.0298
PROT_0181	24.6617	24.3863	24.3068	24.6698	24.8859	24.3586	24.9623	24.8822	24.728	24.8306	24.7974	24.9819	24.7044	24.4545	24.3609	24.6351	24.4406	24.8581	24.8041	24.795
PROT_0182	21.9737	21.7362	21.9937	21.9421	21.3823		21.7623	21.8066	22.0253	21.7572	21.8019	21.6588	21.984	21.1715	22.0824	22.0096	22.1779	22.1407	21.6398	22.5321
PROT_0183	20.9492		20.9316	22.0675	21.6681	21.9713		21.857	21.086	21.9977	21.0679	20.8226	21.23		20.6802	21.7236	21.3337	21.2507		
PROT_0184	25.0131	24.738	24.8298	24.4768	24.7038	24.3123	24.7024	24.359	24.5832		25.0276	24.7355	24.7847	25.0382	24.8517	24.5835	24.6765	24.4375	24.7809	24.8769
PROT_0185	23.7757	23.6523	23.9446	23.5886	23.9415	23.5319	23.9506	23.6065	23.6814	24.0033	24.0652	23.6786	24.0093	23.9039	23.9211	24.0479	24.1337	24.0973	24.3075	24.0013
PROT_0186	25.8691	25.9256	25.98	25.8837	26.2526	25.9133	26.013	26.1784	25.9028	25.8902	25.967	25.9216	26.2585	26.1924	25.6558	26.2369	25.8304	25.7757	25.8603	26.0168
PROT_0187		18.41	19.2361					18.5619	18.8185			18.1553					19.1275	18.3039		19.175
PROT_0188	26.0702	26.4545	26.5815	26.5789	26.2522	26.6989	26.1703		26.1379	26.4031	26.4568	26.4964	26.2491	26.5292	26.5836		26.3532	26.3879	26.191	26.2686
PROT_0189	23.7679	23.6801	23.8074	23.7649	23.9778	23.5234	23.8384	24.169	23.8455	23.8492	24.0292	23.9751	23.716	24.0625	23.9126	23.7761	24.1125	23.7317	24.0284	23.5315
PROT_0190		21.783	21.8045	21.8178	22.1424	21.8588	22.4768	21.941	23.1798	23.0138	23.5699	22.939	22.3016	21.8764	21.7637	21.7386	21.8167		21.6761	21.8553
PROT_0191	25.2031	24.7702	25.2566	25.348	25.3021	25.2379	25.4747	25.1997	25.0898	25.0687	25.2843	25.0825	25.1958	25.3372	25.3865	25.4848	25.2296	25.0678	25.2643	25.5319
PROT_0192	27.7119	27.5735	27.4981	27.8842	27.8161	27.7616	27.7849	27.6816	27.6263	27.7921	27.9291	27.9298	27.8324	28.0775	27.6929	27.8551	27.7457	27.9349	27.7111	28.0327
PROT_0193	22.431	22.2448	22.3358	22.3183	22.6985	22.6166	22.5029	22.3127	22.1641	22.6328	22.4317	22.5364	23.0174	23.0585	22.383	22.5802	22.9887	22.2423	22.2298	22.6182
PROT_0194	22.2086	22.0546	22.4679	22.5078	22.2105	22.5276	22.5087	22.5532	22.1759	22.2831	22.4209	22.3915		22.5295	22.7601	22.454	22.4444	22.5257	22.5478	22.8038
PROT_0195	21.8546	22.0882	21.5512	21.81	21.9894	22.1438	22.2274	22.0468		22.0583	21.9102	21.3479	21.6783	21.7553	22.0862	21.8013	22.2473	21.7817	22.133	22.1987
PROT_0196			15.8459	17.6702			18.2264								18.061		17.6329	17.8139		
PROT_0197	26.4515	26.2789	26.3714	26.5925	26.4442	26.4098	26.0259	26.5492	26.1544	26.2558	26.3468	26.2662	26.1142	26.5848	26.082	26.3231	26.6105	26.3878	26.73	26.2481
PROT_0198	24.4833	24.6084	24.9246	24.5576	24.6596	24.6306		24.5476	24.4926	24.5191	24.1886	24.7488	24.2985	24.4609	24.2578	24.3299		24.6107	24.0198	25.1378
PROT_0199	24.2078	24.1656	24.121	24.2662	23.9194	23.7774	24.1833	24.4221	24.2094	24.2581	24.1321		24.3097	24.4746	24.1975	24.1995	24.2696	24.4045	24.3553	24.2234
PROT_0200	24.5502	24.1641	24.6579	24.6913	24.475	24.4744	24.7403	24.6739	24.6391	24.3925	24.9825	24.6401	24.7134	24.4875	24.8474	24.5744	24.0214	24.3846	24.6066	24.5565
PROT_0201	21.3603	21.6383		21.9082	22.0558	21.2343	21.8355	21.5958	21.828	21.4544	22.0037	21.6616	21.4018	21.4725	22.193		20.4858	19.9425	20.5472	19.854
PROT_0202	28.7834	28.4361	28.552	28.6397	28.9625	28.6906	28.8128	28.7334	28.4582	28.57	28.5876	28.6443	28.9839	28.6022	28.4847	28.3682	28.889	28.804	28.9444	
PROT_0203	23.49	23.4716	23.0307	23.7991	23.6348	23.3869	23.7307	23.1429	23.4637	23.1457	23.7041	23.1838	23.4315	23.6931	23.5299	23.5969	24.0225	23.8918	23.8975	24.0511
PROT_0204	22.2023	22.0196	21.9913	22.2199	21.7404	21.5421	22.2897	22.4262	21.9119	22.3066	21.8006	21.8634	22.5661	22.0009	21.9954	22.3132	21.8743	21.9983	21.9756	22.1978
PROT_0205		19.0519	20.1365	19.6874		19.7674	19.7161	19.6058	19.6168	20.1279		19.6627		19.7492	19.7336	19.9239	19.9444	19.3885	19.1625	20.2816
PROT_0206	29.6614	29.277	29.7941	29.6362	29.7415	29.6178	29.7646	29.4797	29.742	29.6294	29.9923	29.5247	29.654	29.5619	29.9273	29.576	29.6725	29.4642	30.0276	29.6474
PROT_0207	25.2838	25.0363	25.2067	25.1472	25.1816	24.967	25.2946	24.9901	25.1578	25.2101	25.2436	25.1536	25.1482	25.2303	25.2102	25.0076	25.373	25.3502	25.4519	25.2071
PROT_0208	25.1803	24.9716	25.4209	25.3069	25.4742	25.2097	25.1148	25.123	25.2131	25.3017	25.2427	25.4823	25.3577	25.3592		25.6901	25.5096	25.2853	24.9208	25.2116
PROT_0209	24.1207	23.865	24.1675	24.0813	24.1414	24.3903	23.839	24.2064	23.8417	24.065	24.2384	23.9414		24.3133	24.1553	23.9699	23.9485	24.3114	24.0	24.0941
PROT_0210	19.6249	19.7333	19.3095	19.6284	20.1866	19.2983		19.5642	20.4125	19.4645		20.7496	19.4197	19.9967	19.4809	19.9538	20.0236		20.0747	
PROT_0211	25.3569	25.2889	25.0788	25.2589	25.1719	25.3655	25.3192	25.2796	25.2768	25.1798	25.1295	25.4087	25.2571	25.0262	25.3436	25.0628	25.1906	25.3306	25.3687	25.4712
PROT_0212	22.013	22.0504	22.4102	21.9995	21.6388	21.4168	21.6696	21.4588		22.1018	21.9103	22.1436	21.9987	22.1068	22.1211	21.8919	21.9263	22.1366	21.9499	21.9849
PROT_0213	21.6941	21.1666	21.2703	21.1788	21.3257	21.5631	21.1729	21.8731	21.0153	21.3331	21.2904	21.7324	21.0744		21.4742	21.6857	21.2173	21.4116	21.9038	21.3989
PROT_0214	26.5939	26.854	26.7782	26.8558	26.6463			26.8628	26.5261	26.9555	26.7028	26.837	26.7264	27.0657	26.8165	26.7645	26.5473	26.5278	26.5889	26.799
PROT_0215	22.8519	22.3014	22.8035	22.6719	22.581	22.7335	22.6732	22.6283	23.8066	23.7956	23.4819	23.6256	22.6417	22.7436	23.0827	22.6987	22.7294	22.3378	22.9421	22.5058
PROT_0216	20.9948	21.3935	21.1745	20.9416	21.8268	21.6418	21.1234	21.3053	21.0255	20.7903	21.4528	21.401	20.9745	21.2147	21.1225	21.0545	21.572	21.3884	20.9925	21.5473
PROT_0217	19.5286			18.9303		18.8187	18.3804	18.767	18.2005	18.7614	18.8698				18.0749		18.3656			18.708
PROT_0218	19.9203	19.4932		19.502		19.1293	19.169	19.6953		19.5674	19.3677	19.5635	19.2273	19.5171		18.7057		20.3396	19.2767	19.1588
PROT_0219	23.1324		23.2808	23.2254	23.2016	23.2608	23.558	22.8604	22.8845	23.3709	23.4941	23.1195	23.4656	23.2205	22.8972	23.2503	23.5753	23.2985	23.2473	23.0865
PROT_0220	23.7689	23.7292	24.0938	23.9829	23.7789	23.4474	23.7054	23.7894	23.9271	23.8549	23.4802	23.5412	24.0082	23.8354	23.903	23.6005	23.8684	23.8066	24.0569	23.789
PROT_0221	24.7818	24.3678	24.4875	24.3756	24.3039	24.0132	24.4098	24.3466	24.0888	24.2617	24.695	24.1658	24.261	24.0923	24.4097	24.2345	24.2921	24.3515	24.4798	24.5659
PROT_0222	21.3784	21.1317	21.6547	20.8261	21.4265		21.6935	21.6711	21.4541	21.0598	20.9862	21.4568	21.3071	21.4017	21.332	21.3083	20.5232	21.735	22.2067	21.2471
PROT_0223		22.1066	21.6521	21.7303	21.6778	21.7289		21.803	21.514	21.6299	22.01	22.4055	21.6804	21.9432		22.201	21.449	22.1531	22.2568	21.4124
PROT_0224	24.9341	24.7115	24.7871	24.5653	25.3274	24.448	24.9825	24.7152	24.6956	24.881	24.8144	24.4664	24.8403	24.6195	24.9219	25.0347	24.9379	24.4304	24.8411	24.6258
PROT_0225	19.4905	20.3048		20.3711		20.3484	20.038	20.0093	20.4367	20.1148	19.5121	20.561	19.8941	20.9097	20.0091	19.8971	19.4992	20.1468	20.1949	20.1253
PROT_0226						19.0195	18.59		18.2861	18.2543		19.0946			18.759		18.1822			19.5434
PROT_0227	23.1844	23.2461	23.4648	23.607	23.141	23.1838	23.4627	23.4157	23.2741	22.9633	23.248	23.1766		23.0981	22.9919	23.056	23.4315	23.1576	23.269	23.1707
PROT_0228	24.0968	23.9038	24.0416	23.6045	24.2605	23.4969	23.4423	23.7347	23.585	23.8246	24.1476	23.7815	23.8447	24.1403	23.8093	24.14	23.5464	23.6462	23.8219	23.6417
PROT_0229		20.196		18.8057	19.4703	19.7463		19.3038			18.2893		19.6101	19.3538	19.3018	19.5351	19.716	19.2259	19.0762	20.0406
PROT_0230	27.5534	27.8397	27.4812	28.0215	28.0075	27.9119	27.6097	28.0903	27.5089	28.2451	27.4916	27.9729	27.6568	28.3766	27.7698	28.0811	27.7966	27.7025	27.6817	27.9678
PROT_0231	21.2218	21.0811	21.3355	21.2552	21.8946	21.3807	21.8035	21.8479	21.5644	21.4809	21.4571	21.4812	21.6579	21.6467	21.9248	21.4978	21.6014	21.252	21.6066	21.2489
PROT_0232	21.2501	20.9762	20.5937	21.4923	21.0427	21.8823	21.2458	20.9065		21.6285	20.9432	21.8451	21.364	21.5704	21.0063	21.1639	21.1366	21.5755	21.6637	21.6071
PROT_0233	26.4664	26.4806	26.5046	26.774	26.3374	26.1418	26.5916	26.5321	26.0948	26.2219	26.4419	26.1597		26.54	26.5485	26.3486	26.4475	26.3242	26.3258	26.285
PROT_0234	21.4628	21.8811	21.5315	21.5779	22.3777	22.3478	21.833	22.6341	21.9466	21.8856	21.9673	22.4091	21.2951	21.4331	22.0744	21.6228	22.02	21.2737	21.774	22.0312
PROT_0235	21.5506	21.4959	20.9478	21.2525	21.1175		21.5846	21.6035	21.364	21.1659	21.535	21.3628	21.557		21.1441	21.578		21.3047	21.2137	21.3396
PROT_0236	19.0567				20.3751	19.5308	19.6933	19.5523		19.7049	19.5286	19.1608	19.894	19.7708	19.725		19.5245	19.4227		19.7213
PROT_0237	24.4033	24.6941		24.482	24.3016	24.1847	24.5434	24.6352	24.3954	25.0495	24.544	24.6909	24.2231	24.2348	24.527	24.3554	24.8148	25.0709	24.7425	24.7588
PROT_0238	21.0673	20.9404	21.2927	21.0088	20.8653	21.4125	21.0399		21.1005	21.2295	21.1235	21.5864	21.706	21.3559	21.3568	21.2196	21.1799	20.8348	21.386	20.9173
PROT_0239	25.4116	25.4416	25.4873	25.7643	25.5343	25.2959	25.4387	25.6194	25.6547	25.5943	25.3287	25.8132	25.4102	25.6502	25.4502			25.8548	25.6873	25.3816
PROT_0240	22.2311	21.7559	21.6217	22.1495	22.5174	22.703	22.3714	22.6958	22.7313	22.2158	23.0308	22.696	21.6044	21.8691	21.8658	22.0845	21.9908	21.8359	22.6479	22.1178
PROT_0241	21.3013	21.2504		20.5526	21.1322		20.6659	20.9553	21.0417	21.2818	21.1628	20.8918	20.4489	20.4592	21.097	21.1809	21.6849		20.3564	20.5016
PROT_0242	26.284	26.1529	26.2143	26.3857	26.9498	26.753	26.8345	26.9359	26.71	26.8538	26.6779	27.0457	26.7257	26.6054	26.6757	26.7989	26.8155	26.9202	26.7527	
PROT_0243	25.6952	25.7391	25.4396	25.4947	25.5723	25.2206	25.7486	25.1513	25.5921	25.4445		25.4411	25.3547	25.4182	25.1835	25.3319	25.8762	25.7242	25.6958	25.9272
PROT_0244	21.7695	21.0083	21.6585	21.0912	21.588	21.332	21.3524	20.6818	21.4559	21.5483	21.4536	21.4072	20.9839	21.2722	20.9972	21.5432	21.5914	20.8944		21.2677
PROT_0245	21.6383	21.6258	21.8818	21.9965	21.4123	21.2048	21.9039	21.888	21.647	22.0036	21.8753	21.9601	22.0722		21.4442		21.3525	21.8643	22.0223	21.9051
PROT_0246	24.9804	24.6413	24.8935	24.9104	25.5526	24.7839	25.226	24.814	25.1528	25.1342	25.4074	24.9571		24.913	25.2012	25.1401	24.8824	25.0639	25.3481	25.098
PROT_0247	20.5878	20.7623	20.6453	20.7506	20.2031	20.4412	20.5041	20.8712	21.8355	22.0712		21.1279	20.8839	21.4426	20.8561	20.8067	20.7823	20.694	20.5791	20.6687
PROT_0248		21.21	20.6192	21.463	21.0493	21.2643	20.9861	21.0911	21.1437	21.0594	20.982	21.2585	21.1015	21.1659	20.2864	21.4603	21.1657	20.7163	21.3254	21.3045
PROT_0249	20.0317	20.0117	20.0017	20.3614	19.8386	19.9984	19.4235	19.8109	19.6366	19.9599	20.0581	20.0494		20.1147	19.9635		20.0698	20.0994	20.4138	20.4985
PROT_0250	23.3491	23.4584	23.0254	23.2585	23.3894	23.3012		23.3812	22.4757	22.5855	22.4971	22.9299	23.454	23.4121	23.3692	23.4036		23.4393	23.4277	23.361
PROT_0251	23.7644	23.185	23.2499	23.4518	23.3887	23.1023	23.1484	22.9851	23.3642	23.2987	23.7122	23.3203	23.3067	23.3307	22.8545	22.976	23.48	23.2218	23.0207	22.976
PROT_0252	25.6829	25.6542	25.8735	26.2126	26.2409	25.8014	26.1406	26.0435	25.8422	25.9758	25.7861	26.0773	26.1867	25.8597	26.147	26.1458	26.0228	26.0605	26.1742	25.9501
PROT_0253	21.6998	21.6024		21.718	21.4813	21.9764	21.8762	21.8941	21.8699	21.5204	22.1822	22.002	21.9622	21.5881	21.1186	21.3986	21.8385	22.0646	21.9343	21.8083
PROT_0254		20.0615	20.3579	20.1822	20.2562	20.517	20.4359	19.6301	20.284	20.1627	20.0152	19.7755	19.5485	19.9749	19.9418	19.7967	20.0361	20.4019	19.9886	20.3794
PROT_0255	22.3587	22.2032	22.6682	22.0562	22.8483	22.344	22.6693	22.1618	22.5148	22.6642	22.8337	22.2251	22.8374	21.9896	22.6941	21.9204	22.8523	22.4106	21.8745	22.1945
PROT_0256	24.369	24.3033	24.2218	24.0667	24.3232	24.082	23.966	24.5092	24.4369	24.6811	24.2364	24.4517	24.4195	24.5331	24.1952	24.2201	24.4617	24.702	24.4366	23.8773
PROT_0257		19.8001	18.3753	19.5334		19.2099	18.9695	19.2679	19.137	20.1835	19.986	18.6715		20.2887	19.5961	20.0187		19.5609	19.8408	19.004
PROT_0258	25.5236	25.3292	25.3351	25.4048	25.4157	25.415	25.3001	25.2826	25.5501	25.48	25.0993	25.4331	25.5054	25.5235	25.4476	25.4656		25.6671	25.3819	25.2799
PROT_0259	23.9747	23.7602	24.0897	23.6365	24.005	23.7198	24.163	24.1177	23.8778	23.7329	23.2382	23.941	23.5438	23.9058	23.6205	24.0082	23.661	23.9006	23.7695	24.0427
PROT_0260	24.0604	23.0637	23.4936	23.5864	23.6929		23.4348	23.3642	23.2961	23.1299	23.6557	23.045	23.8766	23.5028	23.4639	23.801	23.6909	23.528	23.9172	23.6446
PROT_0261	24.0041	24.2121	24.1296	24.3028	24.0185	24.3262	23.9773	24.44	24.1244	24.3245	24.0912	24.1638	24.3843	24.5597	24.2169	24.3019	24.4119	24.1591	24.5682	24.6257
PROT_0262	20.7673	20.7633	20.7702	21.0227		21.0126	21.0766		20.6858		20.825	20.696		20.7889	20.9322	21.22	20.2098	21.0719	20.7839	20.7114
PROT_0263	21.0788	21.0592	20.9038	20.9042	21.0206	21.0548		20.7509	20.8453	21.1511			20.5109	21.5926	20.8606	21.3067	20.8478	20.7654		20.9468
PROT_0264	26.814	27.0157	27.041	27.0544	27.1548	27.2802	27.236	27.526	27.0319	27.2573	27.0663	27.2415	27.2107	27.289	26.8915	27.3643	27.1622	27.078	27.3041	27.2488
PROT_0265	21.9635	22.2143	22.2438	22.499	22.1423	21.9739	21.9272	22.0511	22.4715	22.1871	22.0525	21.9944	21.7856	21.9925	22.6514	22.4017	22.2307		22.2068	22.1585
PROT_0266	25.9703	26.0589	25.9486	26.1392	26.2772	26.2659	26.635	26.0469	26.0491	26.1567	25.9619	26.1322	26.1129	26.4444	26.4523	26.2571	26.1982	26.1191	26.0394	26.3873
PROT_0267	22.7818	22.3807	22.3979	22.7176	22.3319	22.314	22.7928	22.6133	22.1638	21.8521	21.6305	21.8845	22.4842	22.5617	22.548	22.6753	22.901	22.734	22.8841	22.7275
PROT_0268	18.8632	18.1862	18.5912	19.3521	20.0378	19.0493	19.2845		19.2255		19.7198	19.4076		18.8439			19.5054	19.1626	18.848	18.8599
PROT_0269	22.3837	21.9165	22.3368	22.353	21.7486		22.0404	22.1239	21.7143	21.7053	22.2254	22.6575	22.0112	22.2361	22.1566	22.0483	22.2047	22.1159	21.9209	21.7248
PROT_0270	22.7528	22.3763	22.6473	22.3937	22.474	22.1357	22.4356	22.5722	22.361	22.7045	22.6226	23.2675	22.4979	22.5752	22.6471	22.5039	22.966	22.7495	22.4342	22.2107
PROT_0271	21.6449	21.7072	21.8038	21.6485	21.5617	21.9453	21.876	22.0274	21.9942	21.7586	22.1208	22.1037	21.5805	22.0717	21.8535	21.9895	21.6167	21.9952	21.4183	21.8348
PROT_0272	25.0393	24.9124	24.6405	24.8538	25.007	25.0108	24.947	24.9047	24.5965	24.7767	24.9173	24.7896	24.9179	24.826	24.4892	25.0054	25.0945	24.8092	24.6504	24.9222
PROT_0273	23.1784		23.3066	23.3487	23.5553	23.4304	23.3015	23.0443	23.6587	23.3018	23.1519	23.2996	22.689	23.8074	23.4028	23.2661	23.1718	23.3029	23.3925	23.5795
PROT_0274	24.4661	24.3651	23.9575	24.2556	24.5857	24.3262	24.5236	24.4008	24.3266	24.147	24.5479	24.3859	24.4312	24.4071	24.2511	24.2854	24.8712	24.3218	24.4581	24.1784
PROT_0275	25.0224	24.867	24.9508	24.9013	25.1591	25.0147	24.9341	24.8639	24.9729			24.9606	24.8495	24.8323	25.0628	24.7623	24.6102	24.9859	25.0633	25.0426
PROT_0276	23.1827	23.4931	23.6397	23.208	23.5719	23.6075	23.6415	23.6358	23.6125	23.0284	23.4151	23.7786	23.3955	23.6104	23.4621	23.214	23.122	23.4384	23.1696	23.6535
PROT_0277	26.1209	25.8254	26.0979	25.6939	26.3539	25.5026	26.3602	25.8374	26.0389	25.7024	26.3355	25.7485	26.0034	25.8938	26.2325	25.859	26.3262	25.8523	26.3517	25.8366
PROT_0278	23.7511	23.6717	23.7931	23.9604	24.1523	23.8559	24.2429	23.6491	23.8219	23.6081	23.692	23.7068	23.6699	23.9929	23.6718	23.5907	23.7308	23.4516	23.5369	23.7744
PROT_0279	22.7387	22.3321	22.373	23.1024	23.0657	22.4449	22.9207		22.4798	22.83	22.9244	22.6086	22.6337	22.8768	22.5786	22.889	22.7533	22.8455	22.4939	22.6121
PROT_0280	20.5531	20.5984	20.5111	20.482		20.6742	20.6043	20.6997	21.006	20.009	20.5959	21.0133	21.0483	21.6439	21.6987	21.4079	20.8886	20.2277	20.5689	21.0801
PROT_0281	26.7936	26.568	26.7869	26.4617	26.8265	26.6329	26.8354	26.6574	26.9568		26.8875	26.7221	26.6531	26.5684	26.4417	26.8852	26.9517	26.6864	26.9282	26.9128
PROT_0282	25.3777	25.5762	25.6222	25.5217	25.3664	25.1792	25.6939	25.4791	25.645	25.4986	25.5475	25.56	25.4981	26.1142	25.4204	25.715	25.7067	25.4586	25.3664	25.4899
PROT_0283	22.5878	22.1969	22.7397	22.6206	22.2021	22.3503	22.7616	22.7559	22.6316	22.7866	22.2779	22.6264	22.4869	22.7451	22.6517	22.9864	22.2224	22.1565	22.4032	22.4053
PROT_0284	23.2168	23.3667	23.0149	23.6171	23.3693	23.5955	23.3793	23.3769	23.443	23.228	23.0155	23.2562	23.3118	23.4646	23.0754	23.3749	23.1326	23.1216	23.2578	23.5085
PROT_0285	21.5563	21.322	21.366	21.2512	21.1103	21.0182	21.4676	20.6582	20.9232	20.5597	21.0812	21.0765	21.6716	22.0766	21.1174	21.1075	21.4047	21.1309	21.5265	21.0827
PROT_0286	21.5297	21.4957	21.2771	21.1667	21.352	21.4987	21.5278	21.6231	21.1964	21.233	21.9105	21.699	21.8571	20.6592	21.6441	21.7601	21.4462	21.2449	21.1455	21.4244
PROT_0287	20.322	19.9864	20.9016		20.3964	20.0916	21.0588	20.2371	20.0826	19.5343		19.8001	20.6992	20.1205	20.679		20.6565	19.7762		20.3506
PROT_0288	20.4819	21.4089	20.7897	21.0292		21.1699	21.6209	21.1205	20.8439	21.348	20.7695	21.3339	20.4204	21.0657	20.8202	21.6031	22.0434	21.5878	21.1644	21.3112
PROT_0289	22.0438		21.6669	21.4464	21.8211	21.746	22.0021	21.2169	22.0326	21.2779	21.8851	21.6547	21.3546		22.1548	21.8763	22.3787	21.5415	22.4278	21.7121
PROT_0290	24.2553	24.1576	24.1054	24.355	24.1868	24.4579	24.2336	24.4016	24.3724		24.2299	24.1394	24.2004	24.1952	24.7695	24.2199	24.3983	24.3708	24.3567	24.5046
PROT_0291	19.5495	19.7083	19.8171	19.6146	20.546	20.4646	20.4328	20.052			19.7989			19.8854	19.8328	20.5492	19.0089		19.3934	19.4078
PROT_0292	22.5181	22.5821	22.3449	22.7383	22.4587	22.2953	22.2357	22.8129	22.122	22.721	22.8171	22.9474	22.6985	22.8971	22.602	22.2933	22.475	22.938	22.6437	22.5818
PROT_0293	21.5345	21.2676	21.6809	21.7054	21.9009	21.2198	21.3244	21.6192	21.4899	21.1919	21.372	21.6094	21.5969	21.9774	21.3076	21.4807	21.0218	21.3328	21.4794	21.4732
PROT_0294	22.2669	22.2869	21.8112	22.464	22.3771	21.8209	22.2532	22.1159	22.1279	22.0944	22.108	22.0772	21.708	22.5211	22.3177	22.4531	22.5718	22.2688	22.2531	22.2981
PROT_0295	27.6483	27.2368	27.4965	27.295	27.3992	27.4592	27.3265	27.3604	27.1427	26.8952	27.4215	27.3899	27.5094	26.9836	27.1711	27.3253	27.3434	27.1645	27.0991	27.0484
PROT_0296	20.4112	20.1665	20.1325	20.2393	20.6282	20.3889	19.9317	19.9141		20.5164	20.36	20.9394	19.9086	20.2631	20.4044	20.1091	20.5215	20.6917	20.308	20.04
PROT_0297	23.4402	23.6202	23.3312	23.8382	23.9427	23.6211	23.3697	23.5614	23.5521	23.5912	23.501	24.0518	23.4582	23.66	23.825	23.9391	23.6206	23.7492	23.6644	23.7551
PROT_0298	25.2804	25.0039	24.8745	25.1161	25.1381	25.01	25.0821	24.743	25.2484	25.2158	25.0349	25.0563	25.2757	25.1658	24.9998	25.0711	25.0496	25.0604	25.0128	24.9445
PROT_0299	21.2477	20.5958	21.0023	21.098	21.0726	20.86	20.7674	20.7742	20.6025	20.7016	20.5375	21.5062	20.7212	20.616	21.3243	20.9591	20.9793	20.6548	21.5228	
PROT_0300	22.8129	23.1677	22.8755	23.4319	22.7664	22.795	22.5823	22.9044	22.5288	22.7824	22.5927	22.8677	21.8753	22.3673	22.3171	22.2577	22.6659	22.6902	22.5251	
PROT_0301	25.4412	24.6945	24.699	24.698	24.6778	24.2129	24.6477	24.8128	24.6077	24.7382	24.837	24.4939	24.5402	24.6857	24.6202	24.4144	24.8814	24.5182	24.7375	24.5503
PROT_0302	24.6804	24.3817	24.4242	24.336	24.346	24.0856	24.6791	24.7332	24.3499	24.2866	24.5107		24.1876	24.6591	24.3908	24.2289	24.4307	24.1885	24.2523	24.547
PROT_0303	21.0285	20.1147	20.6119	20.5949		20.5451		20.4892	20.2771	20.2877	20.4987	20.1778	20.3316		20.44	20.6255	20.6781	20.1046	20.3379	19.9296
PROT_0304	24.3739	24.5396	24.5269	24.5208	24.48	24.6182	24.4054	24.3696	24.329	24.5892	24.3693	24.1384	24.3885	24.6613	24.6417	24.6576	24.5036	24.8342	24.4802	24.4028
PROT_0305			19.2949	19.6153	19.9638	19.4141	19.0195	20.1533		19.6015	19.4258	19.8781		20.1823	20.1725	20.12		19.3053	19.894	19.3426
PROT_0306	21.4253	20.9776	20.9535	21.3468	21.5813	21.2816	21.3029	21.4333	21.4152	20.8272	21.0931	21.6017	20.8126	21.3402	20.5901	20.7441	21.1325		21.5706	20.5551
PROT_0307	21.1415	21.3094	21.1415	21.035	20.773	20.9251	20.4978	19.9992	21.0147	20.5572	20.8787	20.5694	20.6038	20.8171	21.2057	21.0136	21.0405	20.6412	21.0523	21.42
PROT_0308	20.7945	20.7648	21.1206	20.9805	21.551	20.7701	20.8947	20.8544	20.4519	21.1323	21.1939	21.5001	21.2138	21.2024	20.583		21.5073	21.5582	20.969	20.9233
PROT_0309	18.6632	18.6708			19.3767			18.7463	19.0527		18.8635		18.489						18.9427	18.7266
PROT_0310	23.5578	23.6557	23.7749	23.9908	23.3135	23.4487	23.3219	23.4082	23.8036	23.7537	23.2592	23.6143	23.63	23.9031	23.6848	23.7304	23.8242		23.8076	23.798
PROT_0311	30.2824	30.1667	30.3308	29.9364	30.1152	30.3096	30.1203	30.098	29.9813	29.976	30.1002	30.1203	30.1815	30.2204	30.2841	30.1432	30.6294	30.5538	30.6203	30.5411
PROT_0312	25.5558	25.6428	25.8126	25.6631	24.9438	24.4641	24.7969	25.0982	24.5391	24.5759	24.836	24.8204	24.7181	24.7987	24.7225	25.0007	24.6302	24.9274	24.6409	24.7368
PROT_0313	25.6878	25.3973	25.4586	25.1049	25.3751	25.2068	25.6944		25.3228	25.0491	25.3758	25.0307	25.3049	25.4404	25.8625	25.2829	25.6076	25.2938	25.3399	25.5583
PROT_0314	24.9126	24.8419	25.3067	25.1985	25.1379	24.9886	25.3244	25.2246	24.9197	24.9661	25.267	25.0012	25.127	25.2155	25.2139	25.1392	25.1799	24.899	25.0973	24.8715
PROT_0315	23.5712	23.2524	23.1678	23.198	23.2061	22.9612		23.1677	23.3089	23.1436	23.111	23.1595	23.0553	22.8606	23.029	22.7723	23.0302	22.8345	22.9739	22.9549
PROT_0316	25.9145	26.083	25.7263	26.0475	26.003	25.6179	25.8634	26.1388	25.6796	25.8716	25.7492	26.0604	26.047	26.0677	25.946	25.7807	25.8562	25.9503	25.8727	25.7326
PROT_0317	24.9341	24.6289	24.8411	24.9728	24.9892	24.6908	24.9534	24.9467	24.8853	25.1561	24.9068	24.6593	24.9872	24.9139	25.0457	24.485	24.9679	24.8934	24.8638	24.707
PROT_0318	24.0478	24.1038	24.2505	24.1691	24.5181	23.8355	24.3452	24.0608	24.4809	24.3247	24.5085	24.302	24.3471	23.9825	24.1816	24.3375	24.5998	24.2316	24.2033	24.5603
PROT_0319	18.7584		19.0264		18.464			18.6689				18.5773				18.1551	17.5732	18.5997		
PROT_0320	20.0349	19.6606	20.1032	20.1797	19.5146		20.2787	19.361	20.7745	20.7437	20.5937		19.7844		20.1883		20.3509	20.2439	20.2998	
PROT_0321													16.1553							
PROT_0322					19.2267	18.725		18.7841			18.3221			19.4403		19.8065		19.4859		
PROT_0323	21.7254	20.9115	21.8102	20.8773	21.7678	21.8126	21.8645	21.751	21.7102	21.6569	21.2283	21.6631	21.4056	21.0918	21.5296	21.2834	21.4456	21.4957	20.9326	21.3326
PROT_0324	21.0416	21.1137	21.5635	21.2111	21.092	20.4077	20.7076	20.8842	20.957	21.2428	21.0918	21.6819	20.8526	21.1101	21.2919	21.0671	20.8113		21.0864	
PROT_0325	18.4697	19.3452	19.5047	18.9493	20.2901	19.7569		19.0704	19.7579	19.0289	18.8773	19.7344	19.2534	19.1041	18.6419	19.8783	18.8469	18.982		18.2135
PROT_0326	24.9747	24.7506	24.8478	24.8849	25.2662		25.6664	25.3803		24.748	25.1988	25.2604	25.0993	25.0044	25.2353	25.1424	25.1742	24.769	25.3337	25.0306
PROT_0327	23.8371	23.7714	23.6105	23.9558	23.4151		23.8406	23.8383	23.6995	23.5611	23.7711	24.1121	23.6745		23.697	23.7585	23.6966	23.7321	24.0922	23.7216
PROT_0328		21.3268	20.8036	21.0334	20.856	21.2868	21.0368	20.8319	21.5061	21.3452	21.5988	21.1576	20.9999	21.494	21.6088	21.2373	20.7645	21.3693	20.5644	21.0468
PROT_0329	21.2661	20.6806	20.5174	21.2649	20.7885	21.1161	21.2273		20.4998	20.6617	20.8003	21.2222	20.6822	21.6165		21.2338	21.1268	21.2396	21.0214	21.1639
PROT_0330	23.5083	23.5496	23.7468	23.7038	23.5916	23.8382	23.558	23.8376	23.4518	23.924	23.7037	23.7299	23.7614	23.6495	23.9931	23.852	24.0796	23.6976	23.9049	23.8109
PROT_0331	18.6206	19.5855	19.3065	19.4223	19.6528	19.1692	19.9841	19.8766	19.7131	19.7627	19.3625	19.1434	19.509	19.9659	18.933	19.9704		19.3498	19.7716	19.7621
PROT_0332	23.9555	24.1499	24.4598	23.8856	23.9263	23.8307	23.7555	24.1033	24.065	23.9392	24.0329	23.8207	24.3973	24.5709	24.2971	23.6919	24.0084	24.2387	24.1508	24.1582
PROT_0333	23.5321	23.1183	23.3641	23.3124	23.3016	23.1504	23.0509	23.4686	23.2207	23.3973	22.9577	23.3751	23.2476	23.5419	23.0318	23.5389	23.5963	23.3348	23.37	23.464
PROT_0334	19.052		20.2641	20.0083		18.9805	19.028		19.4042	19.9027	19.8289	20.5427	19.1325	19.2523	19.4239	19.555	19.7694			19.8971
PROT_0335	23.4923	23.4411	23.6512	23.5958	23.6581		23.4997	23.6281	23.3782	23.7319	23.7508	23.3621	23.7891	23.8848		23.6172	24.0223	23.5485	23.682	23.8154
PROT_0336	25.5533	25.3	25.5709	25.6653	25.7507	25.6406	25.6282	25.7354	25.7669	25.8414	25.579	25.8759	25.2839	25.5822	25.7954	25.913	25.832	26.1138	25.704	25.72
PROT_0337	25.66	25.7212	25.3952	25.5219	25.8334	25.8738	25.7563	25.7408	25.4934	25.855	25.5094	25.6429	25.3814	25.8471	25.6994	25.6264	25.6978	25.6083	25.4491	25.3626
PROT_0338		18.895	18.5398	19.0708	19.4632	18.6352	18.344	19.4259		19.573	18.6613		18.9358	19.3253	19.4332			18.8536	19.4028	19.2809
PROT_0339	23.5078	23.4895	23.4287	23.105	23.4093	23.5715	23.4348	23.69	23.5902	23.0457	23.5084	23.3934	23.685	23.1155		23.2151	23.3552	23.3198	23.2763	23.6221
PROT_0340	23.7784	24.0179	24.406	24.4541	24.5132		24.2898	24.5412	24.3101	24.3958	24.4095	24.3519	24.2992	24.599	24.2895	24.4223	24.3191	24.4392	23.888	24.3819
PROT_0341	24.6503	24.4544	24.4049	24.5369	24.9529	24.5741	24.4868	24.3958	24.6877	24.0664	24.5668	24.4098	24.2188	24.6745	24.6684	24.7821	24.463	24.4726	24.304	24.5558
PROT_0342	20.239		20.6054	20.4322	20.3991	19.4952	20.3372	20.1005	19.5341	20.1297	19.7738	20.1268			20.8194		20.0677	19.7612	20.6711	20.2609
PROT_0343	18.8151	19.2767	19.1491	20.2998	20.0522	19.6275	19.7285	19.3654				19.4499	19.515	19.3758	19.8833	20.4787	19.208	19.7705	19.0854	19.6647
PROT_0344	23.1449	22.6797	23.0646	22.9225	23.1415	22.9289	22.8258		22.7666	22.8113	22.8627	22.8254	23.0	23.3318	22.8965	23.0175	23.0531	23.1933	22.7466	23.0464
PROT_0345	23.1817	23.162	23.4347	23.0238	23.1973	23.2046	23.1436	23.3033	22.9364	23.4291	23.1725	23.2681	22.8486	23.2856	23.2738	23.5931	23.435	22.8601	23.3134	23.3181
PROT_0346	22.2598	22.4319	22.6912	22.3491	22.447	22.4831	22.8205	22.4091	22.3325	22.7561	22.2381	22.2754	22.7424	22.7801	22.9158	22.3402	22.6132	22.9238	22.1688	22.0572
PROT_0347	21.5008	21.6162	21.6789	21.3381	21.1763	21.5766	21.2749	21.8979	21.465	21.8187	21.5864	21.179	20.9878	21.5694	21.977	21.3129	21.5896	21.3139	21.6253	21.204
PROT_0348	19.3377		18.7476	19.726		19.0857	19.3344	20.2766	19.9801	20.5184	19.8913	18.6714	19.7763	19.4002	19.7878	19.1286	20.0004	19.8805	19.9874	19.4945
PROT_0349	24.4679	24.7645	24.5613	24.2624	24.3407	24.3842	24.1772	24.3431	24.1262	24.1475	23.7811	24.2153		24.3065	24.6483	24.6902	24.462	24.6738	24.4838	24.3848
PROT_0350	19.8334	20.1867	19.8364		20.3306	20.6404	19.6748	20.0608	20.6162	20.6907	20.0055	20.2083	20.153	20.4204	20.0772	19.9446	20.1723	20.177	20.5176	20.2133
PROT_0351	19.6184	19.7743	19.8863		20.3491	19.9263	20.405	20.4568		19.8981	20.4356	20.3386	19.9067		20.1789	20.2242		19.6314		19.9247
PROT_0352		19.3028	19.7108						19.3501	19.2265		19.6954	19.818	19.9734		19.94	18.9608		19.509	19.0129
PROT_0353	22.194	22.2233	22.5449	21.9307	22.3351	21.7736	22.4467	21.6914	22.4632	22.1872	22.7718	22.0243	22.0907	22.1514	21.8618	21.7428	22.0803	21.8342	22.5823	22.1469
PROT_0354	26.2777	26.3141	26.3685	26.4028	26.6956	26.4428	26.6477	26.6283	26.0111		26.4535	26.5216		26.8603	27.1432	26.925	26.2687	26.2114	26.0299	26.2791
PROT_0355	25.1331	24.8236	24.9364	24.9373	25.0522	24.9477	25.194	25.3729	25.1841	24.806	24.8849	24.9871	25.4091	25.4068	25.1826	24.9976	25.6093	25.1783	25.0861	24.9245
PROT_0356	21.6244	21.5764	21.4863	21.6236	21.5358	21.1739	22.0479	21.2003	21.9613	21.6376	21.3685	21.8872	21.6336	21.6735	21.5117	21.9745	21.4989	21.8971	21.1609	21.2728
PROT_0357	21.2656	21.6214	21.2496	21.371	21.6825	21.6124	22.086	21.5666	21.589	21.615	21.3626	21.4717	21.512	21.657	21.2622	21.3505	21.8238	21.585	21.3743	21.1665
PROT_0358	25.5871	25.5445	25.8565	25.6037	25.9905	25.5936	26.0672	25.9818	25.8587	25.7623	26.0614	25.9504	25.7256	25.8571	25.7286	25.5575	25.9717	25.8017	25.8856	25.6182
PROT_0359	19.6606	20.548	20.7558		20.3266	19.5325	20.2683	20.515	20.2858	19.7402	19.9263	20.1755	19.7771	20.6193	19.9388	19.7911	20.0748	19.9421	20.3053	20.0763
PROT_0360	24.65	24.7792	24.7907		25.0286	24.9699	24.8593	24.4351	24.5302	24.2656	24.9006	24.776	24.8548	24.8319	24.9536	24.9278	24.4798	24.6198	24.4969	24.7165
PROT_0361	23.4837	23.3121	23.4741	23.1545	23.9786	23.1394	23.3283	23.6656	23.555	23.3407	23.4249	23.5406	23.1056	23.7209	23.3884	23.2154	22.9851	23.2051	23.7437	23.5128
PROT_0362	22.5721	22.9574	22.847	23.0281	22.6985	22.511	22.7789	23.2071	22.4617	23.0175	22.9097	22.8959	22.3778	22.9014	23.2853	22.7965	22.633	22.8012	22.7112	22.7263
PROT_0363	24.6868	25.0011	24.7725	24.6619	24.6856	24.7142	24.5617	24.7259	24.4868	24.428	24.5549	24.823	24.648	24.5738	24.9516	24.8525	24.7687		24.8681	24.8975
PROT_0364		19.4643	18.8756	19.5792	19.3948	19.0046		19.7052	19.0139	19.697		19.0639	19.6615		20.1961	19.1586	19.2825	19.5035	19.1742	
PROT_0365	21.7382	21.4385	21.5961	21.5197	21.3003	21.1695	21.7046	21.4935	20.978	20.8371	21.2391	21.5724	21.6607	21.2214	21.55	21.4041	21.4772	21.543	21.2459	21.9621
PROT_0366		18.9239				19.0172			17.8037	18.4353			18.3834	18.5999	17.512		18.5251			17.2742
PROT_0367	26.6914	26.5245	26.6404	26.7518	26.6565	26.5786	26.4949	26.6993	26.5892	26.4023	26.4477	26.3084	26.3756	26.6757	26.4838	26.6009	26.2398	26.2631	26.4851	26.3301
PROT_0368	24.0433	23.7254	23.7722	23.6315	23.9032	23.5963	23.9818	23.6962	23.6869	23.6901	23.7654	23.7951	23.5204	23.4006	23.3488	23.5006	23.917	23.5245	23.7555	23.4112
PROT_0369	21.4637	20.3278	21.3713	20.8694	21.9641	21.0673	21.2408	21.422	21.1169	21.622	21.446	21.2749	22.0263	21.1253	21.3397	20.9295	21.7772	20.71	21.2276	21.0545
PROT_0370	27.37	27.018	27.5078	27.3053	27.246	27.2084	27.3075	27.1327	27.3101	27.2232	27.3083	27.2025	26.983	27.4521	26.91	27.384	27.2611	27.1458	27.2071	27.1071
PROT_0371	23.8476	23.4207	24.0174	23.7915	23.4591	23.4191	23.1757	23.5368	23.1737	23.645	23.5968	23.6892	23.4519	23.6028	23.6123	23.3219	23.9823	23.7764	23.6293	23.8251
PROT_0372	25.0992	25.1219	24.8484	24.9351	25.001	24.8394	24.8875	24.6875	24.9152	24.8797	25.0963	24.8605	24.7918	24.9685		25.1925	25.1657	25.1879	25.2594	
PROT_0373	18.2421	18.3163	19.2014	18.3271			18.6479	18.6071		18.5589				19.2062				18.9559		
PROT_0374	21.7558	21.4444	22.0304	21.552	21.8841	21.317	21.7667	21.1854	21.0793	21.9382	21.4471	21.0739	21.8446	21.9762	21.9044	21.4865	21.843		21.6884	21.2574
PROT_0375		21.3419	20.8406	21.0734	20.7714	21.2223	20.7892	20.8846		20.5983	20.5818		20.4125	21.025	20.9581	21.1652	21.145	20.8608	20.8968	20.7585
PROT_0376	26.0027	26.3062	25.9747	26.2257	26.0951	26.2482	26.1248	26.0872	26.264	26.3679	25.8418	26.3	26.2663	26.0341	25.9189	26.3267	26.2697	26.4699	26.2407	26.4199
PROT_0377	25.0168	24.8066	25.0023	24.8342	25.193	24.7614	24.9013	24.8254	25.1404	24.9435	24.9442	24.7742	24.9568	25.0645	25.1637	24.8416	25.323	24.9165	25.2209	24.9796
PROT_0378	24.4067	24.1626	24.3665	23.8026	24.2921	24.1519	24.055	24.1529	23.8189	24.1953	23.8801	24.0391	24.0775	24.2277	24.0408	24.0278	23.9913	23.9636	24.3595	24.0032
PROT_0379	20.8808	20.471	20.335	20.8906	20.4989		20.8205	21.3188	20.5524	21.1692	20.1705	20.848	20.7567	20.8458	20.8389	20.854	21.0059	20.71	20.4133	20.7232
PROT_0380	26.0398	26.3754	26.5314	26.0745	26.4546	25.6435	26.2691	26.2994	26.0575	25.6448	26.352	26.1357	26.2028	26.4972	26.3408	26.2301	26.1429	26.0308	25.9984	26.1628
PROT_0381				19.5969	18.2123	19.1975				19.4424	19.5433		18.8916	19.066	18.9347				18.7819	18.4069
PROT_0382	20.2527	20.68	20.6867	20.4601					20.3357	20.5008	20.9584	20.5267	20.5006		20.7356		20.9411	20.741	20.3332	20.4982
PROT_0383	21.7853	21.8595	21.8155	21.9981	22.0953	22.306	22.1156	22.2434	21.9103	22.1937	22.3062	22.0517	22.3262	22.2995	22.181	21.7755	21.542	21.7967	22.1824	21.7526
PROT_0384	22.2988	22.2516	21.7326	22.21	22.0133	21.9446	22.3856	22.1355	22.0082	22.1822	22.1226	22.0301	22.223	22.7196	21.7943	22.2721	22.3726	21.972	22.1656	22.4698
PROT_0385	25.26	25.3048	25.0509	25.13	25.2498	25.046	25.1504	25.3545	24.6163	24.6158	24.9896	24.6644	24.8286	25.6984	25.1496	25.2013	25.3609	25.1864	25.1648	25.3312
PROT_0386	23.146	22.6122	22.6889	22.7433	22.9008	22.9325	22.9817	22.9602	22.8289	22.6669	22.8297		23.184	22.966	22.8775	22.685	23.1711	23.1821	22.9775	22.5482
PROT_0387	26.3489	26.2139	26.3247	26.5148		26.6031	26.215	26.5542	26.4774	26.6236	26.22	26.5793	26.3713	26.7807	26.5093	26.7354	26.5974	26.6975	26.2927	26.4299
PROT_0388				19.5381	19.2071			19.4329		19.2496	20.0975		18.7709	19.3068			19.3613		20.1107	18.663
PROT_0389	22.4627	22.7638	22.7006	22.7041	22.8547	22.3815	22.2763	22.4844	22.086	22.764	22.5399	22.5389		22.7993	22.3464	22.807	22.3752	22.2486	22.6448	22.1125
PROT_0390	25.7496	25.7818	25.7772	25.9462	26.2837	26.5171	26.5656	26.2717	27.3124	27.4919	27.0662	27.1474	26.5283	26.8616	26.4953	26.6714	25.8925	25.8633	25.9508	25.7719
PROT_0391	20.1731	20.2833	20.1552	20.3658	20.0689		20.4368			20.1919	20.1908	20.6791	20.4475	20.3129		19.9754	20.6702	20.0633	19.51	20.4223
PROT_0392	21.624	21.3509	21.5639	21.8801	21.572	22.1755	21.7867	22.0904	21.4264	22.1205	21.9629	21.9726	21.6685	21.8864	21.8079	22.0032	21.7438	21.6699	21.5156	22.3412
PROT_0393	20.7935	20.5063	20.9106	21.3657	21.3933		20.864	20.7647	21.0659	21.1943	20.9758	21.2346		20.9966	20.8751	20.6949	21.3051	20.7054		20.9128
PROT_0394	25.9124	25.9736	25.8467	25.8775	26.063	25.6174	26.0448	25.663	26.0155	25.9723	26.2483	25.8023	26.2318	26.1458	25.9599	25.6889	26.2306	25.7232	26.0581	26.1565
PROT_0395	24.8184	24.5586	24.9667	24.8059	25.0484	24.7993	25.0312	24.7394	25.0488	24.872	25.0098	24.7816	25.1796	25.1299	24.981	25.2803	24.5735	24.6516	25.136	24.4289
PROT_0396	19.3443			19.4521	19.0883	18.2724		18.6025	19.1888	18.6847	18.7069		18.6894		19.3393			19.042	19.1413	
PROT_0397	20.6618	20.4476			20.9913	20.9333		20.4464	21.3176	21.2204	21.2523		20.2388	21.3531	20.725	21.0448	21.1627	20.4425	21.0207	21.0324
PROT_0398	25.3565	24.9489	25.4472	24.9808	25.6341	25.3064	25.3293	25.1446	25.5685	24.9035	25.0756	25.34	24.9705	24.9396	25.5165	25.0994	25.4114	25.2444	25.3547	25.0869
PROT_0399	24.6792	24.7658	24.4479	24.7556	24.8418	24.6531	24.6965	24.6432	24.6731	24.8726	24.0845	24.9767	24.2477	25.0082	24.7363	24.7965	24.6162	25.0496	24.6189	24.7111
PROT_0400	30.1606	30.0296	30.111	30.3057	30.382	30.0806	30.4514	30.4574	30.2143	30.2152		30.3115	30.4536	30.563	30.4951	30.3562	30.432	30.1957	30.229	
PROT_0401	24.4245	24.5505	24.7788	24.7357	24.7331	24.6011	24.7605	25.0919	24.6254	25.0133	24.7769	24.8043	24.5344	24.9801	24.8039	24.863	24.6181	24.6949	24.773	24.573
PROT_0402	22.229	22.4409	22.0596	22.2432	22.2409	22.7521		22.5903	22.4545	22.5205	22.8488	22.4795	22.4298	23.0085	22.3107	22.3299	22.2679	22.6969	22.5148	22.9887
PROT_0403	24.5227	24.3245	24.6977	24.4258	24.5463	24.241	24.6524	24.1648	24.5417	24.0866	24.286	24.3307	24.263	24.3755	24.8209	24.4079	24.8442	24.3333	24.5464	24.4958
PROT_0404	24.6474	24.9032	24.8056	24.8933	24.6782	24.9685	25.1171	25.1565	24.8672	24.8834	24.9074	24.9164	24.8738	25.1924	25.007	25.0178	24.9067	25.0156	24.9175	24.9122
PROT_0405	21.0038	21.0216	20.9162	20.9743		21.2834	21.1868	20.5916	21.0489	20.9291	20.9914	20.6468		21.4336	21.0438	21.7713	21.1976	20.8255	21.029	21.1564
PROT_0406	21.8493	22.0319	22.6135	22.0182	22.1849	21.819	21.9643	22.119	21.8555	22.2883	21.7413	21.8937	22.3286	21.7826	22.1733	21.8565	21.8224	22.354	22.2257	21.858
PROT_0407	20.5838	20.6334	21.1008	20.9325	21.1499	21.2398	21.5457	21.283	20.874	20.3007	20.9387	21.1392	20.4657	21.0684	21.2472	20.8244	21.0827	20.8051	21.3151	20.7748
PROT_0408	20.9643	20.2905	21.1893	20.7683	20.8443	20.7661			20.6389	21.3252		20.9389	20.5637	20.7308		20.0138	20.7999	20.2477	20.5067	20.5831
PROT_0409	26.068	26.1388	26.2354	26.5758	26.3648	26.1483	26.3816	26.4338	26.4333	25.923	26.1362	26.5456	25.9586	26.5489	26.231	26.1496	25.956	26.1659	26.1113	26.442
PROT_0410		19.5898				19.9806	19.7852	19.5149		19.5753	19.6979	20.1087	19.6161	19.5443	20.3263		19.2402		19.8149	19.3271
PROT_0411	22.0821	22.2239	22.3045	22.6925	22.9463	22.3605	22.5706	22.3479	22.7547	22.6863	22.7089	22.5348	23.0377	22.0425	22.5434	22.4787	22.967	22.5561	22.5655	22.3073
PROT_0412	22.6748	22.6785	22.7459	23.0718	22.8152	22.5389	22.7442	23.0964	22.236	22.6388	23.0418	22.903	22.3522	22.8447	22.487	23.2164	22.7378	22.9809	22.8482	22.9315
PROT_0413	19.1245	19.6431	19.0138	19.0962	19.0382	20.4024	18.8113		19.2723		18.6858		20.1745	20.4633	19.6268	20.1356	19.8526	19.374	19.5973	
PROT_0414	23.5554	23.3243	23.4047	23.0249	23.588	22.9457	23.502	23.3287	23.1083	22.8712	23.1873	23.1565	23.0895	23.3269	23.3291	23.2003	23.3642	23.3427	22.8692	23.4416
PROT_0415	24.1584	23.6498	23.4074	23.523	23.6336	23.428	23.9867	24.3548	23.7288	23.797	23.821	23.6327	23.8823	23.5762	23.594	23.4317	24.147	23.742	23.2545	23.9209
PROT_0416	23.165	23.005	22.9316	23.0261	23.2414	23.5094	23.4207	23.4952	23.127	23.2467	22.9739	23.1463	23.3096	23.2869	23.3176	23.2743	23.0929	22.8192	23.0097	23.2542
PROT_0417	22.4521	22.4267	22.6433	22.5196	22.2971	22.554	22.849	22.1817	22.1079	21.9092	22.0278	22.3048	22.3479	22.3704	22.582	22.4419	22.4719	22.6454	22.0662	22.2635
PROT_0418	26.1363	25.7686	25.9672	25.833	25.9288	25.61	26.0631	25.7638	26.0947	25.6827	26.0362	25.8044	26.0705	26.037	26.0711	25.6419	26.1664	25.8748	25.8365	26.065
PROT_0419	23.6494	23.6074	23.7277	23.5507	24.0127	23.4734	23.7169	23.3109	23.7179	23.6567	23.6691	23.4562	23.7317	23.444	23.5939	23.7941	23.8677	23.6898	23.9936	23.6533
PROT_0420	29.9858	30.1143	29.9851	30.0067	30.0748	30.0979	29.9871	29.8558	29.913	30.0741	30.1753	30.1666	30.001		29.9616	30.1261	30.5031	29.9833	30.1718	30.1937
PROT_0421	27.7965	27.7292	27.6653	27.7147	27.7998	27.8892	28.0995	27.8891	27.968	27.7102	27.6819	27.742	27.5504	27.8562	27.4434	27.704	27.9631	27.6185	28.0378	27.7225
PROT_0422	26.8045	26.534	26.2635	26.4316	26.2809	26.0907	26.5837	26.267	26.4831	26.2604	26.0482	26.5518	26.4631		26.7539	26.3445	26.6781	26.5951	26.604	26.4014
PROT_0423	21.4904	21.6937	21.3684	21.8314	21.936	21.5076	21.7034	21.7424	21.0095	20.9349	21.054	20.7059	20.9784	22.0531	21.3102	21.5692	20.7872	21.3312	21.2436	
PROT_0424	20.7474	20.2877	20.9359	20.2867	20.6312	20.8272	20.9921	19.9839	19.953	20.7687	20.5807	20.6351	20.7875	20.9235	20.2409	20.3871	20.452	20.3788	20.1879	21.0464
PROT_0425	24.5216	24.6319	24.5455	24.7003	24.7431	24.6705	24.6354	24.6552	24.8357	25.1343	24.371	24.859	24.3961	25.3754	24.7235	25.0416	24.6869	25.0137	24.878	24.7297
PROT_0426	26.3491	26.7521	26.5363	26.6183	27.1188	27.1699	27.0056	27.0311	27.1358	27.0994	26.9216	27.3342	26.8533	27.3728	26.9384	27.089	27.4198	27.3172	27.2102	27.2619
PROT_0427	22.7146	23.2841	22.8992	23.3921	23.0596	22.9645	22.8445	23.4975	22.9862	23.0738	23.0712	23.04	23.1772	23.3785	23.2793	23.2979	22.9137	23.1365	23.3016	23.2627
PROT_0428	22.5311	22.5701	22.1799	22.3723		22.4957	22.6527	22.472	22.651	22.5277	22.2611	22.3688	22.1898	22.8014	22.5027	22.5241	22.2597	22.6977	22.6935	22.6967
PROT_0429	22.784	22.296	22.6159	22.8598	22.7964	22.7972	22.516	22.7895	22.3182	22.6706	22.6705	22.2319	22.12	22.272	22.339	22.1267	22.626	22.2199	22.5481	22.6487
PROT_0430	22.31	21.7857	22.5369	22.105	22.7465	22.1902	22.0443	22.189	22.2176	22.4365		22.2592	22.2156	22.5554	22.5074	22.2235	22.5441	22.3608	22.3936	22.2139
PROT_0431	22.4352	22.0865	22.8458	22.702	22.4733	22.4168	22.5075	23.0019	22.5989	22.4971	22.4731	22.6253	22.5653	22.8806	22.2121	22.9592	22.587	22.8094	22.8092	22.5352
PROT_0432	20.3336	19.8734	20.0096	20.5426		20.4266	20.2483	20.4121	20.6774	20.3134	20.216		20.4971	20.7593	20.1405	19.9582	20.7556			20.6023
PROT_0433	22.3417	22.5542	22.3814	23.3246	22.5947	22.5537	22.9748	22.4683	22.7136	22.3748	22.8472	22.548	22.687	22.7771	22.8519	22.6498	22.6652	22.8331	23.0646	22.8597
PROT_0434	21.7865	21.6305	21.9601	21.7695		21.9104	22.1123	22.0316	21.3617	21.9387	22.299	22.0679	21.5025	22.1266	22.425	21.7461	22.0329	21.9936	21.665	22.0009
PROT_0435	21.9013	21.5496	21.9418	21.8232	21.4331	20.8515	21.705	21.5978	21.9284	21.9139	21.561	22.2264	21.9118	21.8831	21.0631	21.7343	21.9978	21.7932	21.3233	21.6645
PROT_0436	21.8889	21.7983	21.1707	21.5741	21.1524	20.8188	21.5304	21.5553	21.2097	21.4503	21.1428	21.4017	21.2704	21.8101	21.6787	21.3841	21.4347	21.5627		21.2581
PROT_0437	26.1314	26.3939	26.1839	26.099	26.5327	26.2525	26.3411	26.5391	26.2129	26.3243	26.25	26.68	25.9624	26.2753	26.1233	26.0827	26.4751	26.3895	26.4167	26.6248
PROT_0438	25.883	26.1824	26.0323		25.7157	25.9811	26.1867	26.3454	25.8743	26.2442	25.5556	25.9794	25.9316	26.3496	25.8565	26.3898	25.995	26.2436	25.9284	26.3086
PROT_0439	20.1583	20.3721		20.2489	19.9525	19.9005	20.0419	20.7631	20.3055	20.4188	20.1671	20.5675	20.5777	21.1914		20.2226	20.2856	20.4813	20.1413	19.7993
PROT_0440	21.9149	22.173	21.803	21.9546	22.324	22.0248	22.2833	22.4919	22.0562	22.0256	22.3409	22.2452	22.4013	22.5405	21.7891	22.4613	22.1411	22.2365	22.1086	21.8909
PROT_0441	22.9112	22.9137	22.7231	23.4503	22.9347	23.3327	22.8167	22.8289	23.1364	22.7307	22.9056	23.1567	22.7857	22.8054	23.1069	23.2544	22.6495	22.8356	23.2065	22.7031
PROT_0442	25.421	25.4026	25.4189	25.8318	25.6653	25.4866	25.6702	25.5393	25.6982	25.6483	25.5543	26.0615	25.6068	26.0845	25.7294	26.0154	25.454	25.9616	25.5234	25.6463
PROT_0443	23.1871	23.112	23.3471	22.9044	23.0044	23.1768	23.6649	23.1478	23.3369	23.1446	23.2464	23.5211	23.5961	23.198	23.3053	23.0735	23.3476	23.325	23.2411	23.1929
PROT_0444	25.1699	25.0792	25.2567	25.2449	25.5085	25.1405	25.3718	25.059	25.4835	25.3342	25.3422	25.0378	25.1412	25.4429	25.4883	25.4166	25.4561	24.952	25.1045	25.0669
PROT_0445	26.1902	26.3943	26.3432	26.3516	26.2702	25.8799	26.2344	26.1033	25.8271	26.0955	26.0969	26.2301	26.3655	26.281	26.4204	26.2527	26.3503	26.2541	26.3402	26.2044
PROT_0446	22.2638	21.3116	22.4792	22.2279	21.9995	21.961	22.0403	21.9737	22.2431	21.8997	22.4233	21.8396	22.1887	21.9842	22.337	22.0917	22.3857	21.8153	22.4556	21.9554
PROT_0447	21.2504	20.9908	21.0067	20.706		21.367	21.842	21.7829	20.8739	20.998	21.0161	21.5537	21.2655		21.2694		21.4609	20.7981	20.977	20.8633
PROT_0448	23.771	23.8306	23.7242	23.8914	23.9536	23.552	23.7802	23.8445	23.8775	23.7649	23.6529	23.8843	23.7849	23.7669	23.9438	23.9964	23.8611	23.6375	23.6031	23.7721
PROT_0449	22.1152	21.7267	22.052	22.0771	22.1337	22.8436	22.0983	22.4204	22.2061	22.5687	22.0998	22.3706	21.975	21.9908	22.1003	22.1487	21.9882	22.3396	22.0485	22.2948
PROT_0450	22.8435	22.5707	22.7715	22.4388	22.7539	22.6477	22.9944	22.5179	23.3966	22.5433	22.702	22.54	22.9689		23.0247	22.604	23.1246	22.4723	22.9378	22.2993
PROT_0451	26.8757	26.1288	26.637	26.4139	27.0274	26.165	26.7982	26.3137	26.6777	26.3289	26.5722	26.5912	26.4074	26.4963	26.6676	26.1214	26.7424	26.2828	26.7626	26.528
PROT_0452	21.6416	21.7777	21.3806	22.3172	21.3294	21.3745	21.9519	21.4559	21.2848	21.4122	21.9042	21.894	21.7663	21.5825	21.993	21.7516	21.7245	21.6461	21.6779	22.0137
PROT_0453	24.5597	24.7984	24.7978	25.1597	25.0098	25.1042	24.8522	25.1042	24.6672	24.8126	24.8542	24.7214	24.767	25.1871	25.159	25.2902	25.0796	24.9032	24.8176	25.0019
PROT_0454	23.346	23.7211	23.5143	23.1891	23.6165	23.6888	23.2448	23.6087	23.3971	23.3247	23.4402	23.3501	23.3882	23.7073	23.1817	23.5667	23.5326	23.74	23.5748	23.7083
PROT_0455	24.8614	24.5201	24.6167	24.918	25.0551	24.7827	24.6925	25.121	24.6022	24.7325	24.7613	24.8791	24.8335	25.0438	24.8461	25.1947	24.825	24.857	24.8572	24.9001
PROT_0456		20.3984	20.4114	19.9834	20.1447	20.3045	19.7828	19.8558			19.8275	19.7482	20.5138	20.574	20.3608	20.387	20.7787	20.3292	19.8679	20.4636
PROT_0457	23.0419	22.739	22.9737	22.548	23.6005	23.2344	23.0676	23.6218	23.4255	22.8429	23.7393	23.136	22.8049	23.057	23.1699	22.8787	23.3195	23.2126		23.1117
PROT_0458	18.2223												17.8794	18.1873				18.7529	17.788	
PROT_0459	23.8912	23.9349	24.0409	24.0132	24.1481	24.2599	24.083	24.0343	23.7878	23.796	23.7387	24.0855	23.8875	24.1634	23.7937	24.1215	23.9238	23.8454	23.9388	24.0525
PROT_0460	23.0413	22.8881	23.2595	23.3017	22.9048	23.2868	23.3421	23.1308	22.6747	22.7852	22.9887	23.1787	23.3538	23.3747	23.3134	22.937	22.8603	23.1395	22.9015	23.2726
PROT_0461	21.0754	21.932	21.2063	21.7589	21.7717	21.9864	21.8238	21.6534	21.9699	21.7903	22.0128	22.1883	21.0905	22.1988	22.3559	21.8165	21.9836	22.0262	21.8299	22.1008
PROT_0462	26.4495	26.3907	26.5711	26.4999	27.393	26.8764		27.1035	26.7341	26.7831	26.5504	26.6765	27.0338	26.7829	26.8935	26.7459	26.8583	26.8175	26.8069	26.7192
PROT_0463	23.6602	22.7987	23.7534	23.6287	23.7064	23.3007	23.8191	23.1675	23.5554	22.8739	23.6576	22.9435	23.7832	23.4289	23.8819	23.1532	23.5011	23.2296	23.5338	23.4813
PROT_0464	25.7053	25.6859	25.5101	25.8642	25.6952	25.8293	25.6706	25.6677	25.6743	25.6381	25.7532	25.9031	25.6158	25.7991	25.8603	25.6091	25.9915		25.6633	25.8079
PROT_0465	23.8008	23.7816	23.9794	24.1047	24.4599	24.1728	24.544	24.2697	24.2732	23.7178	24.1352	24.1046	24.2016	24.0788	24.2657	24.0788	24.1411	24.183	23.9782	24.198
PROT_0466	21.7836	21.4765	21.6148	21.6067	21.9544	21.9286	21.8523	22.3056	21.6907	21.6035	21.8822	22.61	21.7438	22.3512	21.8407	21.6794			21.6701	22.1792
PROT_0467	23.9852	23.9343	23.6242	24.4966	24.0104	23.7014	23.9423	23.7914	23.9112	23.5786	23.9104	23.7037	23.597	24.2684	23.9612	23.3126	24.039	24.0672	23.8165	23.6626
PROT_0468	22.4598	22.3641	22.1522	22.761	21.6678	22.5216	22.6269	22.363	22.6585	22.5144	21.8432	22.5194	21.9753	22.6451	22.1878	22.8406	22.555	22.3265	22.8902	22.4188
PROT_0469	19.1805		19.108	18.7347	18.3897		18.5634	17.6794		18.4999						18.2363	17.6307		18.493	
PROT_0470	25.3322	25.3345	25.4223	24.9748	25.7178	25.0995	25.3848	25.2431	25.2596		25.1027	25.1212	25.5445	25.247	25.2657	25.3551	25.0519	25.2505	25.4281	25.0746
PROT_0471	26.5538	27.0723	26.7445	27.3647	26.6606	26.9908	26.7147	26.8489	27.0106	27.2169	27.0922	27.1634	26.878	27.165	26.6233	26.9754	26.5512	27.1172	26.6409	27.1713
PROT_0472	27.4634	27.4504	27.5908	27.4104	27.4914	27.441	27.7053	27.5661	27.4233	27.513	27.4797	27.5507	27.5848	27.145	27.5111	27.5677	27.8654	27.6635	27.4644	27.6014
PROT_0473	21.7964	21.8398	21.5725	21.9753	22.0667	21.8992	21.629	21.811	22.1955	21.6414	21.236	22.1431	21.7668	22.1586	21.3582	21.9923	21.9886	22.3086	22.2435	21.84
PROT_0474	25.853	25.3523	25.6717	25.5606	25.8361	25.5811	25.9268	25.5426	25.7146	25.7921	25.9388	25.6123	25.7348	25.7098	25.6313	25.9057	25.8383	25.8651	25.4197	25.8163
PROT_0475	19.3992	18.7588	19.2743	19.2178	18.8524	18.6639	19.7402		19.496	19.1272	19.9328	19.0385		19.3592	19.6073		19.9554		18.7743	
PROT_0476	26.1573	25.8402	26.0672	25.9008	26.1953	25.8315	26.0324	25.6704	25.7893	25.9181	25.893	26.184	25.9407	25.8733	26.0825	25.9095	26.0085	25.5533	26.0808	25.8401
PROT_0477	23.4945	23.5731	23.0191	23.4472	23.574	23.4175	22.9884	23.0599	23.2341	23.2002	23.4405	23.2587	23.0277	23.219	23.4578	23.4476	23.1844	23.2697	23.3115	23.2607
PROT_0478	26.4402	26.5705	26.5951	26.7541	26.5515	26.4412	26.5803	26.3579	26.3833	26.629	26.5376	26.4827	26.2369	26.6153	26.5132	26.4547	26.3926	26.5462	26.53	26.4635
PROT_0479	24.6268	24.4253	24.7796	24.7601	25.3327	24.5823	24.7686	24.7613	24.6873	24.6238	24.7533	24.6989	25.2018	24.8157	25.0024	25.1113	24.9371	24.7033	24.91	24.8937
PROT_0480	21.2015	20.8531	21.3713	20.5801	21.7885	20.5509	21.29	20.9998	21.2647	20.8809	20.6016	20.6055	20.9677	21.6226	20.8618	20.9369	20.7905	20.2879	20.7945	20.1343
PROT_0481	22.4962	22.2608	22.3735	21.9224	22.2018	21.7976	22.5981	22.2517	21.9798	22.2176	22.4096	22.0394	22.2033	22.5394		22.52	22.2509	22.3797	22.2134	22.3419
PROT_0482	22.1409	21.5946	22.1067	21.6926	22.6791	21.6134	22.7546	22.0868	22.051	22.3918	21.7241	21.7708	22.0845	22.2267	21.9392	22.0364	21.7875	21.5817	22.2576	21.6497
PROT_0483	24.8637	24.5133	24.4293	24.3956	24.3764	24.6081	24.6621	24.947	24.5203	24.4417	24.5894	24.6548	24.2774	24.6801	24.3813	24.4896	24.9318	24.3943	24.7174	24.2717
PROT_0484	26.1849	25.5482	25.772	25.9831	26.568	26.0209	26.1236	25.9932	26.1176	26.1407	26.2526	26.4978	25.9384	26.0121	26.005	25.7872	26.3578	25.9384	26.0165	26.062
PROT_0485	19.9062	19.7864			18.7269	18.4909	18.713	19.1188	19.0033	18.8179	18.2414	19.3064	18.7845	19.2499	18.1886		18.0807	19.0701	18.5722	18.3041
PROT_0486	21.1302	21.1777	20.6717	21.5774	21.4637	21.6108	20.6752	21.8968	21.2084	21.569	20.8673	21.2964	20.7718	21.6731	21.2648	21.4786		22.18	21.2991	21.3656
PROT_0487	24.1978	23.8751	24.5509	24.0546	24.3629	24.0098	24.4483	24.166	24.2196	23.8528	24.2111	24.3555	24.1847	24.1225	23.8388	24.4394	24.4993	23.9859	24.0815	23.8664
PROT_0488	21.4393	21.9167	21.544	21.3672	21.68	21.818	21.2917	21.5252	21.697	21.5092	21.9575	21.6874	21.1233		21.0915	21.3919	21.3755	21.8728	21.3149	21.4931
PROT_0489	22.9719	22.5302	22.2599	22.5885	22.7626	22.2653	22.3507	22.242	22.8532	22.1639	22.3468	22.686	22.5557	22.5699	22.4283	22.663	22.6004	22.8574	22.6839	22.3491
PROT_0490	22.6303	22.3286	23.0452	22.9589	22.6553	22.6028	22.6223	22.8939	22.9956	22.6086	22.8894	22.44	22.8739	22.9243	22.8844	22.8583	22.8765	22.66	22.8622	22.6403
PROT_0491	23.3116	23.7098	23.4297	23.5452	23.2416	23.3114	23.2968	23.4631	23.1885	23.2738	22.9635	23.1799	22.9302	23.1475	22.6502	22.9395	23.2866	23.4782	23.4591	23.2354
PROT_0492	24.1855	23.9629	24.1857	24.3879	24.208	24.2261	24.499	24.245	24.2213	24.4443	24.175	24.3719	24.6258	24.4903	24.1257	24.5144	24.3957	24.0917	24.0475	24.3806
PROT_0493	22.94	22.8697	22.9277	22.7232	22.8033	22.6586	23.0819	23.1576	22.7176	22.3971	23.0106	22.9176	22.9339	23.4303	22.7103	22.5972	22.3589	22.8167	22.9879	23.0467
PROT_0494	23.7705	23.9066	23.9386	24.1028	24.1739	23.8868	24.213	23.9503	24.1697	24.2115	24.1955	24.1052	23.6134	24.3394	24.1175	24.4536	24.0892	24.2899	24.2407	23.9831
PROT_0495	20.1019	19.2853	19.9541	19.9066	19.9107	19.0188	20.5604	20.0948		19.8934		19.8328	20.0463	20.349	20.2878	19.6999		20.5961	19.7521	20.2364
PROT_0496	22.3939	22.0491	22.1331	21.9726		22.0141	22.0145	22.1932	20.9708	21.339	21.9875	21.943	21.9423	22.2641	22.0824	21.6088	21.8635	22.1184	21.6474	22.043
PROT_0497	21.151	21.4783	20.8821	21.6085	21.4763	21.4889	21.3643	21.305	21.5122	21.6438	21.4563	21.5607	21.7804	21.8439	21.2795	21.4497	21.5664	21.7775	21.5178	21.367
PROT_0498	25.189	25.4183	25.3854	25.3061	25.1107	25.343	25.0676	25.0019	25.079		25.3976	25.5544	25.2424	25.2554	25.1706	25.3221	25.3067	25.4355	25.5203	25.098
PROT_0499	22.0336	21.9666	22.1662	22.4988	22.124	22.662	21.7785	21.9813	22.0564	22.2448	22.2247	22.2567	22.3898	22.721	22.3567	21.7895	22.2725	22.1482	22.0527	22.3215
PROT_0500	24.5539	24.153	24.5713	24.386	24.5246	24.3184	24.25	24.1526	24.2368	24.2307	24.1917	24.5604	24.5656	24.3466	24.5858	23.9764	24.8331	24.2318	24.4793	24.316
PROT_0501			17.282									18.4857		18.406						
PROT_0502	19.8962		19.1658	19.0564	19.2256	19.3214	19.6817		19.6631	19.5427	19.0309	19.8254			18.6353	19.5833	19.4241	20.0522	19.0896	18.9618
PROT_0503	18.735		19.5141	18.6876	18.4945	19.389	18.4124	19.8763	19.1422	19.272	19.3473			19.5233		18.7471		19.9708	19.12	18.7981
PROT_0504	24.5596	24.4552	24.5321	24.4922	24.4898	24.2192	25.0848	24.4163	24.5434	24.0663	24.4572	24.023	24.5015	24.5177	24.4103	24.6368	24.3745	24.2446	24.4434	24.352
PROT_0505	21.1069	20.7204	21.1407	20.5798	20.9172	21.4231	21.263	21.1706	21.3923	20.6929	21.1427	21.2183	21.0226	21.0563	21.236	21.2814	20.8909	20.9099	21.2297	20.8207
PROT_0506	24.2859	24.1516	24.0019	24.4913	24.5352	23.8738	24.3439	23.9896	24.1296	24.0786	24.0247	23.9027	24.0059	24.2323	24.2191	23.5755	24.0359	24.2518	23.996	23.9863
PROT_0507	20.3053		20.7547	20.2106	20.6979	20.1285	20.8084	20.7968	20.7908	20.8662	21.2218	20.7245	20.4709	20.886	20.632	20.9961	20.5438	20.5922		20.9292
PROT_0508	23.7566	23.5552		23.6274	23.3282	23.2394	23.4863	23.3368	23.5086	23.3197	23.1993	23.2049	23.49	23.3802	23.4952	23.4811	23.7067	23.1273	23.4915	23.4827
PROT_0509	21.9131		21.5506	21.9698		21.5213	21.6587	22.1538	21.7407	22.0391	21.8776	21.5684	21.9596	21.5598	21.6934	21.9662	22.2062	22.0934	22.2579	22.1706
PROT_0510	18.7181	20.8009	19.2883		18.8469			19.1986		19.4619	19.378	18.9945	19.3741	19.1	19.2878		19.0067			19.3181
PROT_0511	25.0326	24.6556	24.7734	25.0521		24.3611	24.7706	24.4701	24.9298	24.886	24.5498	24.8108	24.6304	25.0335	25.0673	24.85	24.8043	25.0417	25.0107	25.0743
PROT_0512	24.107	23.669	24.0927	23.6782	23.9511	23.2012	24.1006	23.5156	23.9967	24.0417	24.017	23.9898	24.1984	23.8577	23.827	23.6887	24.4164	23.7379	23.7588	
PROT_0513	23.9535	24.1492	23.756	23.8516	24.0728	23.9273	23.7757	23.6843	23.6606	24.0066	24.1555	24.1793	23.4738	23.8247	23.7453	23.7153	23.6085	23.8286		23.8233
PROT_0514	24.2304	23.9044	24.1542	23.8403	24.1645	23.8147	24.1147	24.3463	24.2423	24.0022	23.7191	24.4005	24.5894	23.9914	24.1399	24.4425	23.4028	24.117	24.0439	23.9718
PROT_0515	21.8824	21.4721	21.8216	21.567	22.1578	22.0037	21.6803	21.7532	21.5032	21.8867	22.0681	21.5173	21.3243	21.8307	21.6791	21.5766	21.5811	21.3532	21.9289	21.7804
PROT_0516	23.0234	23.1558	22.817	22.8955	23.2499	23.2751	23.3151	23.3124	23.1497	23.097	23.0929	23.3768	22.9461	23.4849	23.3097	23.362	23.5026	23.3317	23.1816	22.8809
PROT_0517	21.1674	21.2024	21.2843	20.8615	21.2648	21.2357	21.2172	20.8883	21.2267	21.1309	21.0764	20.8958	20.9465	21.5927	21.3455	20.9687	20.8938	21.0313	21.2891	21.0854
PROT_0518	24.3022		24.4751	24.3364	24.1103	23.9593	24.4147	24.1497	24.166	24.2142	24.3224	24.4425	24.419	24.3454	24.5632	24.1011	24.4621	24.2747	24.2402	24.3738
PROT_0519	18.9398	19.3429		19.5988	19.4966	19.2496	19.2715	19.1577		19.5841	19.284	19.6046	19.4096	19.9353	19.5769	19.4939	18.6753	19.3245	18.1831	19.2873
PROT_0520	27.5916	27.7357	27.6498	28.0104	27.5862	27.86	27.5554	27.7737	27.6938	27.843	27.4086	27.9269	27.6378	27.9113	27.7891	27.9108	27.4298	27.7004	27.5331	27.6009
PROT_0521	24.4387	23.9796	24.7001	24.2601	24.3133		24.5609	24.1793	24.2559	24.0956	24.3727	24.324	24.36	24.2308	24.5728	24.3027	24.525	23.8932	23.7759	23.8722
PROT_0522	24.1488	23.7449	24.078	23.9592	23.9403	23.6855	24.4004	24.0361	23.6199	23.6112	23.7427	24.022	23.8175	23.8911	23.9331	23.8896	23.9732		24.0834	23.5411
PROT_0523	20.5074	20.3438	20.391	20.5711	20.5979	20.5103	20.4943	20.396	21.0596	21.399	20.2773	20.8323	20.6147	20.6766	20.3231	20.6968	20.1926	20.1062		20.3485
PROT_0524	27.5734	27.1365	27.3476	27.1438	27.6817	27.2919	27.5721	27.2426	27.6967	27.2782	27.5081	27.2431	27.5358	27.525	27.535	27.165	27.5321	27.2733	27.6469	27.2382
PROT_0525	24.4619	24.5012	24.6272	24.3161	24.6232	24.585	24.5589	24.2644	24.713	24.6532	24.9812	24.1836	24.6905	24.879	24.7069	24.5247	24.4814	24.6493	24.7307	24.1059
PROT_0526		25.1909	24.9579	25.3695	24.9761	25.4402	25.3309		25.5481	25.8498	25.6889	25.7877	25.0693	25.6119	25.257	25.6447	25.4314	25.632	25.1667	25.7685
PROT_0527	24.3569	24.551	24.1797	24.8143	24.5025	24.6638	24.2417	24.7892	25.2571	25.7255	25.6443	25.4737	24.5639	24.8534	24.6567	24.7139	24.3534	24.5877	24.5711	24.7503
PROT_0528	25.2189	24.4869	24.9074	25.1946	24.9639	24.7479	24.8745	24.8277		24.8576	24.7508	24.6277	24.9421	25.2116	24.8853	24.837	25.0545	24.9874	24.9578	24.9565
PROT_0529	26.254	26.5636	26.4711	26.4516	26.4178	26.5067	26.7102	26.6962	26.5044	26.3879	26.4185	26.26	26.5351	26.552	26.4393	26.4247	26.4114	26.5431	26.0078	26.6172
PROT_0530	23.1607	22.9476	22.7006	22.7557	23.2443	22.7117	23.2082	22.8148	23.5758	22.8033	23.2988	22.6279	22.9921	22.8388	23.3067	22.4056	23.0458	22.6335	23.3353	22.5125
PROT_0531	24.1312	24.6349	24.3276	24.0072	23.7968	24.0782	23.8744	24.1177	23.9717	23.5802	23.9826	23.8571	24.0156	23.7757	23.7372	23.8655	24.1424	24.1316	24.2388	
PROT_0532	23.1113	22.5864	22.7451	22.8983	22.7054	22.9865	22.9291	22.7392	22.9594	22.7685	22.814	22.8931	22.7859	22.7931	22.9648	22.72	23.4077	22.5206	22.9546	22.9582
PROT_0533	23.4147	22.9032	22.9003	23.5708	23.4303	23.3232	23.1577	23.2256	23.1516	23.3966	22.9343	23.1065	23.2852	23.5824	23.2899	22.8443	23.4206	23.4157	23.4618	22.9854
PROT_0534	25.6164	25.1176	25.5397	25.5703	25.651	25.051	25.7208	25.6309	25.8241	25.2491	25.7318	25.2435	25.7747	25.1004	25.6474	25.6149	25.9235	25.2608	25.7759	25.441
PROT_0535	26.7127	26.6373	27.0901	26.8127	26.8093	26.9991	26.9514	26.9081	26.6696		26.8181	26.6931	26.7203	26.8564	27.1178	26.878	26.6902	26.7173	26.7755	26.8853
PROT_0536	25.2451	24.7625	25.2115	24.7843	25.5066	25.1033	25.3791	25.5347	25.2895	25.1026	25.6653	25.2117	25.3128	25.3785	25.4864	25.1423	25.3066	24.713	25.0151	25.1927
PROT_0537	26.6452	26.7006	26.6601	26.6719	26.5767	26.7605	26.5609	26.6	26.6036	26.611	26.669	26.4818	26.5069	26.6556	26.7091	26.6518	26.8021	26.5756	26.6766	26.7088
PROT_0538	23.9369	24.1312	24.0296	24.3403	24.0839	24.0879	23.7516	24.293	24.4213	24.576	23.9293	24.3181	24.1998	24.6655	24.3507	24.5328	24.6009	24.2498	24.2965	24.1558
PROT_0539	21.1042	20.7215	20.4467	20.7517	20.4864		20.3978	20.4682	20.1819	20.0507		20.1211	20.6397	20.3494	21.1077	20.7817	20.203		20.5583	20.3489
PROT_0540																		17.7804		
PROT_0541	22.4134	21.5934	21.9973	21.7641	21.9355	21.8113	21.7823	21.9206	22.2146	21.8952	22.1851	21.3776	22.1345	21.7664	22.1545	21.8665	22.3025	21.9594	21.7885	22.2968
PROT_0542	20.3863	20.2086	20.8066		20.5495	20.6411	20.5465	20.1986	20.7536	20.0714				20.3451		20.6461	20.3738		20.6927	
PROT_0543			18.8817	17.0846		17.9223					18.1175		18.6798				17.986		18.8946	
PROT_0544	25.4539	25.3827	25.6099	25.234	25.4777	25.2149	25.5903	25.6774	25.7992	25.4604	25.6746	25.5804	25.4708	25.3566	25.4353	25.3449	25.2163	25.1588	25.339	24.9022
PROT_0545	24.3321	24.2398		24.0624	24.5713	23.8903	24.3129	24.4198	24.5495	24.4023	24.2993	24.3394	24.3086	24.4795	24.5271		24.6972	24.4665	24.3562	24.5837
PROT_0546	21.7618	21.595	21.9954	21.1405	22.0735	22.0222	21.9197	21.8343	22.0465	21.611	21.9487	21.3648	21.5352	21.7087	21.5605	21.3403	21.7489	21.2271	22.1777	22.1523
PROT_0547					16.9132		15.9676									16.1355				
PROT_0548	21.4537	20.8423	20.5718	21.4248	21.0248	20.3419	20.8208	21.1212	21.1374	20.3034		20.8104	20.9316	20.6548	21.2329	21.1012	20.6186	21.2804	21.1172	
PROT_0549		18.1491		18.6104		18.9096	19.3621	18.1545	18.9775	18.2346							18.2575		18.464	19.0528
PROT_0550	25.7695	25.5136	25.5568	25.6336	25.7919	25.2215	25.779	25.494	25.8335	25.4239	26.0247	25.8583	25.899	25.7851	25.5446	25.7746	25.8086	25.663	25.5749	25.6074
PROT_0551	22.3341	22.2873	21.858	22.3655	22.4777	22.709	22.6533	22.3629	22.2904	21.9774	22.2459	22.5847	22.5709	23.0912	22.1667	22.0837	22.2311	22.3542	22.2339	22.2749
PROT_0552	26.1335		25.8857	25.9687	25.981	25.738	25.9323	26.1797	26.1447	25.9429	25.9804	26.0642	25.9431	26.4032	25.8788	25.949	26.2265	25.8014	26.321	26.0965
PROT_0553		17.1128										16.5871								
PROT_0554			18.748			18.5727					19.4265	18.9846		18.3915	18.6299	19.4515	18.0199			19.527
PROT_0555	24.3095	24.7784	24.5037	24.6075	24.4895	24.6249	24.2224	24.4075		24.6736	24.5619	24.384	24.3493	24.7136	24.6711	24.8395	24.5935	24.7602	24.3397	24.4761
PROT_0556	24.7017	24.3224	24.3427	24.7641	24.7694	24.6024	24.7567	24.5968	24.3666	24.2561	24.5507		24.1092	24.2599	24.6433	24.5242	24.7814	24.6008	24.741	24.4667
PROT_0557	20.5762		21.0092	20.6527	21.1186	21.0809	20.8434	20.5936	20.4423	20.9877	20.6669	21.1141	21.0481		20.5888	21.113	20.6449	20.7001	20.8785	20.6363
PROT_0558	20.6099	20.4012	20.4431	20.0654	20.3343	20.8516	20.4327	20.2339	19.8089		20.7098	20.1266	20.4519	19.8105	20.2854	20.3133	20.9169	20.3125	20.268	20.0901
PROT_0559	23.7857	24.0531	24.0113	23.8091	24.0706	23.7755	24.4056	23.8807	23.6839	23.7438	24.054	23.7767	24.0514	24.0676	23.9235	23.5967	23.6428	23.8781	24.0874	23.9292
PROT_0560	22.362	22.4887	22.3634	22.4994	22.4655	22.5016	22.7832	22.3438	22.0992	22.2135	21.2612	22.3714	22.3456	22.2312	22.7435	22.6101	22.6017	22.0052	22.3032	22.7305
PROT_0561	21.1747	21.3954	21.3142	21.138	21.3264	20.7797	21.6317	21.0316	21.8087	20.9337	21.1196	20.9735	21.4908	21.7131	22.1504	21.263	21.3977	21.597	21.1959	21.1188
PROT_0562	20.3317		20.6062	20.0007	20.6642	20.8666	21.417	21.1715	20.7609	20.8986	20.2236	20.8758	20.7187	20.5571	20.5712	21.2273		21.083	20.839	20.7359
PROT_0563	24.2492	24.54	24.5746	24.4231	24.209	24.3171	24.4595	24.4861	24.3498	24.427	24.6249	24.8349	24.7554	24.3851	24.3468	24.4475	24.3943	24.7061	24.3564	24.9019
PROT_0564	24.8873	25.2344	25.0607	25.4794	24.9692	25.0895	25.1236	25.3394	25.0704	24.9673	24.9825	24.9215	25.0447	25.3905	24.9465	25.1774	24.9857	25.5841	25.3753	25.1608
PROT_0565	25.6353	25.7524	25.9608	25.7236	26.1662	25.853	26.0228	25.8285	25.7103	25.9467	25.692	25.9299	25.6743	26.195	26.0678	25.9793	25.9375	25.7717	25.9675	25.7782
PROT_0566	25.6237	25.4209	25.5255	25.804	25.6134		25.9232	25.7537	25.4086	25.854	25.4018	25.466	25.5954	25.7015	25.9287	25.8139	25.7884	25.6811	25.4357	25.4964
PROT_0567	20.1294	20.6534		19.8229	20.2689		19.892	20.0378	20.0385	20.4778	20.7837	20.6534	19.8441	20.2477	20.3791	20.338	20.3373	20.8902	20.8633	20.7422
PROT_0568	21.511	21.8701	21.6641	22.1316	21.6307	22.4859	21.8711	21.9715	22.308	22.0668	21.4622	22.3292	21.4222	21.4941	21.5656	21.8041	21.4823	21.9772	22.0914	22.3176
PROT_0569	26.5277	25.8909	26.1337	26.185	26.4062	26.3126	26.2431	26.2327	26.3141	26.0138	26.3254	26.19	26.1564	26.5923	26.3109	26.703	26.1946	26.0977	25.981	26.2045
PROT_0570		20.3764	20.2349	19.9402	20.2407	19.7438	19.8546	19.973	20.4327	20.4554	20.3129	19.6748	19.7841		20.5744	20.1349	20.3934	20.485	20.2318	20.4396
PROT_0571	23.876	23.6348	23.647	23.3629	23.9498	23.9529	23.8655	23.8348	23.6764	23.643	23.8622	23.6902	23.4901	23.6853	23.6021	23.405	23.5393	23.7751	23.8386	23.5499
PROT_0572	24.0877	24.005	23.7574	24.2051	24.0726	23.8486	23.8263	23.6915	23.7057	24.1732	23.6887	23.7308	22.5127	23.2093	22.8652	22.9078	22.9675	23.0406	23.3393	22.865
PROT_0573	21.242	20.8619	21.0197	21.1693	21.477	21.2438	21.0813	21.2437	20.8057	20.9305	21.1241	21.3246	20.3756	20.6903	20.3986		20.3214	20.5506	20.7451	20.7624
PROT_0574		23.2124	23.1997	23.3641	23.1346	23.025	23.393	23.6409	22.5488	23.4304	22.6478	23.4003	23.2661	23.1766	23.3401	23.1829	23.2259	23.414	23.1535	23.3198
PROT_0575	25.4818	25.0546	25.076	25.3381	25.6941	25.4716	25.5316	25.6026	25.5229	25.8299	25.5425	25.5318	25.1657	25.4254	25.4078	25.4314	25.2452	25.5191	25.2367	25.3431
PROT_0576	27.2467	27.5085	27.603	27.6516	27.6517	27.8122	27.736	27.4087	27.4268	27.9296	27.498	27.6882	27.2311	27.725	27.1938	27.6584	27.5846	27.727	27.683	27.7372
PROT_0577	22.0538	21.9076	22.0906	21.938	21.7216	21.7199	21.9467	22.1359	22.2303	21.6098	21.5725	21.6567	21.4644	22.0509	22.1911	22.1974	21.68	22.2675	22.1373	21.8232
PROT_0578	22.1415	22.0963	22.2894	22.1545	22.206	22.0926	22.1551	22.1572	21.6626	21.587	21.2765	21.7724	21.8669	21.9005	21.2527	21.682	21.9784	21.9246	21.7534	22.2097
PROT_0579	23.6725	23.8928	23.7023	23.9341	23.911	23.8445	23.6936	23.9379	23.5424	23.5337	23.6541	23.6274	23.625	23.8612	23.7574	23.4888	23.6083	23.4594	23.6637	23.5539
PROT_0580			18.6374	18.5691	19.2375	18.8182					19.6042	18.8086	19.7343	19.3784	19.8831		18.9078	19.5832	19.4088	19.5308
PROT_0581	23.3069	22.4512	22.8741	22.9807	23.4082	23.0833	23.4395	23.5183	23.0124	22.6923	22.6958	22.9289	24.4173	24.0627	24.1379	24.2043	24.5832	24.5091	24.1291	24.1289
PROT_0582		19.1563		19.2244	18.7088		19.5244	18.8563			18.4484	18.579						19.0682		18.2899
PROT_0583	24.6319	24.5978	24.6155	24.6587	24.427	24.8641	24.8267		24.3597	24.3523	24.2063	24.4499	24.9455	24.8608	24.6449	24.8236	24.3169	24.6574	24.6888	24.4183
PROT_0584	22.0952	22.1461	22.0291	22.0676	22.3189	22.4609	22.1959	22.0426		22.0193	21.9903	22.1937	22.2679	22.1324	22.0395	22.4678	22.1031	22.1433	22.1003	22.1392
PROT_0585	25.8288	25.9436	25.7348	25.7127	25.9398	25.8138	25.831	25.7069	26.1261	25.6901	25.7742	25.8592	25.8415	25.8949	25.8959	25.548	26.2162	25.9742	26.0652	26.0172
PROT_0586	20.5686	20.6174	20.7331	20.8405	20.4131		20.7365	20.5599	20.9859	20.577	20.6312	21.0598	20.8104	20.3744		21.0991	20.2657	19.7525	20.7686	20.9551
PROT_0587	23.0179	23.1681	23.4755	23.0732	23.3486	23.2273	23.195	23.2497	23.3047	23.0145	22.8386	23.0062	23.3126	23.4726	23.2432	23.1763	22.9161	23.0022	23.1533	22.7523
PROT_0588	23.2505	22.8927	23.3948	22.9663	22.9729	23.5806	22.9155	23.3349	23.1642	23.1495	22.9126	23.4309	23.2761	23.1573	22.7408	23.0833	23.4529	23.275	23.1086	23.472
PROT_0589	21.9283	22.0754	22.0545	22.3233	22.5859	22.2806	22.707	22.7109	22.2448	22.3286	22.5902	22.3761	22.491		22.0624	22.4862	22.4706	22.3594	22.332	22.1663
PROT_0590	24.9053	25.1096	25.3381	24.9457	25.0822	25.3263	25.0642	25.4096	25.0934	25.1849	25.3379	25.1948	24.9718	25.1259	25.1213	24.9889	25.214	25.044	25.1538	25.0417
PROT_0591	20.3193	20.6514	20.6495	20.8989	21.3183	20.9591		20.2926	20.4273	20.6133	20.3243	21.2893	20.5898	20.5824		21.0675	21.2751	20.1675	20.7098	20.6609
PROT_0592	23.2284	23.4882	23.5212	23.5091	23.1221	23.596	23.2043	23.2249	23.1731	22.9648	23.2577	23.482	23.2197	23.2014	23.2249	23.3343	23.0844	23.4983	23.17	23.3326
PROT_0593	22.3555	22.3712	22.4244	22.0814	22.4114		22.7411	22.5949	22.2641	22.0993	22.2909	22.4252	22.4352	22.1231	22.4502	22.6122	22.7452	22.4792	22.3553	22.481
PROT_0594	20.9899	21.3998	20.9838	21.3175	21.2223	21.7701	21.3415	21.2861	21.0711	21.1847	21.2021	21.0843	21.4889	21.2729	21.0925	21.7429	21.7234	21.3233	21.3161	21.4077
PROT_0595	26.2444	26.1486	26.3244	26.5026	26.4632	26.3646	26.7812	26.3935	26.3038	26.3853	26.4877	26.5673	26.5311	26.4973	26.2346	26.6745	26.2859	26.1926	26.3419	26.2415
PROT_0596	22.7355	22.1826	22.5	22.4529	23.1756	22.3143	22.7594	22.4275	21.9722	21.7835	22.0528	21.9445	22.7671	22.0691	22.8499	22.0451	22.5572	22.584	22.5692	22.1242
PROT_0597	21.2234		21.7356	21.3447	21.7844	21.3368	21.7104	21.5679	21.3522	21.1174	21.3237	21.7113	21.5643		21.2107	21.2569	21.2601	21.6617	21.443	21.6186
PROT_0598	25.3475	24.9182	25.2187	25.0076	25.2632	25.2589	25.397	25.2184	25.2656	25.3617	25.3936	25.3348	25.326	25.4166	25.42	25.5346	25.4714	25.1793	25.6233	25.1395
PROT_0599	22.038	22.161		21.8542	22.2821	21.7259	22.1569	21.752	22.6035	22.1269	21.7094		22.1189	21.9683	22.0707	22.3143	21.9932	22.4504	22.223	21.7878
PROT_0600	22.4727	22.3744	22.5814	22.4106	22.6357	21.8751	22.6097	22.6631	22.6946	22.6499	22.9329	22.8478	22.7	22.5502	22.2698	22.583	22.6751	22.4624	22.7656	22.5938
PROT_0601	20.555	20.7442	20.254	20.4835	21.0434	20.5863	20.0827	20.4095	21.2808	20.8237	20.8551	21.056	20.9645	20.9007	21.219	21.2621	20.5216			20.6468
PROT_0602	24.4204	24.6068	24.7575	24.5777	24.4111	24.6948	24.7592	24.6583	25.0981	24.9505	24.9956	24.8836	24.9689	24.5893	24.7652	24.8499	24.8188	24.7114	24.5176	24.5967
PROT_0603	24.5862	24.2574	24.3661	24.346	24.3178	24.2914	24.6366	24.5406	24.7663	24.723	24.7651	24.8701	24.3162	24.2935	24.3217	24.266	24.5161	24.6224	24.6294	24.128
PROT_0604	20.6205	21.045	20.3188	20.014				20.7028	20.8425	20.509	21.1496	20.1898	20.653		20.4666	20.5052	20.9873	20.3876	20.6834	20.0825
PROT_0605	20.0714		19.6055	19.9059	20.0126		20.4621	20.0099	20.3106	20.9223	20.0622	20.2811	20.1795	20.3076	19.9448	19.9148	20.5725	19.3736		19.7295
PROT_0606	24.0284	23.7002	23.8968	24.144	23.8994	23.8874	23.7779	24.2742	24.0985	24.3713	24.2232	24.5452	23.5752	23.7282	23.6088	24.0613	23.9395	23.9204	23.821	24.0982
PROT_0607	24.4229	24.5405	24.4041	24.3438	24.441	24.2479	24.6032	24.6911	25.0752	25.1232	24.9535	24.5747	24.833	24.6336	24.8282	24.6741	24.7912	24.4757	24.8646	24.3176
PROT_0608	21.5422	21.5533	21.5531	21.5887	21.4032	21.4272	21.4938	21.7965	22.0914	21.7647	22.012	21.938	21.4587	21.8081	21.9538	21.456	21.8836	21.6417	21.1619	22.1085
PROT_0609	24.2058	24.0072	23.7489	23.897	23.9587	23.9854	24.2676	23.6682	24.3496	24.5163	24.2338	24.1961	23.2469	23.5684	23.1517	23.1179	24.106	24.3125	24.272	24.2417
PROT_0610	25.8588	25.9404	25.7421	25.5608	26.2562	25.7664	26.0855	25.8676	26.2938	26.287	26.3152	26.4076	25.9203	26.1803	26.1966	26.1974	26.0556	26.1163	25.8636	25.6069
PROT_0611	20.9466	21.0214	20.9867	21.5688	21.3395	20.6616	20.9626		21.3807	21.4851	20.9243	21.2213	21.4751	21.8546		20.8718	21.4528	21.4019	21.1843	20.9204
PROT_0612	24.5314	24.532	24.5006	24.6619	24.6569	25.0259	24.3968	25.0456	25.1482	25.3915	25.0831	25.6764	24.6509	24.8011	24.76	25.0464	24.9593	24.6419	24.8633	25.227
PROT_0613	20.648	21.13	20.6927	20.6998	21.0318	20.2009	20.9225	20.8993	21.2115	21.069		21.023		20.737	20.6481	20.8461	20.4263	19.9054		20.4698
PROT_0614	23.6699	23.81	23.7584	23.8906	23.5942	23.8975	24.0563	23.6663	24.2519	24.6576	23.742	24.3084	23.7913	23.7997	23.9669	23.7575	24.0232	24.1176	23.9692	23.9832
PROT_0615	22.347	22.1183	22.6214	22.6745	22.7174	22.791	22.4307	22.8477	23.1074	23.0109	23.017	23.0622	22.6092	22.9162	22.7887	22.4342	22.4319	22.5878	22.2109	22.5551
PROT_0616	23.9693	23.8166	23.8936	24.1914	24.1776	23.7652	24.1786	24.0642	24.6469	24.0744	24.1076	24.5318	23.6969	23.6522	24.1262	23.655	23.5979	23.4735	23.6033	23.4608
PROT_0617	26.6153	26.5148	26.6657	26.8151	27.0076	26.4941	26.8294	26.8858	27.2119	27.4748	27.0677	27.249	26.8336	26.5668	26.4502	26.723	26.6758	26.8887	26.7551	26.6867
PROT_0618	19.753	20.4804	20.4713	20.5484	20.1581	20.4702	20.3937		20.8352	20.547	20.6594	21.27	20.3695		19.8793	20.6913	20.7739	20.327	20.3162	21.0838
PROT_0619	19.79			18.7669	19.1905	18.6706		18.7041	18.9352	19.6784	19.0979		19.1667	18.5763			19.1916			18.9635
PROT_0620	24.2717	23.7323	24.2174	24.0128	23.9846	23.3053	24.1937	23.4905	24.5946	24.1834	24.3514	24.2883	23.9445	23.7651	23.9728	23.9924	23.9501	23.913	23.8607	23.9032
PROT_0621	26.6756	26.435	26.7016	26.4387	26.8854	26.6989	26.6344	26.8341	26.9326	26.5712	27.0617	27.1678	26.8449	26.6416	26.8132	26.7084	27.2251	26.4525	26.7735	26.8984
PROT_0622	22.0592	22.3877	21.6617	22.159	22.2397	21.9749	22.1826	22.2077	22.5999	22.6829	22.8498	22.7608	22.2886	22.0578	22.0593	22.1726	22.0926	21.9767	22.1606	22.0224
PROT_0623	19.1384	19.586		18.8618	20.3889		19.6539	19.704	20.2542		19.559	19.5207		19.687	19.3308	19.7236	19.381	19.3112		18.8843
PROT_0624		16.3449						16.6636		18.395								17.5188		
PROT_0625	24.4656	24.4978	24.3268	24.7926	24.8206	24.3456	24.6746	24.5997	24.8051	24.7552	24.9753	24.9935	24.1159	24.5909	24.7	24.6679	24.6094	24.2943	24.5911	24.7206
PROT_0626	26.3031		26.2816	26.3857	26.5051	26.2718	26.0163	26.3783	26.5189	26.6051	26.9216	26.608	26.1454	26.3775	26.4295	26.1944	26.3523	26.2138	26.1884	26.033
PROT_0627	18.6272			19.1202	19.0182	19.732		18.3647			19.0129	20.0438		18.3315	18.6138		18.8105	19.6104		
PROT_0628		19.8223	20.4529	20.1596	20.2933	20.3686	19.9166	20.4919	20.5635		21.3293	20.5465		20.5623	20.3919	20.8652	20.2874	20.564	20.1857	20.2552
PROT_0629	23.316	22.9736	23.1337	23.0842	22.9351	22.6406	22.9571	22.8286	23.1563	23.2701	23.1514	23.6021	23.3185	22.9033	23.1535	22.579	23.2609	22.9341	22.9108	22.9173
PROT_0630	22.1777	22.0597	22.1894	21.978	22.1526	22.4076	22.3375	22.2217	22.1843	22.1415	22.382	22.4543	22.017	21.9922	21.9771	21.5711	21.5762	22.1893	22.4421	21.9396
PROT_0631	24.8216	24.8305	24.8773	24.9085	24.7818	24.8421	24.5801	24.9416	25.0207	25.4171	25.0827	25.6345	24.6561	24.9255	24.7218	24.9648	24.8815	24.8036	24.7649	24.9778
PROT_0632	26.0881	25.6108	25.9841	25.9182	25.7603	25.3646	25.6159	25.5266	26.1665	26.0998	26.286	25.9315	25.7379	25.5067	25.7714	25.8948	25.9032	25.7492	25.9818	25.7283
PROT_0633	26.6777	26.6565	26.3269	26.4698	26.2137	26.4348	26.3511	26.5209	26.9057	27.1305	27.0759	27.3696	26.053	26.7823	26.7663	26.5304	26.6073	26.8075	26.48	26.7267
PROT_0634	20.9273		20.9147	20.325	21.2597		21.1003	21.1492	21.2934	20.5377	21.2802	21.36	20.7897	21.403	21.1304	20.6639	20.9722	20.9236	21.0	21.0833
PROT_0635	21.9969	22.1173	22.4123	22.5998	22.2672	21.8758	22.1016		22.6956	22.7659	22.5964	22.5857	22.1111	22.3899	22.1106		22.1358	22.2033	22.5376	21.8964
PROT_0636	25.6495	25.506	26.0472	25.6999	25.5648	25.1686	25.8623	25.7174	26.1172	26.2574	26.1499	26.3168	25.4393	25.7194	25.7991	25.7491	25.6356	25.7548	25.6754	25.4547
PROT_0637	21.9908	22.2274	21.8113	22.2059	22.5057	22.1815	22.4167	22.0583	22.5917	22.3123	23.1108	23.0216	22.4177	22.2741	21.6867	22.6077	22.1546	22.3525	22.7801	22.5514
PROT_0638	22.9219	22.9913	23.0815	22.7448	23.1432	22.8653	22.6799	23.0125	23.1244	23.3537	23.4268	23.4097	22.9634	22.9653	23.0233	23.1757	23.3735	23.0853	22.7257	22.7173
PROT_0639	22.8246	22.9404	22.9209	23.3704	21.9151	21.9023	22.0782	22.0381	21.8155	21.6532	21.5176		22.153	22.4323		21.8445	23.0408	23.3633	23.3463	23.017
PROT_0640	26.7707	27.2515	26.6312	26.9169	26.7142	26.8912	26.6365	27.3063	26.4107	26.8399	26.4271	26.8374	26.5916	27.2879	26.6347	26.8734	26.8779	27.0957	26.6129	27.1472
PROT_0641	27.9921	27.9536	27.8334	28.0629	28.3929	27.8867	28.1907	28.2361	28.649	28.4318	28.6903	28.269	28.2215	28.0214	28.0193	27.8983	28.1988	27.7996	28.2136	28.2295
PROT_0642	21.0802	21.5708	21.2983	21.8521	21.2341	20.955	21.4876	21.4447	21.2401	21.2636	21.1053	21.6186	20.7088	21.3132	21.2487	21.073		22.0663	21.5375	22.0126
PROT_0643	27.1456	27.3315	27.0768	27.1092	27.2548	27.1453	27.2793	27.2271	27.8093	28.097	27.6996	28.1148	27.1596	27.3556	27.1392	27.3367	27.2985	27.4127	27.0197	27.3043
PROT_0644		19.3453			19.579	20.1254	20.007	19.04	20.1399	19.7092	20.5778	20.3193	19.2953	19.7278		19.3862		19.6666	20.1439	19.4555
PROT_0645	22.9029	22.3492	22.5635	22.3482	22.8957	22.3563	22.6221	22.154	22.8004	22.7907	23.119	22.8717	23.3748	22.3318	22.3325	22.6568	22.4062	22.8299	22.6143	22.5123
PROT_0646	23.5171	23.2673	23.525	23.5232	23.7332	23.3385	23.7496	23.7743	23.8514	24.0382	23.9473	23.9461	22.8864	22.9403	22.5032	23.0962	23.5631	23.9235	23.5624	23.4647
PROT_0647	22.5509	22.4956	22.3353	22.3795	22.4679	22.5875	22.5791	22.9172	23.3413	22.664	22.8214	23.0109	22.5121	22.5439	22.3951	22.7599	22.2895	22.4406	22.4	22.218
PROT_0648	21.0568	21.1515	21.2406		21.0983	21.2653			21.2196	22.0167	22.0231	21.5995	20.9512	21.252	20.8421	20.7816	21.3606	20.9352	21.1053	21.4003
PROT_0649	20.6603	19.6997	20.1873	19.6544	19.6657	20.3273	20.3411	20.6667	20.6882	20.7857	20.7316	20.7332	19.9134		19.499		19.8335	20.4174		20.1015
PROT_0650	19.2023		17.6336						18.4555		18.7101					17.8005		18.1553		17.6971
PROT_0651	26.4089	26.1522	26.3702	26.3131	26.3084	26.5577	26.1912	26.2927	26.8467	26.3554	26.8034	26.4626	26.4508	26.2478	26.4334	26.3746	26.4354	26.1702	26.6301	26.0284
PROT_0652	27.8428	27.6456	27.4183	27.8729	28.0649	28.0764	27.8691	28.0321	28.3842	28.4758	28.3876	28.6991	27.6409	28.2948	27.5775	28.29	27.5565	27.7016	28.0493	27.8794
PROT_0653	22.3532	22.0192	21.8001	22.1586	22.4003	22.1867	21.9979	21.9412	21.8738	22.2173	22.4106	21.8715	21.8075	22.2855	22.2637	21.3708	22.1989	21.6651	21.7077	21.9034
PROT_0654	26.383	26.2808	26.5221	26.3892	26.7077	26.307	26.5517	26.4394	26.8803	26.6506	26.5792	27.1376	26.6167	26.5312	26.4022	26.6594	26.3296	26.222	26.5964	26.7421
PROT_0655	26.8059	26.7671	26.5534	26.6466	26.6087	26.4415	26.3346	26.6163	27.0107	26.9332	27.3009	27.2161	26.7679	26.7968	26.7049	26.8439	26.9248	26.9881	26.7806	26.7484
PROT_0656	26.7748	26.4546	26.6076	26.5984	26.752	26.4344	26.565	26.891	27.2861	27.2206	27.1962	27.4034	26.5201	26.7906	26.7342	26.8638	26.7015	26.5552	26.8989	26.5681
PROT_0657	18.1204	18.4903	17.7544		17.9299	17.6608		17.5751	18.375					18.6611						
PROT_0658	24.0725	24.0759	24.047	23.9098	24.1583	23.7253	24.0978	23.918	24.5843	24.3677	24.3356	24.3857	23.5493	23.8564	23.9134	24.1548	24.3061	23.6174	23.8776	23.6634
PROT_0659	28.1387	28.1539	28.1609	28.2369	28.2149	28.1037	28.167	27.729	28.7615	28.7642	28.6301	28.5932	28.0706	28.1422		28.0369	28.1433	27.9415	28.1192	28.0981
PROT_0660	22.9012	22.7067	22.798	22.4134	23.1011	22.3073	22.6488	22.6282	23.4035	23.4029	23.0793	22.9894	23.086	22.7659	22.742	22.5098	22.4708	22.4142	22.5622	22.2953
PROT_0661	24.9146	24.8969	24.5939	25.0256	24.8918	24.9715	24.677	25.4985	25.1697	24.7566	25.0881	25.2807	24.7604	25.0845	24.5449	25.143	25.0493	25.2753	24.5923	24.8725
PROT_0662	23.0282	22.3548	22.6615		22.8362	22.0162	22.5412	22.289	23.3485	22.8214	23.3003	23.0867	22.952	23.1546		22.6801	23.3314	22.5884	22.9025	22.6163
PROT_0663	25.3553	25.4747	25.3118	25.5055	25.587	25.2861	25.2618	25.2606	25.4074	25.6929	25.8165	25.9194	25.3558	25.7142	25.3308	25.6979	25.1398	25.4658	25.3261	25.2822
PROT_0664		18.4992					19.5784	18.6803	18.9569		19.5099				18.9431		19.7392	17.9336	19.0565	18.7838
PROT_0665		17.1938	17.2439	19.2104	18.1292				18.4036	18.4282			17.4713			18.3688	17.8906			
PROT_0666		22.4866	22.2847	22.7407	22.3328	22.4517	22.6541	22.7675	23.0798	23.4516	23.243	22.9812	22.0279	22.9844	22.481	22.5978	22.2458	22.3112	22.2156	22.2141
PROT_0667	25.9387	25.7764	25.8435	26.059	26.3424	26.0184	26.4643	25.9565	26.7678	26.664	26.8851	26.7648	26.1875	26.4019	26.4542	26.1292	26.2379	26.1456	26.0584	26.2415
PROT_0668	22.894	22.8089	22.7857	23.1066	22.4449	22.6148	22.7402	22.8203	23.1166	23.489	23.29	23.1685	23.2403	22.858	22.9191	22.4279	23.1362	22.7481	22.6179	22.7639
PROT_0669	19.207	19.2764	19.3967	19.3881	19.1024	19.0916	19.7258		19.345	19.6637	20.547	19.598		20.1091	18.8389	19.4989				19.2392
PROT_0670	24.7338	25.0783	24.6562	24.9569	25.0615	24.8834	25.0684		25.0522	25.2604	25.2373	25.7636	24.7072	25.2592	24.7632	25.0669	25.0866	25.1185	24.9782	24.9856
PROT_0671	23.7569	24.1561		24.0489	23.6708	23.7906	24.0226	24.2092	23.9911	24.6325	24.2899	24.3846	23.2826	23.8531	23.724		23.6652	23.5832	23.5414	23.9998
PROT_0672	21.1317	20.8006	20.9247	20.3747	20.0647	20.9136		20.7903	21.0166	21.3323	21.3714	21.0531	20.8198	20.7261	20.0814	21.684		21.1013		20.5453
PROT_0673	24.3011	24.6467	24.3309	24.7121	24.3444	24.4802		24.2541	24.4002	24.8121	24.9314	24.7188	24.1456	24.4894	24.4671	24.7415	24.6011	24.5332	24.2956	24.5218
PROT_0674	27.5662	27.5564	27.6254	27.3763	27.628	27.5855	27.5756	27.7295	28.1638	27.8344	28.1476	28.2002	27.3733	27.7377	27.6541	27.5089	27.5299	27.6982	27.3658	27.6158
PROT_0675	19.5036			19.5789				19.4064	19.668		19.3733	19.4542	18.8042		19.5102	19.6041	19.3001	19.3397		20.1659
PROT_0676	17.786					18.4813			18.5318	19.2945		18.7726	18.5979					18.6705	18.4961	
PROT_0677	20.4117	20.0281	20.0874	20.3651	20.755	19.6084	20.8588		19.9532	20.4427		19.8928		20.1872	19.723	19.6837	20.3458	20.1483	20.1553	20.4878
PROT_0678	20.8764	20.8257	20.6754	20.7597	20.9785	20.5564	20.9636	21.54		21.6049	21.4815	20.9635	21.271	21.1106	20.4346	21.1505	20.8997	21.3958	21.2561	20.9459
PROT_0679	24.0482	24.3293	23.6767	24.079	23.5752	23.9051	23.9463	23.7831	24.2703	24.5103	24.5261	24.7484	23.9767	24.1737	24.1211	24.3048	24.0279	24.1337	24.124	24.361
PROT_0680	24.5545	24.8081	24.5534	24.6399	24.7916	24.6672	24.3773	25.0229	24.8061	24.712	24.7492	24.9047	24.0187	24.6135	24.4623	24.6042	24.2142	24.6399	24.391	24.824
PROT_0681	20.9323	20.505	20.4232	20.7059	20.4102	20.5952	20.7274	20.3005	21.0439	20.7669	21.2628	20.6879	20.0549	21.3023	20.0469	20.5681	20.5494	20.8511		20.5979
PROT_0682	19.5059	20.2564	18.9477	20.2571	19.9974	19.1544	19.7996	19.5697	20.1424	20.3742	19.7522	19.9671	19.4498				19.4636	19.6398	19.127	19.7329
PROT_0683		18.0837		18.4808			18.2693				18.4082									
PROT_0684	26.9354	26.7973	26.8451	26.9488	27.1004	26.6503	26.9571	26.7894	27.2713	27.4861	27.4763	27.2341	27.0781	26.7254	26.8985	26.8303	27.4452	26.6261	27.1215	27.0086
PROT_0685	28.3828	28.2235	28.6191	28.2486	28.7383	28.5368	28.5669	28.5018	28.7546	28.6018	28.9489	28.7362	28.7573	28.7031	28.7346	28.5462	28.6966	28.3727	28.4211	28.4637
PROT_0686	22.9114	22.3675	22.5289	22.545	22.9972	22.5918	22.9866	22.9805	23.681	23.0922	22.9671	23.1815	23.0562	22.936	22.5861	22.6337	22.8866	22.6683	23.0131	22.7726
PROT_0687	25.7084	25.6693	25.573	25.2702	25.4428	24.9804	25.2757	25.4335	25.7856	26.1343	25.9717	25.9209	25.3265	25.6502	25.8226	25.5778	25.4723	25.4309	25.6261	25.6565
PROT_0688	23.6452	23.4761	23.6406	23.8231	23.6464	23.7016		23.7228	24.0641	23.9158	23.9943	24.039	23.8108	23.662	23.6844	23.7334	23.5021	23.5629	23.422	23.5569
PROT_0689	23.0758	22.5283	22.5962	22.9977	22.853	22.7053	23.1313	22.9027	23.2181	23.6802	23.0711	23.3414	22.5547	23.3518	22.6685	23.1602	22.8989	22.7076		23.0085
PROT_0690	19.3492		18.8724	18.3001			18.6613				19.294	19.7231	19.6102		19.2318		18.9098	19.1877		
PROT_0691	21.2971	20.3898	21.8971	21.0813	20.7586	20.5721	20.8181	20.5705	20.3759	20.6542	21.1842	20.2531	21.0785	21.053	21.0716	21.059	21.4807	20.9911	21.2107	21.1135
PROT_0692	21.9301	21.585	21.9843	21.6916	21.6364	21.8085	22.0722	22.0506	21.9108	21.8112	22.0571	21.5614	21.532	22.2457	21.8967	21.7308	22.0452	21.1926	21.7979	21.7966
PROT_0693	26.4513	26.6277	26.8459	26.325	26.5399	26.5812	26.6298	26.8631	26.5789	26.7214	26.5127	26.7325	26.6912	26.8449	26.474	26.1232	26.9142	27.0002	26.6589	26.6659
PROT_0694	23.3784	23.8806	23.1697	24.5118	23.547	23.9343	23.8142	24.0444	23.7091	23.5572	23.5708		24.0626	24.1777	23.9551	23.73	23.7217	23.6381	23.9441	23.7645
PROT_0695	20.7121	20.1705	20.5321	21.0183	20.9743	20.9722	21.1336	20.8752	21.1834	21.1179	20.8912	20.8648	20.9071	21.489	20.5288	21.0743		20.5086	20.7358	21.3258
PROT_0696	26.458	26.7272	26.4413	26.8159	26.4794	26.7627	26.7173	26.6174	26.7305	26.7837	26.7125	26.8231	26.4477	26.5509	26.6283	26.8544	26.383	26.5986	26.4977	26.5478
PROT_0697	21.1947	20.4585	20.5953	20.6863	20.8562	20.4042		20.6304	20.4707	20.4349	20.6361		20.1388		20.611	20.3401	20.3571	20.7661	20.2402	
PROT_0698	23.1475	22.7206	23.0242	22.7103	22.8734	22.6308	22.8264	22.6664	22.7744	22.6805	22.6123	22.9036	22.8763	22.5189	22.979	23.0592	22.8054	23.2961	23.1493	22.7472
PROT_0699	20.9004		20.609	20.7357			21.0478	20.2109		20.6202	20.9803	20.2809	20.3671	20.5432	20.6952		20.7765	20.7932	20.9575	20.1114
PROT_0700	27.7512	27.5613		27.6691	27.7871	27.5506	27.7907	27.7879	27.3832	27.8417	27.7121	27.8958	27.4907	27.989	27.5515	27.8763	27.6466	27.5291	27.5633	27.6801
PROT_0701	23.9243	23.7402	23.9534	24.0102	24.3467	23.7437	23.6714	24.1231	23.9079	24.221	24.0707		23.7093	24.2981	24.0071	24.5729	23.9734	24.2213	23.7601	24.054
PROT_0702	20.1707	19.8197		20.2665	20.2271		19.5906		20.2591	19.5988	20.2849	20.2038	19.8074		19.9112	19.5004	20.2209	19.8424	19.7591	19.7968
PROT_0703	22.8101	22.5261	22.8647	22.4451	22.1498	21.8342	22.1931	21.7139	22.3823	22.0394	22.2286	21.7006	22.4174	22.3728	22.0933	22.2494	22.4838	21.4745	22.1279	21.9433
PROT_0704	21.3123	21.6341	21.1263	21.2292	21.6344	20.6442	20.649	21.0665	20.6778	21.4564	21.3885		21.0575	20.9185	21.1838	21.5446	21.2994	21.305	21.6337	
PROT_0705	22.7969	22.3628	22.3234	22.4421		22.2132	22.4391	22.6225	22.5491	22.3164	22.5756	22.7163	22.3348	22.6261	22.5407	22.3621	22.3381	22.8149	22.6944	22.8964
PROT_0706					18.8617	19.671	18.528	18.9673	19.0622		18.6335		18.9668					18.0475		
PROT_0707	23.4175	23.2316	23.286	23.4881	23.5325	23.602	23.6433	23.3552	23.1279	23.1798	23.6081	23.4244	23.3968	23.2876	23.3433	23.2126	23.1556	23.6082	23.8336	23.3243
PROT_0708	22.2781	22.651	22.3755	22.7024	22.7843	22.6079	22.9588	22.9988	22.5425	22.1573	22.612	22.7518	22.573	22.9079	22.596	22.4939	22.8363	22.8766	22.419	22.4711
PROT_0709	24.2298	23.83	24.3144	24.3532	24.1415	24.4069	24.6369	24.1262		23.8182	24.1099	24.35	24.0635	24.4093	24.0526	24.4173	24.3955	24.2486	24.1369	24.0124
PROT_0710		21.8759	22.4747	22.3721	22.2235	21.655	21.4886	21.6609	21.9185	22.4093	22.1207	21.9595	22.0031	22.0577	22.1954	21.7314	21.9224	22.3136	22.4197	22.1226
PROT_0711	20.3435		21.1339	20.2871	20.0478		20.6854	19.8075	20.7269			20.3937	20.0823	20.4419	20.2136	19.8689	20.1871	21.0654	20.0792	19.5802
PROT_0712	22.5047	22.4833	22.7716	22.4675	22.7794	22.7749	23.2076	22.5885	22.6576	22.4003	22.5078	22.9073	22.6031	22.4007	22.4193	22.8797	23.0158	22.7224	22.5279	23.049
PROT_0713	28.68	29.0593	28.7861	28.7847	28.7274	28.7866	28.7586	28.949	28.4485	28.8876	28.6466	29.244	28.6943	29.1248	28.8551	29.2716	28.7727	29.1554	28.939	28.9303
PROT_0714	20.6255	20.8218	20.7499	20.8712	20.6007		20.7867	20.5162	20.6427	20.7401	20.5576	20.6518	20.8072	21.3901	20.4746	20.7383	21.0375	20.8584		20.5117
PROT_0715	23.505	24.0368	23.9512	23.7043	23.7429	23.5048	23.4961	23.5794	23.6849	23.817	23.8264	23.8008	23.5522	23.7731	23.5754	23.7433	23.5335	23.6811	23.5879	23.9509
PROT_0716	24.8944	24.1661	24.916	24.6871	24.6036	24.5346	24.7099	24.6787	24.5972	24.9247	24.9002	24.7755	25.0022	24.4516	25.0686	24.817	25.0902	24.4951	24.641	24.6153
PROT_0717	22.1596	22.212	22.323	22.4057	22.4576	21.956	22.4312	22.5973	22.2561	21.9286	22.5865	22.2616	22.2873	22.6028	22.6775	22.2538	22.4401	22.2006	22.0749	22.1717
PROT_0718	26.3218	26.13	26.4092	26.1915	26.6937	26.4187	26.5124	26.2365	25.9938	25.9296	26.0701	25.9812	26.4505		26.2519	26.4192	26.3977	26.2868	26.4573	26.53
PROT_0719	27.4315	27.7444	27.3785	27.4067	27.6494	27.3131	27.4479	27.3692	27.3094	27.2719	27.3158	27.5754	27.8599	27.5177	27.5165	27.5976	27.389	27.5375	27.5108	27.3719
PROT_0720	22.8007	23.0	22.8472	22.9065	22.9758	22.6069	22.9537	23.0918	22.8681	23.091	23.161	22.8937	22.5406	22.9576	22.7826	23.2956	22.913	23.0191	23.3739	22.967
PROT_0721	19.6164	20.3473	20.2444	20.3747	19.8635				19.7659	20.1888		20.8966	19.7913	20.5596	20.2247	20.4331	20.1432	20.002	19.4457	20.4499
PROT_0722	22.6089	22.1406	22.6469	22.6476	22.7704	22.9915	23.0862	22.6401	22.8453	22.328	22.9651	22.8306	22.7808	22.7292	23.1919	22.9369	22.9228	22.1459	22.9863	22.4433
PROT_0723	22.5137	22.5374	23.1084	22.6863	22.8503	22.7986	23.0899	23.2763	23.166	23.0025	23.2834	22.9804	22.707	22.8965	22.7713	22.878	23.3702	22.9726	22.7342	22.8761
PROT_0724	24.4645	24.768	24.9552	24.9454	24.8418	24.7442	24.7811	24.9172	25.0734	24.9703	25.0457	24.7013	24.6688	25.1929	24.8892	24.4196	24.6326	25.0529	24.9217	24.6797
PROT_0725	25.7543	25.7163	25.6424	25.6409	26.0382	25.6822	25.7758	25.791	25.9385	26.2265	25.9216	25.8144	26.1356	25.8919	25.9996	25.9202	25.8224	25.6407	25.75	25.7017
PROT_0726	25.8455	25.6008	25.5337	25.7719	25.6795	25.629	25.5947	25.6059	25.457	25.4602	25.7354	25.6741	25.9468	26.137	25.7273	25.6734	25.723	25.7034	25.6643	25.7342
PROT_0727	25.6354	25.4533	25.7208	25.9169	25.8624	25.634	25.9346	26.025	25.784	26.073	25.7136	26.1786	26.1712	26.0216	25.8564	25.8775	26.178	25.9799	25.9282	25.9578
PROT_0728	24.8007	24.6675	24.6899	24.814	24.3027	24.6705	24.4558	24.7273	24.5361	24.6869	24.8006	24.8923	24.648	24.8445	24.4737	24.901	25.5523	25.7878	25.4008	25.2456
PROT_0729	18.7605			18.0116	18.8446							18.6629	18.3586							
PROT_0730		20.1477	20.2873	19.7523	21.2884	20.3829	20.2709	20.7876		20.6716	20.1708		20.3836	20.7934	20.9111	20.1967	20.3882	20.5257	20.5561	20.2082
PROT_0731	20.9682	21.5129	21.5341	21.8508	22.022	21.8524	21.7936	21.7351	21.4708	21.3918		21.1982	21.4502	21.8734	21.5405	21.5454	21.6029	21.671	21.8143	21.6309
PROT_0732	20.7368	20.7951	21.5357	20.5321	21.2581	20.6496	21.526	20.7812	20.7102	20.5391		20.9243		20.9617	20.7554	20.5722	20.8108	20.9776	21.3696	20.8226
PROT_0733	20.619	20.0202	21.3659	21.1967	21.4073	20.4981	21.1089	20.7791	20.6857	20.3142	21.1096	20.6449	20.4157	20.9906	20.5895	21.2014		20.2887	21.4809	20.2341
PROT_0734	24.6495	24.7997	24.7627	24.8363	24.6478	24.6132	24.6228	24.8258	24.8367	24.7023	24.5477	24.7182	24.5883	24.7626	24.742	24.7097	24.4593	24.8008	24.9526	24.6866
PROT_0735	20.8718	20.6867	21.2134		20.8543	20.6037	20.6503	20.7075	20.438	20.5595	20.659	20.6402	21.2421	20.5756	21.1515	20.6916	21.1318	20.937	20.6588	20.5919
PROT_0736	18.3307	18.9708			19.0954		19.0733	19.4757	19.0285	18.9986				19.234	18.946		19.1432	18.958		18.6937
PROT_0737	27.839	27.6007	27.7031	27.5652	27.5826	27.48	27.9226	27.6266	27.5328	27.5241	27.4556	27.6082	27.6769	27.6246	27.8744	27.3579	27.7803	27.679	27.6207	27.6754
PROT_0738	24.4402	24.0007	24.1385	24.6151	24.3055	24.4521	24.3684	24.2371		24.4688	24.3506	24.6494	24.1877	24.843	24.4413	24.9469	24.3317	24.5549	24.0573	24.3248
PROT_0739	23.8557	23.1265	24.0554	23.548	23.8877	23.7987	23.8392	23.6579	23.6302		23.5025	23.7658	23.7345	23.6015	23.7658	23.6072	23.6492	23.7356	23.4926	24.0388
PROT_0740	20.7437	20.1987	20.2923	19.8837	20.8092		20.8002	20.6337	19.7789	20.8354	20.9096	20.1456	20.5876	20.5422	20.7787		20.5484	20.5679	20.1645	20.7438
PROT_0741	23.0071	23.1005	23.258	23.0465	22.9261	22.9281	23.104	23.212	23.0319	23.4052	23.0342	23.2257	23.3384	23.2284	23.1236	23.3557	23.3355	23.322	23.4806	23.223
PROT_0742	25.5487	25.3682	25.4669	25.5072	25.6357	25.407	25.4568	25.4193	25.1614	25.242	25.51	25.5306	25.1185	25.3676	25.3936	25.5526	25.3397	25.2317	25.4405	25.5517
PROT_0743	21.6593	21.3932	21.5457	21.4678	22.266	21.1861	21.579	21.6964	21.2682	21.1243	21.6655	21.5288	20.885	21.5532	21.6642	22.0241	21.5752	21.4646	21.3982	21.444
PROT_0744	23.1172	23.2648	22.9365	23.2031	23.0907	23.0305	23.4365	23.2969	23.1079	23.2005	23.4854	23.3204	23.2613	23.6901	23.2674	23.5184	23.058	23.4629	23.0025	23.2326
PROT_0745		19.236	20.3339	20.4985	20.624	19.7626	20.3592	18.7731	19.6717	19.7608	19.8544	20.0076	19.9129	19.9203	19.5352		20.1509		19.9645	20.2646
PROT_0746	25.3151	25.3666	25.2666	25.28	25.4237	25.2199	25.2913	25.0607	25.2853	25.3643	25.5217	25.2083	25.3855	25.2948	25.4667	25.2841	25.1955	25.2658	25.6727	25.3101
PROT_0747	23.4259	23.2942	22.9825	23.5879	23.4506	23.0312	23.2536	22.7209	22.9498	23.7311	23.4302	23.5535	23.6814	23.2728	23.4585	23.1097	23.3074	22.9787	23.608	23.1089
PROT_0748	23.0463	23.1658	23.2256	23.236	23.574	23.3311	23.4701	23.2802	22.8944	23.268	23.1957	23.2027	23.0915	23.9651	23.3989	23.5379	22.9885	23.2749	23.2567	23.3887
PROT_0749	24.2747	24.3464	24.482	24.339	24.1232	24.0339	24.2017	24.1451	24.6047	24.3209	24.203	24.4019	24.4668	24.3304	24.5308	24.651	24.5763	24.3047	24.8895	24.2474
PROT_0750	25.0212	25.0131	24.9776	25.3054	25.1085	24.8968	25.2431	25.1378	25.1943	25.2843	25.002	25.0916	25.2499	25.4205	24.9639	25.5907	25.2458	25.0794	24.8805	25.2525
PROT_0751		17.8405		18.5644				17.828		17.6247				17.9055						18.4937
PROT_0752	18.2326			19.0825	18.8385		18.7854		19.0975			18.064	18.6159	18.9591		18.8234				18.2976
PROT_0753	26.2746	25.8607	26.335	26.3374	26.2799	25.9804	26.3069	26.1689	26.3706	26.0511	26.3608	26.1674	26.1964	25.9767	26.3934	26.1186	26.508	26.0773	26.3044	25.8648
PROT_0754	28.2943	28.6079	28.3945	28.9925	28.183	28.3767	28.2808	28.4569	28.1341	28.5509	28.3061	28.762	28.3418	28.5859	28.4464	28.1898	28.2928	28.3844	28.493	28.4225
PROT_0755	22.2863	21.346	21.7209	21.5615	21.7091	21.7273	21.4346	21.4976		21.6236	22.0371	21.9769	21.5938	22.2003	21.7786	21.5045	21.9053	21.9295	21.4148	22.043
PROT_0756	21.9163		21.6762	22.2131	22.1337	22.4288	22.281	22.2559	22.2909	22.2755	22.3782	22.2504	22.149	22.5936	21.7969	22.7093	22.0798	22.3625	22.23	22.3966
PROT_0757	26.0799	25.9823	26.0138	25.92	26.288	26.111	26.2252	25.9134	26.0527	25.857	25.9906	26.1752	25.9636	26.0166	25.8328	25.9723	26.009	26.1652	26.1268	25.9393
PROT_0758	27.5938	27.3495	27.3826	27.6758	28.6405	28.5418	28.3857	28.3478	27.8381	27.8842	28.0939	28.2803	27.6037	27.9156	27.7765	27.8029	27.7793	27.6105	27.5072	27.4365
PROT_0759	24.125	23.5933	24.1153	24.0098	23.7661	24.0749	23.6986	24.0951	23.8898	23.9747	24.1253	23.8361	24.3601	23.9687	23.9569	23.9056		24.1499	24.2064	24.1926
PROT_0760	21.8354	21.3776	21.6825	22.5308	21.9948	22.1235	22.2905	21.8647	21.7878	22.7875	21.3382	22.0471	21.7106	22.0069	21.9943	22.1268	21.8468		21.8173	22.0142
PROT_0761	23.0654		23.3028	22.8699	23.3684	23.2004	23.1179	22.9954	23.3735	23.3183	23.4943	23.0317	23.3218	23.5213	23.3192	23.4371	23.5954	23.1345	23.0614	23.592
PROT_0762	26.7236	26.5163	26.5364	26.573	26.8326	26.1679	26.3981	26.561	26.6362	26.4009	26.7439	26.6407	26.3904	26.6682	26.5296	26.4092	26.5652	26.6189	26.6133	26.4459
PROT_0763	22.0083	21.8012	22.1482	21.7021	22.1436	22.358	22.5557	22.1495	22.5215	22.0877	22.0754	22.0556	22.0868	22.1532	22.2661	21.7723	21.9646	21.7892	22.481	22.1989
PROT_0764	23.7696	23.6694	23.6872	23.8279	23.6668	23.5807	23.6587	23.8001	23.4901	23.7617	23.5985	23.8411	23.7438	23.8522	23.8359	23.933	23.436	23.7666	23.5235	24.0001
PROT_0765	27.2382	27.6093	27.063	27.6522	27.5145	27.3741	27.2574	27.5563	27.0235	27.3945	27.1819	27.5079	27.1699	27.6199	27.407	27.7195	27.2495	27.5707	27.2177	27.3814
PROT_0766	20.6349	21.2115	21.2534	20.9701	21.0417	21.3844	21.1389	20.9907	20.8143	20.6353	21.0599	20.8555	21.7346	21.469		20.8929	20.8291	20.6787		20.6479
PROT_0767	23.9626	23.8468	23.997	24.1086	23.8865	23.7288	23.579	23.7414	23.7764	23.9852	23.8193	23.715	23.8071	24.0915	24.2133	24.2559	23.9651	24.0487	23.8575	23.7904
PROT_0768	26.8218	26.622	27.0378	26.32	26.905	26.7105	27.0904	26.9058	26.5442	26.6234	26.7922	26.4164	26.7674	26.7481	26.5316	27.0205	26.946	26.6591	27.156	26.7156
PROT_0769		21.1024	20.5565	20.5838	21.1541		20.6993	21.4174	20.3083	20.6099	20.5114	21.5286		20.7816		20.5754	20.7469	20.6407	20.8118	20.9848
PROT_0770	26.8726	26.6809	26.6368	26.7387	27.7712	27.729	27.6305	27.7447	27.9253		27.7783	27.6781	27.517	27.7019	27.9626	27.7522	27.6132	27.4211	27.7549	27.3963
PROT_0771	17.1299				19.4186	19.1113			18.0146						19.032		18.7298	18.4984		17.5047
PROT_0772	23.5552	23.0346	22.8467	23.4436	22.9781	22.9717	23.7352	22.538	23.3058	22.7143	22.5185	22.8613	23.0318	22.8341	23.3398	22.9381	23.2137	22.8629	23.2425	22.8002
PROT_0773	22.301	22.1128	21.6608	21.8462	22.3186	21.9741	21.9597	22.3629	22.4736	22.1132	22.1306	22.168	21.8149	21.6848	21.7366	21.7574	22.1788	21.8407	22.372	21.865
PROT_0774	22.1035	22.0334	22.2871	21.9609		21.8845	22.2398	22.1748	22.2368	22.4084	22.3102	22.4046	22.2857	22.6963	22.3209	22.0629	22.4354	21.7205	22.5499	22.3275
PROT_0775	23.0994	23.791	23.168	23.6467	23.2531	23.2323	22.8942	23.4469	23.5566	23.2277	22.9076	23.346	23.244	23.4174	23.3897	23.223	23.1235	23.1257	23.1623	22.8805
PROT_0776	21.4432	21.4831	21.3871	21.9274	22.1407		21.2558	21.6558	21.6014	21.4112	21.2919	21.4191	21.5714			21.7264	21.834	21.6318	21.9924	21.9195
PROT_0777	21.912	21.9928	21.9628	22.0593			21.9763	21.639					21.665	21.7025	21.6072	21.0585	21.6711	21.387	22.0557	21.9674
PROT_0778	23.9774	24.2336	24.1476	24.2861	24.5145	23.7275	24.3589	23.9885	23.6504	23.6752	24.2105	23.8895	24.0544	24.5462	24.5413	24.4023	25.4178	25.1727	25.4366	25.0516
PROT_0779	21.8906	21.5743	21.6036	21.7071	21.5381	21.7918	21.8429	21.595	21.3751	21.7007	21.3939	21.9616	21.9564	22.104	21.5591	22.156	22.0582	21.6396	22.0811	22.0773
PROT_0780	24.6936		24.4676	24.5797	24.4611	24.6744	24.6229	24.6336	24.4114		24.7584	24.4352	24.3582	24.6313	24.3854	24.5143	24.469	24.4544	24.0636	24.5098
PROT_0781	24.202	23.9358	24.5395	24.4957	24.5914	24.0949	24.5846	24.2645	24.2062	24.0533	24.8273	24.1747	24.565	24.5235	24.2801	24.4605	24.7762	24.5775	24.4537	24.2145
PROT_0782	25.5934	25.4119	25.5043	25.5727	25.5069	25.6631	25.7657	25.3247	25.8836	25.5162	25.5401	25.3652	25.8351	25.3988	25.5312	25.4439	26.15	25.6783	25.9593	26.09
PROT_0783	23.1557	23.01	22.9284	23.1294	23.2149	23.4819		22.9667	22.9815	23.0019	22.5572	23.1094	23.5769	23.5767	23.4929	23.6244	22.7593	22.9837		23.0823
PROT_0784				19.3606		18.9931	19.1461	19.0548		18.8852			18.7372	19.7386	19.4293			18.5037	18.7607	
PROT_0785	21.3373	20.5113	21.1151	20.7686	20.8305	21.0103	21.0704	21.1779	20.883	21.0343	20.9827	21.0623	21.1704	21.5538	21.2743	20.9107	21.4736	20.831	21.0154	
PROT_0786	24.7995	25.2888	25.1674	25.2954	25.1265	25.0964	25.2041	25.3402	25.2116	25.2344	24.9872	25.3804	24.9464	25.3238	25.1873	25.1533	25.247	25.7821	25.2338	25.5253
PROT_0787	22.4829	22.6869	22.2758	22.5532	22.3959	22.7567	22.3853	22.7824	22.4314	22.5932	22.474	22.7336	22.2579	22.8848	22.807		22.788	22.2821	22.2489	22.6098
PROT_0788	22.891	23.6301	23.1846	23.584	23.4981	23.3976	22.9811	23.6286	23.025	23.3327	23.0988	23.76	23.0525	23.5678	22.9533	23.2924	23.6621	23.8322	23.0605	23.3254
PROT_0789	23.1415	22.9295	22.7477	23.3008	23.3039	23.3361	23.0645	22.9574	23.4291	22.8624	23.2466	22.8969	22.9543	23.5029	22.6742	23.0157	23.0771	23.1211	22.9674	22.9165
PROT_0790	22.3337	22.3879	22.4401	22.0552	22.5074	21.9477	22.232	22.3041	22.4073	21.9679	22.619	22.384	22.0415	22.1619	22.2123	22.1919	22.3048	22.2659	22.6714	22.2357
PROT_0791	24.8383	24.6996	25.1374	24.8631	25.3481	24.6574	24.8877	25.1078	24.9085	24.9084	25.0072	24.6575	24.857	24.4935	24.7279	24.8401	24.9356	24.6211	24.7915	25.1681
PROT_0792	20.6422	21.9275	20.5821	20.9725	20.6377	20.8375	20.7526	20.7586	21.127	21.1603	21.2612	21.0337		21.2885	21.4144	21.2565	21.1926	21.2244		20.8709
PROT_0793	19.9543		19.8235	19.8994	20.122			19.5095	19.2723	20.164		20.1518	20.1487	19.5033	19.5745	18.4792	20.0044		20.0397	19.7606
PROT_0794	19.4111		20.0763		19.55	19.9664		19.4845	19.4221	19.354	19.5155	19.0861		19.8546	20.3963	19.9272	19.9908		19.7716	
PROT_0795						18.1377	18.5168	18.3684	19.608	18.6321		17.8557			19.2189		18.4692	18.0245		
PROT_0796	23.5307	23.5778		23.5103	24.0094	23.2003	23.2511	23.4855	22.9672	23.1057	23.1723	23.2128	23.3528	23.3621	23.2528	23.2698	23.4502	23.4933	23.5846	23.5402
PROT_0797	26.4908	26.556	26.3477	26.7642	26.4289	26.759	26.5545	26.6293	26.4763	26.6644	26.8946	26.7922	26.729	26.7107	26.6345	26.4151	26.7414	26.5137	26.593	26.5706
PROT_0798	21.8914	21.3104	21.8281	22.1107	21.4886	21.4149	21.2702	21.5701	21.9162	21.9419	21.6527	21.6544	21.6692	21.8157	21.7851	21.9357	21.9748	21.6614	21.6485	21.0436
PROT_0799	22.823	22.5644	22.8554	23.2949	22.5126	22.8339	23.1218	23.1488	23.0282	22.8652	22.661	22.9447	22.9092	23.5417	23.1801	22.9781	22.888	23.2234	22.9659	23.0421
PROT_0800	22.1687	21.7186	21.9049	22.0001	22.1247	21.9728	21.4114	22.5336	21.6901	22.5585	22.4484	22.5234	21.6061	21.7124	21.763	21.3372	21.8728	22.0438	22.0582	21.9406
PROT_0801	20.4638	20.7488	20.2602	20.6483	21.02	20.8679	20.1734	21.0092		20.8243	20.788		20.9769	20.7589	20.8304	20.3632	20.8648	20.7998	20.644	20.4058
PROT_0802	26.4173	26.6134	26.6443	26.5806	26.6204	26.7107	26.4815	26.7822	26.2224	26.709	26.2793	26.9474	25.7549	25.6892	25.4685	25.7299	25.7201	25.8946	25.6497	25.7669
PROT_0803	21.8613	21.1706		21.4244	21.3038	21.0601	21.4132	21.6102	21.4265		21.2614	21.3776	21.3666	21.941	21.8825	21.7277	21.1222	21.0579	21.276	21.199
PROT_0804		18.1732		19.2703	19.5181			17.5499											18.903	
PROT_0805	25.2582	25.5062	25.047	25.482	25.3436	25.507	25.2613	25.6045	25.2011	25.5787	25.3148	25.9947	25.2478	25.4341	24.8911	25.2505	25.3802	25.7524	25.3463	25.3465
PROT_0806	22.7683	22.7589	22.7405	22.9141	23.1858	23.0436	22.9714	22.8878	23.0891	23.0741	22.9465	23.0687	22.7611	22.7821	22.9796	22.8968	23.063	22.972	22.743	23.0786
PROT_0807	23.9181	23.6443	24.3739	23.9194	23.9709	23.638	23.8472	23.7038	23.7293	23.4551	23.6958	23.8284	23.2991	23.8457	23.7691	23.7244	23.923	23.7807	23.9807	23.6442
PROT_0808	24.4965	25.1569	24.3906	24.411	24.9408		25.139	24.277	24.645	24.9081	24.648	24.9302	24.6629	24.9288	24.6906	25.0953	25.0188	24.8385	24.897	24.7273
PROT_0809	22.4298	22.8261	22.5821	22.513	22.4015	22.4626	22.6659	22.4413	22.0333	22.1897	22.3003	22.9106	22.2054	22.8833	22.2908	22.6794	21.8827	22.4702	22.483	22.4055
PROT_0810	22.5619	22.7998	22.4602	22.8819	23.0539	22.8311	22.6038	23.0828	22.811		22.7636	23.0548	23.0994	23.0678	22.8323	23.0276	23.2722	23.3117	22.7492	22.6361
PROT_0811	19.6633	19.7652	20.3094	19.8967	19.045		18.8763		19.2488	19.5822		20.4343		20.6286	19.4531		19.6796		19.7854	
PROT_0812	22.5658	21.5642	21.8851	21.9993	21.9382	21.4296	22.3019	21.7354	22.0689	21.6874	21.7867	21.6368	22.1846	21.948	21.5977	21.7223	21.4804	21.4947	21.2333	21.466
PROT_0813	20.0294		20.3583	19.7769	20.3231	19.6484		19.9297	19.5985	19.747		19.9328	20.1288	20.5328	20.166	19.7212			20.1631	19.9136
PROT_0814	25.498	25.7377	25.7039	25.7703	25.7502	25.6521	25.6234	25.4638	25.6156	25.3342	25.6452	25.5583	25.8031	25.8596	25.5972	25.784	25.9113	25.4818	25.7018	25.6025
PROT_0815	22.9929	23.1352	22.6839	23.2384	22.6142	22.7467	22.4179	22.8965	22.9109	22.8526	22.5922	22.6765	22.3515	23.0276	23.1547	22.6615	23.0323	23.1926	22.9409	22.886
PROT_0816	23.0401	22.5747	22.4545	22.374	22.7679	22.5561	22.733		22.6975	22.9124	22.843	22.7758	22.5661	22.8091	22.1827	22.5573	22.8687	22.5801		22.4544
PROT_0817	23.9649	24.2922	24.1071	24.51	24.2486	24.021	24.1567	24.1669	23.9833	24.0455	24.4451	24.0656	23.8267	23.9295	23.9007	24.0476	24.3797	24.0946	24.0613	24.4703
PROT_0818	22.5507	22.2184	22.5834	22.5738	22.7166	22.2892	22.7105	22.9908	22.2005	22.3812	22.5464	22.4926	22.1691	22.4959	22.6682	22.5351	22.4989	22.5781	22.2436	22.5856
PROT_0819	28.6099	28.0743	28.4023	28.3531	28.6532	28.081	28.3166	28.2193	28.7175	28.0546	28.3812	28.3843	28.5007	28.3489	28.6971	28.3871	28.4645	28.2366	28.3126	28.304
PROT_0820	25.2031	25.2991	25.1497	24.9517	25.4929	24.9398	25.3087	25.2982	25.7631	25.2767	25.6407	25.5814	25.2138	25.0889	25.3313	25.0375	25.4817	25.105	25.5436	25.1836
PROT_0821	21.8142	21.7445	21.3533	21.9454	21.876	21.8946	22.0328	21.5986	21.8765	21.572	22.1	22.0424	21.7047	21.9599	21.6428	21.9902	21.7079	21.4543	21.64	21.4042
PROT_0822	21.4276	21.6392	21.7533	21.6811	22.1771	21.4949		21.511	22.1997	21.6721	21.4501	21.8451	21.9908	22.1632	21.6547	21.7829	22.1164	21.3507	22.1048	21.7346
PROT_0823	27.1568	26.9974	26.9895	27.3426	27.0818	26.5285	26.9955	27.1509	27.3223	27.372	27.3366	27.3128	26.9335	26.87	26.7541	26.989	27.1878	26.8554	26.8244	26.7399
PROT_0824	24.3112	24.5806	23.7577	24.2455	24.4081	24.3344	24.381	24.762	24.296	24.7242	24.5741	24.4406	24.1977	24.1392	24.3671	24.4719	24.445	24.2533	24.3343	24.4161
PROT_0825		23.6559	23.4794	23.6697	23.2454	24.0284	23.6164	23.7255	23.5022	23.3519	23.5131	23.7849	23.6487	23.8273	23.8237	23.8931	23.3489	23.6015	23.7105	23.8479
PROT_0826	26.4474	26.411	26.6711	26.5671	26.4408	26.3326	26.4463	26.6883	26.2871	26.1851	26.3998	26.5447	26.6284	26.591	26.565	26.6551	26.7268	26.7618	26.7255	26.806
PROT_0827	24.0805	23.9767	23.9936	24.1569	23.9863	24.0168	24.1614	23.8028	24.2532	24.0429	23.9359	23.8728	23.1448	23.2824	23.2472	23.2019	23.4941		23.3681	23.1839
PROT_0828	22.4982	22.4992	22.4986	22.2074	22.0396	22.3567	22.096	22.4132	22.6473	22.3508	22.7105	22.3761	22.475	22.5299	22.3406	22.6871		22.35	22.3711	22.6869
PROT_0829	18.2843					18.3962		18.5419				17.9665				17.8645		19.3021		18.6459
PROT_0830	25.8683	25.4298	25.1556	25.2732	25.5684	25.7251	25.6102	25.4586	25.3237	25.3702	25.4821	25.6287	25.2056	25.3261	25.1011	25.3667	25.5255	25.1302	25.6279	25.5629
PROT_0831	25.3199	25.2347	25.379	25.3301	25.832	25.3231	25.4258	25.6866	25.5192	25.5037	25.4435	25.3162	25.0975	25.3915	25.3953	25.4314	25.5037	25.3126	25.2427	25.4757
PROT_0832	19.2449							18.2957	17.9193							19.5085				
PROT_0833						19.882	19.673				19.8234	19.5183		19.4926	19.7937	19.5265	19.8458	19.6756	19.2037	
PROT_0834	23.4947	23.586	23.2076	23.4157	23.5007	22.7567	23.3957	23.035	23.2925	23.4408	23.1534	23.2074	23.6654	23.3183	23.2161	23.4529	23.5494	23.3087	23.3602	23.3158
PROT_0835											17.0595		16.3787	17.6292	17.5762					
PROT_0836		19.6005	19.4648	19.5131	19.5745	19.6795			19.6879	19.492			20.1517	19.8188	19.9477			19.5853		
PROT_0837	20.3796	19.0565	19.8309	19.0805	20.3853	19.6649		19.8475	19.4972	20.5807	20.1855		19.1734	19.301	19.9391		20.1154	20.0379		20.1774
PROT_0838	23.0381	23.0877	22.698	22.7148	22.8116	22.8582	23.2181	23.467	23.0807	23.1135	22.6559	22.9189	23.1846	22.9363		22.9503		22.7828	22.7061	22.4311
PROT_0839	26.7798		26.2618	26.497	26.5854	26.4769	26.5486	26.8056	26.421	26.5776	26.4949	26.3384	26.6622	26.5351	26.3689	26.2776		26.4688	26.4149	26.8523
PROT_0840	22.1137	21.1592	21.7538	21.699	22.4522	21.5396	22.1289	21.7284	22.3028	22.0033	21.9547	21.2704	22.403	21.6984	22.1713	21.3631	22.2964	22.1056	22.1032	21.5479
PROT_0841	21.0704	20.7328		21.5185	20.9442	21.0408		20.584	21.2748	20.9003	20.926	21.1277	21.3157	21.1692	20.8657	20.8538	20.7196		21.2719	20.2264
PROT_0842	21.7409	21.9501	22.0904	21.7131	21.9647	22.1627	22.5553	22.3239	22.135	21.8247	21.8	22.2177	21.8948	21.5923	22.1905	21.7889	21.7341		21.8192	21.9473
PROT_0843	27.3849	27.3522	27.4103	27.4173	27.305	27.3959	27.4957	27.2159	27.5623	27.3935	27.3605	27.6145	27.2403	27.1537	27.2466	27.457	27.5067	27.4418	27.5268	
PROT_0844	23.1267	22.7471	22.8153	22.7388	23.028	23.0374	22.9909	22.7327	22.7305	23.1557	22.9853	23.2404	22.6283	22.9632	22.7727	23.0786	23.2134	23.0272	22.9945	23.0615
PROT_0845	18.4956	18.0107		19.1604		19.0359	18.8687	18.4694	17.4394	18.7482		19.1232	18.8847					17.7069	19.3122	
PROT_0846	25.2691	25.1081	25.0828	25.3805	25.3349	24.9068	25.2057	25.4678	25.1684	25.225	25.0843	25.2448	25.2997	25.4929	25.2156	25.2175	25.3585		25.3557	24.9441
PROT_0847		17.2901			16.4522			17.9264					16.5621							
PROT_0848		19.0253		18.9957	18.7343		18.4924		18.9068			18.9425		19.2997	18.5945			18.1672		
PROT_0849		23.6308	23.5285	23.7097	23.5276	23.6049	23.7464	23.9225	23.4109	23.7293	23.4309	23.6201	23.5829	23.3863	23.2238	23.7845	23.6005	23.4236	23.6097	23.9708
PROT_0850	22.0611	21.9734	21.9402	22.5051	22.0151	22.2215	22.3028	22.228	22.2771	22.157	21.8061	22.0768	22.1681	22.3102	21.5591	22.3939	21.7892	22.1805	22.0138	21.8831
PROT_0851	23.5032	23.5689	23.7907	23.5943	23.5126	23.7538	23.6982	23.7706	23.6039	23.4439	23.8044	23.7268	23.3354	23.7165	23.8781	23.3068	23.6071	23.4776	23.817	23.8228
PROT_0852	20.9784	20.9038	21.2324	20.7107	20.7419	21.0152	20.8519	20.572	21.1001	20.6056	20.9316	20.9198	20.2102	21.0185	21.1886	20.7448		21.3505	21.3583	20.3842
PROT_0853	26.4993		26.3944	26.3911	26.7012	26.4781	26.2719	26.7128	26.4063	26.4545	26.6556	26.3319	26.5888	26.6088	26.3035	26.4557	26.7698	26.6078	26.3836	26.3405
PROT_0854		22.7226	23.0176	22.7633	22.8748	23.1001	23.1224	22.8976	22.7998	22.8489	22.8417	22.922	22.4351	22.8718	22.7523	23.0515		23.0185	22.7759	23.04
PROT_0855	24.2029	24.6155	24.3746	24.2272	25.1157	24.6294	24.5246	24.7024	24.4019	24.7585	24.8462	24.5483	24.3166	24.947	24.6172	24.5984	24.5926	24.7933	24.2743	24.8624
PROT_0856	21.4654	21.4438	21.6865	21.8126	22.0938		21.791	21.4599	21.3931	21.2639	21.7465	21.9722	21.5566	21.8333	21.445	21.4197	21.8598	21.6681	21.7492	21.5769
PROT_0857	23.9419	23.9275	24.1309	24.2371	23.9491	24.2808	23.9284	23.6952		24.0027	24.1519	24.4018	23.9814	24.1309	24.3436	24.3997	23.6824	24.0588	23.8355	24.0493
PROT_0858	22.8793	22.672	22.621	23.1229	22.9631	22.8516	22.9074	22.7793	22.9496	22.8872	22.9175		22.8026	22.637	22.7957	22.5553	23.0398	22.64	22.7161	22.7782
PROT_0859	19.3814				18.7334		19.1853		19.2019	19.8164		18.7253	18.4086	19.1504	19.18	18.1987		19.3536	19.6444	18.9359
PROT_0860	19.7435		19.7255		20.3465	19.5276	19.191	19.9406	19.8961	19.0805	19.3091			20.1862	20.1426		19.4046	19.8077	19.8245	
PROT_0861	20.1894	21.0151	20.6752	20.9088	20.3285	20.7937	20.7607	21.2491	20.7373	20.6076	21.2219	20.8892	20.5021	21.0318	21.2957	21.0509	20.8428	21.3409	20.7876	
PROT_0862	23.237	23.6239	23.7092		23.7063	23.6575	23.5844	23.7716	23.7529	23.4367	23.4731	23.8408	23.2034	23.7948	23.1013	23.5004		23.5326	23.6042	23.4917
PROT_0863	21.9203	22.123	22.3657	22.4967	22.4271	23.0373	22.5612	22.7624	22.411		22.3858	22.0436	22.3844	22.2991	22.5947	22.1504	21.9511	22.1078	21.9448	22.1769
PROT_0864	20.8102	20.492	21.0336		20.9629	20.8885		20.911	21.0856		21.1778	20.8196	20.4951	20.6717	20.5736	20.4239	21.0215	20.5791	20.4925	20.444
PROT_0865	21.1254	20.7759	21.0038	20.9305	20.7456	20.7269	20.7945	20.4845	21.0678	21.2402	20.6365	21.1149	21.0523	20.9451	20.7843	20.9923	21.2067	21.2274		21.1634
PROT_0866	25.5395	25.2455	25.2703	25.2927	25.3471	25.3983	25.4417	25.4959	25.3744	25.2834	25.4361	25.4487	25.1357	25.6729	25.5663	25.742	25.1231	25.3896	25.1186	25.4192
PROT_0867	21.0747	21.3837	21.4922	21.1344	21.6604	21.4688	21.8024	21.3423	21.6293	21.9637	22.0393	21.6666	21.5697	21.5101	21.7361	21.5066	21.7083	21.6134	21.5477	21.6289
PROT_0868	26.6539	26.4547	26.6189	26.3738	26.4486	26.5939	26.3249	26.5107	26.4915	26.3821	26.3413	26.5551	26.2599	26.6944	26.3105	26.4484	26.4379	26.4448	26.5139	26.3988
PROT_0869	24.2513	24.3241	24.1538	24.4272	24.5771	24.3648	24.08	24.4583		24.383	24.3941	24.4001	24.222	24.4372	24.2227	24.7397	24.4471	24.8141	24.4808	24.304
PROT_0870	18.0739			18.2659		19.7426		19.491		19.6755	19.9652	20.1421		20.2082	20.041	19.7895	19.528	19.7891	19.9172	19.4494
PROT_0871	26.2942	26.4706	26.3701	26.3798	26.3842	26.3561	26.1751	26.0871	26.5981	26.3837	26.4205	26.4044	26.3729	26.5516	26.2927	26.2658	26.7794	26.0566	26.3849	26.2151
PROT_0872	23.9302	23.8815	23.9595	24.1272	24.3479		24.006		24.4872	24.0249	24.3068	24.1088	24.0614	24.1873	24.0	24.3284	22.8385	22.9781	23.0361	22.9726
PROT_0873	22.5103	22.2265	22.6264	22.4982	22.4734	22.4912	22.7511	22.6333	22.5025	22.452	22.6045	22.6902	21.9264	23.1404	22.4723	22.6123	22.3184	22.844	22.0619	22.1297
PROT_0874	23.6057	23.1619	23.6894	23.1936	23.5457	23.0571	23.4272	23.2962	23.5838	23.7211	23.8029	23.3776	23.3795	23.1968	23.5828	23.6128	23.5541	23.659	23.4613	23.5269
PROT_0875	24.5922	24.5112	24.3251	24.3542	24.5243	24.427	24.5109	24.7539	24.5082	24.6214	24.4941	24.4026	24.4258	25.0483	24.8302	24.9013	24.5941	24.6121	24.6916	24.5366
PROT_0876	24.7054	24.3226	24.6824	24.6492	24.4591	24.5146	24.4057	24.3885	23.9889	23.4812	23.7918	23.8789	24.5572	24.0733	24.7065	24.629	24.681	24.5717	24.955	24.6792
PROT_0877	25.1685	24.402	24.693	24.4966	24.8243	24.5853	24.6802	24.6115	25.1798	24.852	25.0245	24.8034	24.6189	24.7354	25.0841	24.8597	24.754		24.5008	24.4608
PROT_0878	23.1352	23.3519	22.449	22.7965	22.9282	23.1203	22.826	22.9431	22.9115	22.8331	22.7182	23.2404	22.8937	22.9517	23.1308	22.8963	22.6274	22.5505	23.21	22.7986
PROT_0879	22.5462	23.2348	22.4218	22.8321	22.4527	23.0255	22.5277	22.7466	22.4242	22.664	22.7043	22.6577	22.5624	23.0785	22.7831	22.9696	22.7163	23.0976	22.9987	22.9118
PROT_0880	21.7425	21.5759	21.0159	21.4203	21.5734	21.4672		21.3637	21.4188	21.5857	20.8604	21.186	22.0328	21.4462	21.5643	21.2194	21.1415	21.5139	21.1014	21.1295
PROT_0881	24.6716	24.7717	24.775	24.9563	24.9847	25.098	24.9629	25.0298	24.9418	24.9271	25.0205	24.9421	24.8112	24.8761	24.9513	25.2112	24.9185	24.956	25.381	25.233
PROT_0882		18.6707			18.9811	19.1951	19.0657	18.964		19.1937		20.0295	19.0604	18.8704		19.202		19.3391	19.1012	19.0691
PROT_0883	23.9154	23.6812	23.828	23.8407	24.0574	24.2133	24.1924	23.986	23.918	23.9221	23.9762	24.4904	24.1385	24.1739	23.6119	24.0553	24.2061	23.818	23.9547	24.0811
PROT_0884	21.2536	21.4506	21.2148	21.3817	21.4508	21.3575	21.6583	21.2607	21.5896	21.2569	21.1361	21.2169	21.3874	21.2359	21.4197	21.4583	21.3176	21.1874	21.2891	20.9917
PROT_0885	22.3483	22.3325	22.1955	22.7035	22.2642	22.3744	22.7223	22.4898	22.1945	22.2271	22.181	22.7665	22.4151	22.4638		22.3214	22.2474	22.4151	22.3569	22.4103
PROT_0886	21.5124	21.1229	21.3172	21.4218	21.4348	21.6395	21.8297	21.2976	21.7435	21.4892	21.567	21.4273	21.1812	21.7819	21.9935	21.1943	21.7187	21.2756	22.2219	21.1694
PROT_0887	23.4695	23.6221	24.0214	23.6749	24.0314	23.6639	23.881	23.8719	23.8351	23.4974	23.8176	23.695	23.9399	23.8936	23.9223	24.1939	23.7735	23.9475	23.7394	23.5413
PROT_0888	23.3063	23.3677	23.7935	23.0232	23.7912	23.1996	23.2994	23.4061	23.4888	22.9185	23.5279	23.4052	23.4631	23.5227	23.7351	23.6118	23.5829	23.3159	23.5814	23.3558
PROT_0889	19.4928	20.1165	20.5634	20.4851	19.9439	20.4105	20.0555	19.8759	20.1916	20.085	20.0129	20.2536	19.6103		20.41	20.5731	20.2361	20.1319	20.3607	20.7462
PROT_0890	23.2342	23.1209	23.5259	23.1966	23.542	23.1717	23.7854	23.3836	23.4292	23.5807	23.4275	23.3312	23.3158	23.403	23.7805	23.6008	23.3766	23.4436	23.7106	23.3007
PROT_0891	20.9801	20.2578		20.8094	20.8184		20.8564	20.8001	20.9061	21.1053	21.0325	20.865	20.8459	21.4985	20.8873	21.0658		21.5139	20.54	21.2556
PROT_0892	19.2319	19.0346	18.7755		19.4651	19.6617	20.3375	19.8778	19.3166		19.403	19.9322	18.5503			18.4722	19.1622	19.5449		
PROT_0893	25.1018	25.3348	25.5555	25.4708	24.7741	24.7915	25.023	24.9025	24.6482	24.9465	24.6822	24.5795	24.9641	25.4207	25.3278	25.1721	25.3369	25.3977	24.9165	25.0735
PROT_0894	26.2742	25.8836	26.1031	25.7414	26.2948	25.9132	26.0902	25.9095	26.112	25.676	26.3566	26.2032	26.2036	26.2386	26.4186	25.9689	26.4349	25.8539	26.0398	25.6372
PROT_0895		17.3962			16.1799									17.2459	16.8922		17.2122			
PROT_0896	23.1679	23.054	23.3193	23.1384	23.2225	23.1032	23.2741	22.8157	23.5419	23.5802	23.6501	23.405	22.9061	23.2745	23.1643	22.8996	23.1448		23.3806	23.0812
PROT_0897		22.5528	23.1554	22.39	22.6719	22.6875	23.0413	23.0658	22.8209	22.2856	22.7011	23.1149	22.9329	22.9078	23.1234	23.0312	22.5046	22.3812	22.8857	22.5731
PROT_0898	25.2824	25.2155	25.0515	25.0877	25.4362	25.1273	25.1309	25.3784	25.2157	24.9999	24.8456	24.8287	25.2402	25.339	25.2343	25.3974	25.0172	25.2436	25.1863	25.1232
PROT_0899	24.262	24.7961	24.5516	24.7933	24.4822	24.1406	24.646	24.745	24.3278	24.6136	24.6596	24.9768	24.5679	24.5878	24.8271	24.6857	24.766	24.5604	24.5606	24.1794
PROT_0900	25.5333	25.1109	25.78	25.2809	25.4292		25.9843	25.2777	25.3505	25.4613	25.6093	25.0451	24.9983	25.2097	25.2712	25.2881	25.2085	25.2065	25.3436	25.1015
PROT_0901	23.0159	22.9269	22.7484	22.4595	22.4107	22.932	22.7995	23.0074	22.6258	22.4599	22.239	22.5026	22.5188	22.4645	22.3768	22.5821	22.308	22.7117	22.4133	22.916
PROT_0902	23.33	23.0961	23.1476	23.3738	23.4278	23.6501	23.4286	23.345	23.2457	23.6485	23.5148	23.3052	23.3497	23.418	23.8125	23.7413	23.8065	23.566	23.3123	23.0402
PROT_0903	26.2051	26.5493	26.2365	26.4945	26.2574	26.3995	26.489	26.2712	26.4816	26.3829	26.572	26.6181	26.688	26.6388	26.4898	26.6089	26.3978	26.5487	26.6192	26.5024
PROT_0904	21.5245	21.5407	20.8052	21.4239	21.6828	21.2627	21.3328	21.2394	21.2821	21.2588	21.2877	21.1598	21.2183	21.3801	21.1344	21.4759	20.9656	21.328	21.6486	21.4039
PROT_0905	19.9555		20.7971	19.5054	19.8832		19.8299	19.8761	19.1688	20.062	19.8057	19.1782	19.5832	19.6647	19.5848		20.1042	20.2205	20.169	
PROT_0906	24.0131		23.2711	23.5104	23.6262		23.729	23.7476	23.3391			23.7054	23.3371	23.304	23.4298	23.7216	23.2901	23.4307	23.447	23.4289
PROT_0907	22.4908	22.4229	22.4445	22.4297	22.3441	22.5281	22.3356	22.1137	22.1696	22.4222	22.5194	22.3503	22.4282		22.388	21.9474	22.4205	21.9467	21.8182	22.7572
PROT_0908	22.7915	22.6146	22.5313	22.5893	22.7338	22.5174	22.9019	22.4286	22.5373	22.502	22.8575	22.7946	23.0265	22.5958	23.2123	23.1326	22.8267	22.9138	22.9188	22.3958
PROT_0909	24.0561	23.5557	24.0549	24.5408	24.3008	24.1235	24.4264	24.3463	24.4654	24.3844	24.2801	24.3024	24.4838	24.4666	24.3389	24.2655	24.5048	24.4953	24.4259	23.9912
PROT_0910	22.9297	23.1525	23.4613	23.0324	23.3503	23.0016	22.9808	22.8964	22.8856	23.0338	23.0699	23.3318	23.0099	22.7197	23.152	22.7676	22.8595	23.0944	22.7907	23.5302
PROT_0911	25.5934	25.6672	25.8146	26.0787	26.2551	25.7819	25.7492	25.6934	25.8114	25.7682	25.8055	25.7805	25.826	25.657	25.9825	25.63	25.8046	26.0683	25.8289	25.6668
PROT_0912	29.3977	29.4521	29.6309	29.6616	29.6625	29.3438	29.8072	29.7158	29.4979	29.6555	29.5806	29.8043	29.7206	29.6884		29.8581	29.7699	29.8018	29.3927	29.3862
PROT_0913	24.2265	24.0728	24.0846	24.1622	24.0526	23.8581	24.476	24.2547	24.1564	24.2325	24.2457	24.2105	24.0695	24.1504	24.1025	24.18	24.212	24.1405	24.5044	24.4402
PROT_0914	22.111	22.3257	22.436	22.2946	22.2461	22.8132	22.7753	22.5582	22.5543	22.3213	22.2006	22.334	22.6844	22.6679	22.7897	22.3062	22.3564	22.1511	22.7047	22.158
PROT_0915	20.1559	19.7166	20.3119	19.2915	19.8573	19.8334	20.5249		19.3601	19.4761	19.5311	19.9674	19.8945		19.5256	19.7441	19.8242		20.5171	19.2275
PROT_0916	23.5338	23.4967	23.5975	23.5136	23.4629	23.2678	23.7168	23.842	23.5378	23.8631	23.1577		23.6092	23.1724	23.4165	23.3428	23.6468	23.788	23.4167	23.6498
PROT_0917	25.8798	25.7303	26.1142	25.8	26.4699	26.2743	26.3587	26.324	26.5643	26.333	26.858	26.6672	26.4905	26.4632	26.451	26.264	26.2037	26.1104	26.1921	25.8104
PROT_0918	24.1131	24.2475	24.0168	24.1567	23.5976	23.7423	23.991	23.7226	23.8679	23.9438	23.6019	24.0018	23.631	23.6434	23.7613	23.9004	23.9832	24.2747	23.8957	23.9062
PROT_0919	20.1039	20.0098	20.1741	20.2059	20.3097	20.5742	20.5872	20.5108	20.7331	20.2267	20.3232	20.3172	20.2092	20.7371	20.1739	20.6561	20.7235	20.0306	19.9438	20.2336
PROT_0920	26.0156	25.756	25.8594	25.8316	25.9824	25.9579	25.7874	26.0719	25.9015	26.101	26.2686	26.061	25.6789	25.9433	25.7353	25.7408	25.8609	25.8808	25.881	25.8219
PROT_0921	24.281	23.9089	23.8857	23.8582	23.9459	24.1906	24.1376	23.9857	24.1696	24.2546	24.2517	24.1521	23.9706	24.0609	23.9623	24.0275	24.1561	23.9539	24.4345	23.997
PROT_0922	26.5248	26.2917	26.4451	26.2851	26.5676	25.852	26.3428	26.4117	26.4444	26.2845	26.5474	26.2373	26.3672	26.3292	26.4339	26.2251	26.3089	26.0957	26.318	26.2001
PROT_0923	26.2986	26.7766	26.1059	26.1812	26.3497	26.7689	26.4607	26.6998	26.6354	26.2152	26.4292	26.5868		26.7905	26.2761	26.6796	25.9939	26.6314	26.3376	26.5473
PROT_0924	24.8102	24.7803	24.5841	24.6202	24.7615	24.6595	24.6573	24.739	24.9342	24.5177	24.6901	24.9224	24.5975	24.637	24.6753	24.4746	24.5839	24.6973	25.0716	24.4731
PROT_0925	24.527	24.1585	24.3054	24.0177	24.7698	24.2811	24.437	24.0356	24.5212	24.2077	24.1514	24.1512	24.4714	24.4029	24.3668	24.2366	24.4316	23.9988	24.3179	24.1369
PROT_0926	24.4619	24.4342	24.4464	24.2967	24.8854	24.3665	24.5692	24.5708	24.3055	24.459	24.3674		24.5968	24.6007	24.1373	24.6906	24.8841	24.0195	24.4872	24.5109
PROT_0927	23.8567	24.0189	23.9744	24.0635	24.1375	24.0031	24.371	24.0385	23.8638	24.1483	24.1142	24.0398	24.3991	24.0153	23.9099	23.9062	24.2916	24.1198	24.0256	23.8971
PROT_0928		19.3142	20.1284	19.2953	19.7627			18.4917	19.4067	19.1381	19.4807	19.5314		20.1115	19.1283		19.0976	19.1166	19.5087	19.6156
PROT_0929	19.8223	20.1527	20.683	20.4018	20.3659	19.9215	20.2731	20.4046	20.5618	20.6031		19.9737	20.2699	20.5797	20.4157	20.1912	20.3588	20.5066	20.3702	
PROT_0930	28.267	27.985	28.2718	28.1454	28.6247	28.4725	28.8039	28.559	29.0919	28.8682	28.7806	29.2887	28.8147	29.0869	29.0315	28.8067	28.5503	28.116	28.2846	28.1939
PROT_0931	23.7861	23.8828	23.8282	23.866	23.884	23.4261	24.1599	24.0743	23.6598	23.7466	23.3757	23.6468	23.9157	23.9974	23.8658	23.9532	23.7634	23.7987	24.1472	23.7423
PROT_0932	24.6546	24.9732	24.8516	25.178	25.0083	24.8394	25.2841	24.9898	24.7552	25.2061	24.7314	24.8271	24.8083	24.5573	25.0595	24.7951	24.6856	24.8843	24.6222	24.8522
PROT_0933	21.0112	20.3145	19.7172	20.5557	20.1272	20.7901	21.129	20.3961	20.421	20.3361	20.1329	20.6268	20.3913	19.9393			20.8622	20.0859	20.2542	20.6668
PROT_0934															17.1683					
PROT_0935	22.4129	22.5145	22.3606	22.7876	22.4725	22.6347	22.2571	22.2471	22.3382	22.3489	22.4605	22.79	22.4014	23.3858	22.2915	23.1955	22.3636	22.5548	22.0815	22.6434
PROT_0936	19.8104	20.1744	20.1728	20.0567	19.9163	20.8665		20.2075			20.5049		20.5652	20.319	20.8677	20.3173	20.3664	20.4388	19.9175	
PROT_0937	28.1309	27.9963	27.9401	28.0772	27.9797	28.2135	28.0514	28.0936	28.2474	28.0997	28.2298		28.1607	27.993	28.0157	28.2323	28.2599	28.3414	28.1041	28.2239
PROT_0938	21.9005	21.5004	21.6245	21.7291	22.6087	22.0744	21.8314	21.9801	21.9761	22.0531	21.6162	22.0598	21.4706	21.6286	21.8068	21.8892	21.7856	22.1693	21.8414	21.3339
PROT_0939	26.3719	25.7283	26.2915	25.7494	26.5548	25.4779	26.2089	25.7338	26.0946	25.8149	26.1566	26.0564		25.7234	26.2966	25.7918	25.9816	25.6852	26.1628	25.76
PROT_0940	27.0765	27.2735	27.2652	27.5931	27.2144	27.474	27.4877	27.6865	27.3131	27.4555	27.3959	27.7026	27.1947	27.617	27.3683	27.3384	27.3174	27.2389	27.3925	27.3591
PROT_0941	22.2334	22.398	22.5891	22.5834	22.1023	22.4546	22.275	22.4096	22.0372	22.0944	22.5473	22.4032	22.7432		22.3555	22.465	22.6465	22.4885	22.5596	22.6736
PROT_0942	22.9353	22.312	22.5419	22.2121	22.2917	22.1485	22.451	22.6603	22.2785	21.9452	22.3669	22.2158	22.6899	22.6687	22.557	22.2843	22.6622	22.9335	22.5636	22.3801
PROT_0943	20.0631	20.698	20.7628	20.4061	20.3383	20.7651	20.6126		20.9345	20.5703	20.7616	20.7813	20.1629	20.4932	20.5352	21.0006	21.0619	20.5591	20.7839	20.5231
PROT_0944	23.512	23.6595	24.1349	23.7453	24.2012	23.4262	23.9625	24.0184	23.7814	23.5959	24.3281	23.9216	23.5673	23.5311	23.9057	23.5572	24.2535	23.9791	24.175	24.1074
PROT_0945	20.9787	21.3237	20.9896	20.7956	21.1617	21.4092	21.192	20.8099	21.2006	21.0277	21.0422	20.9021		20.994	20.7353	21.3205	21.2666	20.8302	20.7475	21.3654
PROT_0946	22.8739	22.8034	23.3286		22.9889	23.12	23.581	22.602	23.4464	22.9136	23.0616	22.5989	23.2857	22.6791	23.1154	23.3967	23.3691	22.9631	23.1268	22.7381
PROT_0947	24.508	24.4885	24.4838	24.7063	24.5819	24.6681	24.5596	24.3523	24.1822	24.4546	24.3219	24.4382	24.4256	24.7281	24.7038	24.8436	24.3045	24.3727	24.3833	24.1179
PROT_0948	19.4372	20.5053	19.9964			20.4119	20.2769				19.5755	20.0599	20.2599	19.7442	19.3411	20.0691		19.8899	19.8045	20.3138
PROT_0949	24.8153	25.0529	24.697	25.0854	24.8539	25.3251	24.8897	25.1793	24.9468	25.0111	24.6262	25.0126	24.5422	24.9593	24.9766	25.2018	25.0519	25.2134	24.5125	25.3718
PROT_0950	24.1061	24.1559	23.7851	24.447	24.1372	23.9148	24.0244	24.2936	23.9634	24.0483	23.7864	24.448	23.8207	24.1982	23.6947	24.1202	24.5621	24.3767	23.9393	24.2874
PROT_0951	22.9166	22.5381	22.7786	23.395	22.7038	22.6127	23.139	22.5508	22.7947	23.0633	22.938	22.8392	22.7678	22.8543	22.7674	22.7933	22.5845	23.1	22.6872	23.0032
PROT_0952	23.2817	22.9231	22.969	23.0268	23.2628	22.5814	23.3353	23.1781	22.9021	23.3542	23.2012	23.2285	22.9908	23.3056	23.2984	23.2358	23.2928	22.9864	22.9721	23.0342
PROT_0953	25.0019	24.6862	24.7677	24.6432	24.6577	25.0379	24.6914	24.6724	24.7898	25.0453	24.7036	25.1501	24.5609	24.9357	24.6777	24.7745	24.8568	24.8292	24.815	24.7589
PROT_0954	23.6185	23.6003	23.7528	23.9364	23.7438	23.3533	23.7661	23.8331	23.5372	23.7785	23.8835	23.8472	23.6393	23.3375	23.6476	23.6735	23.9836	23.6977	23.6043	23.6651
PROT_0955	22.5572	22.5673	22.5626	22.4103	22.9974	22.4941	22.7137	22.3864	22.5734	22.5598	22.1032	22.3653	22.4194	22.2988	22.82	22.3621	22.6309	22.5453	23.1469	22.6292
PROT_0956	23.128	22.6714	22.8065	22.5684	22.5782	22.9896	23.0528	23.0198	22.708	22.707	22.7442	23.0315	22.8731	23.2724	22.7361	23.1209	22.7151	22.8954	22.987	22.7473
PROT_0957	22.9407	23.301	23.359	23.1601	23.0959	23.2551	23.4925	23.2478	23.5944	23.2267	23.3141	23.294	23.2311	23.7058	23.4962	23.1463	23.5058	23.8424	23.3187	23.6868
PROT_0958	25.3789	25.3574	25.2758	25.6623	25.4336	25.5633	25.6599	25.4824	25.0586	25.7932	25.268	25.4613	25.4668	26.0426	25.6732	25.6802	25.6374	25.6604	25.3957	25.6792
PROT_0959	22.924	23.2172	23.0834	22.8513	23.7086	23.4302	23.296	23.3682	23.1817	23.3153	23.3916	23.0489	23.5634	23.4453	23.0411	23.2363	23.2564	23.4765	23.4468	23.0081
PROT_0960	21.6034	21.6571	22.0658	21.2633	21.5465	21.3189	21.5398	21.3826	22.0963	22.0476	21.3983	21.3201	21.6655	21.3874	21.4226	21.3422	21.0492	21.6449	21.7712	
PROT_0961								17.4761	17.251	17.3963	17.7596									
PROT_0962	22.4557	22.3678	22.369	21.842	22.6142	22.6045	22.5226	22.4511	23.9329	24.406	23.66	24.0144	22.9037	22.6426	22.6797	22.6396	22.4959	22.1098		22.5583
PROT_0963	22.3762	22.3407	22.3086	22.4915	22.4518	22.1538	22.63	22.363	22.6617	22.3124	22.0739	22.5332	22.1375	22.3216	21.8318	21.8769	22.4772	21.9057	22.2012	22.3
PROT_0964	22.5641	22.2054	22.381	22.5299	22.9959	22.4481	22.9512	22.181	22.3014	21.8	22.492	22.1974	22.4411	22.7936	22.4483	22.8362	22.2061	21.7523	22.8097	22.1532
PROT_0965	25.3201	25.3507	25.3705	25.4376	25.772	25.6044	25.8759	25.7306	25.4081	25.6879	25.5641	25.516	25.7471	25.866	25.5347	25.5386	25.6455	25.53	25.5924	25.7351
PROT_0966	21.8332	21.8204	21.7993	21.7291	21.7797	21.6003	21.6067	21.7257	21.8214	21.7117	21.8204		21.2236	21.3981	21.2759	21.6786	21.6368	21.2801	22.2183	22.1054
PROT_0967	26.6095	26.6981	26.5493	27.0228	26.5718	26.4771	26.7024	26.8794	26.628	26.8422		26.7374	26.7057	26.6362	26.6835	26.9644	26.5745	26.8087	26.4426	26.8884
PROT_0968	24.9675	24.9696	24.6136	24.5867	25.145	24.7619	24.6117		25.0575	24.8581	24.7786	25.1093	25.167	25.244	25.0029	24.7569	24.9745	24.8801	25.0741	25.2481
PROT_0969	24.7717	24.4429	24.6355	24.364	24.1871	24.1295	24.5409	24.1796	24.4454	24.1843	24.3207	24.2424	24.654		24.1228	24.1314	24.305	24.6898	24.1598	24.3631
PROT_0970	29.0672	28.659	28.7249	28.5813	28.7456	28.4285	28.8295	28.5497	28.7003	28.6315	28.7954	28.8821	28.8665		28.8637	28.6296	28.7549	28.6773	28.6518	28.4349
PROT_0971	27.8132	28.2093	28.0131	27.8965	28.1567	28.0392	28.0914	28.358	27.9526	28.4785	28.2642	28.1969	27.9387	28.5557	27.9038	28.2127	28.3785	28.3072	28.0974	28.2369
PROT_0972	26.7809	27.0261	26.8675	26.6836	26.9552	26.8898	26.8756	26.5638	26.7043	26.6298	26.7163	27.1586	26.9377	27.1108	27.1484	26.9128	26.927	26.8148	27.0851	26.9405
PROT_0973	21.2602	21.4631		21.364	21.0858		21.2472	21.0422	20.7377	21.4734	21.1903	21.0999	20.993	20.7955	21.035	21.4638	21.3023	20.9431	21.7146	
PROT_0974	22.7761	22.2739	22.1456	22.2015	22.4126	22.2794	22.5192	22.6249	23.0057	22.4358	22.6265	22.4257	22.8213	22.6953	22.9772	22.8492	22.4229	22.5766	23.0279	22.825
PROT_0975	20.514	20.7364	20.6055	20.1029	19.8964	20.4148	20.6054	20.7202	20.903	20.2888	21.2961	20.4545	20.6387		20.4257	20.4831		20.1258	19.7301	20.3506
PROT_0976	22.3613	21.6855	22.4344	22.4896	22.0959	21.7728	22.2822	22.4147	21.9738	21.9542	22.5195	21.8362	22.2106		22.0682	22.3197	21.5721	22.0139	22.1766	21.9671
PROT_0977	23.3664	23.258	23.6473	23.6998	23.7676	22.9773	23.5319	23.4676	23.5755	23.4872	23.1584	23.0617	23.0646	23.1865	22.7781	23.2333	22.9976	22.8688	23.2914	22.8559
PROT_0978	21.4467	21.1837	21.2839	21.3521	21.7045	21.44	21.3764	21.2145	21.3791	21.4915	21.008	20.8779	21.3778	21.2466	21.2584	21.0791	21.8455	21.0832	21.0677	21.5905
PROT_0979	23.8547	24.0585	23.62	23.7517	24.0893	24.1368	24.3379	24.4523	23.9666	23.7506	24.1097	24.0796	23.992	24.241	23.7464	23.9997	23.8452	23.7631	23.7387	24.0507
PROT_0980	24.277	24.2454	24.385	24.3685	24.531	24.6542	24.3735	24.3608	24.3324	24.284	24.0804	24.0963	24.4192	24.6957	24.6683	24.2212	24.4371	24.697	24.4265	24.5599
PROT_0981	25.2645	25.7784	25.2989	25.6991	25.7808	25.672	25.1971	25.8998	25.3922	25.5186	25.5357	25.6972	25.1897		25.3754	25.7337	25.4105	25.5181	25.3277	25.5772
PROT_0982	23.5565	23.3703	23.4287	23.482	23.4338	23.4935	23.5511	23.3222	23.2766	23.6005	23.4588	23.1839	23.4457	23.6371	23.3917	23.458	23.4744	23.6137	23.1747	23.5189
PROT_0983	22.4002	22.7842	22.8439	22.8202	23.2901	23.0774		23.4525	23.2859	23.5739	23.1926	23.5295	23.1268	23.7168	23.3007	23.6946	22.9815	23.6688	23.2736	22.984
PROT_0984	23.027	22.505	22.681	22.7207	22.736	22.88	22.9508	22.7287	22.5123	22.8045	22.6808	22.9452	22.6008		23.1491	22.926	22.8875	22.7887	22.8232	22.7747
PROT_0985	20.4936	20.4582	20.8335	20.687	20.4209	20.2428	20.5195			20.5567	20.7654	20.0521	20.7864	20.4793	20.5195	20.3101	20.3943	20.9591	19.9617	20.7553
PROT_0986	22.2397	22.4698	22.3423	22.5105	22.6208	22.7214	22.8386	22.5113	22.4012	22.1423	22.4322	22.7821	22.6816	22.455	22.6064	22.2937	22.6925	22.3982	22.5309	22.9431
PROT_0987	21.8415		21.9567	22.0571	22.5173	22.1018	22.1664	22.3984	22.1235	22.3848	22.0105	21.9781	21.781	22.404	22.0029	22.1163	22.1069	22.0584	21.6245	21.648
PROT_0988	22.1044	21.9094	22.0264	22.1062	21.7484	21.5897	22.4462	21.7986	21.5967	22.2802		21.9032	21.7999	22.5155	21.6478	22.3216	22.1134	22.3123	21.959	22.3009
PROT_0989	21.5947	21.4205	21.594	21.7689	21.8506	21.2893	22.0696	21.7547	21.5204	21.4547	21.5949	21.3434	21.5907	21.972	21.7504	21.6444	21.2342	21.61	21.5876	21.6649
PROT_0990	22.4462	22.28	21.9996	21.9565	22.2816	22.305	22.5482	22.9184	22.1031	22.3631	22.1561	22.2846	21.9373	22.1868	22.3033	21.9719	21.787	22.3578		21.8958
PROT_0991	26.241	25.9829	26.1646	25.8179	25.5745	25.7115	25.93	26.1488	26.4577	26.1902	26.2636	26.4052	26.043	26.0284		26.0584	25.9265	26.0678	25.9958	25.6826
PROT_0992	23.4191	23.5066	23.7137	23.8093	23.5627	23.5848	23.2801	23.3711	23.1369	23.7543		23.7514	23.5271	24.3366	23.0875	23.8941	23.4865	23.159	23.2433	23.5715
PROT_0993	23.0275	22.668	23.0438	22.9197	23.543	22.6542	22.9192	23.1005	22.9665	22.8232	23.0297	23.6489	23.0484	23.4717	23.0571	22.9867	22.5122	23.1658	22.6972	22.956
PROT_0994	21.05	21.1169	21.2474	21.6948	21.7026	21.4011	21.3303		21.2101	21.7157	21.3186	21.2419	21.4871	21.3834	21.1348	21.7533	21.5802		21.1527	20.978
PROT_0995	23.278	23.57	23.4158	23.1708	23.4398	23.2148	23.17	22.8965	23.1333	23.1289	23.1451	22.8959	22.9331	23.1098	23.3066	23.3565	23.3835	23.1227	22.8205	22.9269
PROT_0996	20.9679	21.2998	21.3075	20.8815	20.972	21.1938	20.7267	21.2375	21.3147	21.684	21.1268		21.6849	21.9841	21.8189	21.6756	20.7748	21.3373	21.3018	21.0906
PROT_0997	21.4771	21.9241	21.5177	21.84	21.7798	21.3388	21.9689	21.5857	21.4936		22.078	22.221	22.0405	22.0102	21.7594	22.0714	21.7951	21.4175	22.1113	21.9656
PROT_0998		23.2287	23.3019	23.2889	23.588	23.1561	23.5205	23.2313	23.5989	23.3358	23.4229	23.4562	23.5538	23.4171	22.9201	23.4568	23.4489	23.6187	23.6583	23.0311
PROT_0999	22.306	22.0491	22.5291	22.5271	21.2945	21.3706	21.3975	21.2553	21.4987	21.5591	21.9754	21.6934	22.0127	21.8007	21.3603	21.57	22.2781	21.9479	22.0428	21.6236
