protein_id	WT1_t1	WT1_t2	HetEd1_t1	HetEd1_t2	HomEd1_t1	HomEd1_t2	HetRev1_t1	HetRev1_t2	HomRev1_t1	HomRev1_t2	WT2_t1	WT2_t2	HetEd2_t1	HetEd2_t2	HomEd2_t1	HomEd2_t2	HetRev2_t1	HetRev2_t2	HomRev2_t1	HomRev2_t2	WT3_t1	WT3_t2	HetEd3_t1	HetEd3_t2	HomEd3_t1	HomEd3_t2	HetRev3_t1	HetRev3_t2	HomRev3_t1	HomRev3_t2	WT4_t1	WT4_t2	HetEd4_t1	HetEd4_t2	HomEd4_t1	HomEd4_t2	HetRev4_t1	HetRev4_t2	HomRev4_t1	HomRev4_t2	WT5_t1	WT5_t2	HetEd5_t1	HetEd5_t2	HomEd5_t1	HomEd5_t2	HetRev5_t1	HetRev5_t2	HomRev5_t1	HomRev5_t2
PROT_0000	22.3799	22.9575	22.9633	22.6116	22.7818	22.5551	22.6148	23.0295	23.262	23.4498	22.636	22.7698	23.6067	22.906	23.1099	23.2541	22.3687	23.1404	23.144	23.2067	22.9805	23.0668	22.9079	22.9008	23.4406	22.9199	22.6786	23.112	22.6989	22.8613	22.6658	22.8641	23.1526	22.6742	22.7311	22.7871	22.5549	23.7044	23.071	23.1282	22.6713	22.836	23.3287	23.0256	22.9463	22.9634	22.5358	23.2042	23.0443	23.1436
PROT_0001	24.2409	24.1311	24.6016	24.9441	24.6301	24.5763	24.1086	24.3697	24.2373	24.3084	23.9811	24.0249	24.2621	24.2407	24.5499	24.0458	23.892	24.1501	23.8859	24.0787	24.3344	24.3015	24.3405	24.1859	24.4368		24.4275	24.0986	23.9386	24.3785	23.5232	23.7762	24.566	23.8392	24.3777	24.1713	24.068		24.1965	24.3979	24.1436	23.9794	24.2686	24.0978	24.1181	24.062	24.3046	24.2944	24.101	24.1402
PROT_0002		25.1052	25.5082	25.0926	25.1654	24.5146	24.8263	24.9071	24.98	24.8048	24.8276	24.9758	24.9282	24.8953	25.0263	25.0545	25.2377	24.9218	24.8948	24.9702	25.1854	24.7547	25.151	25.0727	24.8504		25.1729	24.8804	25.3911	24.9447	25.0154	25.1604	25.2727	24.6771	25.2708	25.0976	25.05	24.9343		24.8097	25.2336	25.1653	24.7946	25.1057	24.7221	25.0385	25.3192	24.9879	25.3527	24.8429
PROT_0003	24.8021	25.0643	24.7113	24.6132	24.4599	24.8357	25.0894	24.5881	24.9114	24.2414	24.8947	24.672	24.2837	24.6059	24.5277	24.7913	24.6429	24.6985	24.952	24.4666	25.1314	25.0993	24.6951	24.8132	24.633	24.8506	24.7375	24.4941	25.0113	24.4027	25.1641	24.7836	24.5513	24.8661	24.4093	24.625	24.7081	24.5874	24.8402	24.5941	24.2304	24.2791	24.6135	24.9162	24.426	24.958	24.9307	24.5492	24.9563	24.7946
PROT_0004	22.9571	22.552	22.5782	22.3156	22.0752	22.5303	22.1914	22.6084	22.662		22.807	23.0393	22.4465	22.1073	22.8155	22.7906	22.8004	22.1981	21.8305		22.7748	22.5329	22.518	21.9808	22.0908	22.5951	22.3657	22.1161	22.2791	22.4091	22.5144		22.534	22.0662	22.5484	22.4747	22.6606	22.6337	22.1557	22.2946	22.2559	22.533	21.658				22.4414	22.3965	22.3561	22.421
PROT_0005	23.214	22.7531	22.8938	23.0506	22.8072	23.2599	23.0945	23.2048	23.0853	23.1901	23.7248	23.101	22.7625	23.3122	22.7446	23.5266	23.3056	22.8634	22.9014	23.023	23.2775	23.1873	23.4441	22.9781	23.6855	23.2755	22.9275	23.1679	23.0788	23.0481	23.2465	22.8766	23.106	22.9997	22.8356	22.8834	23.0279	22.8717	23.4108	23.124	23.0622	23.0024	22.8937	23.0645	22.835	23.5024	22.8416	22.8827	23.333	23.0493
PROT_0006	24.7334	24.7526	25.1266	24.9737	24.7577	24.7576	24.8021	25.2901	24.9983	24.8452	24.6604	24.7281	24.8861	24.7436	25.0343	24.9415	25.1117	25.2581	25.3257	25.2697	24.6686	24.1971	25.121	24.8618	24.9298	24.7717	24.8297	24.4846	25.237		24.729	25.0096	24.8715	24.7241	24.9753	24.9	24.5115		25.2441	24.9355	25.1325	24.9534	25.0151	25.1282	24.7762	24.8185	24.7777	24.9727	25.1226	24.9876
PROT_0007	21.4741	21.3667	21.2587	21.3259	21.5432	21.4993	21.1261	22.156	21.9602	22.0429	21.8038	21.6208	21.7245	21.7122	21.3707	21.5671	21.3488	21.4068	21.3433	21.6218	21.6241	21.936	21.977	21.8672	21.5154	21.8549	21.7002	21.6385	21.2815	21.7921	21.756	21.3925	21.8261	21.1778	21.2823	21.3253	21.2075	21.521	21.5957	21.9833	21.1049	21.3236	20.9803	21.2644	21.0708	21.1857	21.7937	21.7227	21.4701	21.6694
PROT_0008	20.8931	21.815	21.2184	21.0189	21.6034		21.6993	21.3829	21.1184	22.0139	21.1381	21.2909	21.3958	21.1619	21.0772	21.889	21.6845	21.4544	21.3014	21.6291	21.806	22.1469			22.1751	21.9542	20.9151	22.1093	21.7288	21.5256	21.2959	21.764	21.5627	21.8065	21.8004	21.3905	21.3374	21.9419	21.7142	21.1646	21.1555	21.2618	21.659	21.8721	21.634	20.8954	21.9101	21.4185	21.4976	21.2515
PROT_0009	24.7106	24.5885	24.7453	24.3592	24.7193	24.7127	24.5451	24.3203	24.6582	24.4519	24.7232	24.3597	24.4737	24.2932	24.324	24.6748	24.605	24.5004	24.3613	24.3834	24.8772	24.7214	24.6255	24.3537	24.8455	24.7797	24.4714	24.527	24.1113	24.8543	24.407	24.8217	24.6496	24.423	24.6933	24.6909	24.5674	24.3881	24.3524	24.5507	25.0599	24.8583	24.5647	24.4797	24.0805	24.4387	24.7067	24.6816	24.4597	24.3702
PROT_0010	26.9181	27.1934	27.1202	26.9528	27.0117	26.8092	27.0396	27.3969	27.3326	26.8223	26.7956	27.3708	26.8217	26.8254	26.9098	26.6194	27.4339	27.2208	27.0112	27.1697	26.9014	27.1832	26.9875	27.1515	26.9992	27.0551	27.2937	27.18	27.4272	26.9864	26.9275	27.0698	27.2382	27.3214	27.1176	26.924	27.1791	27.1612	27.0326	27.2635		27.37	27.1803	27.3013	26.9405		27.2538	26.8232	27.1309	26.8982
PROT_0011																																																15.8164		
PROT_0012	22.5459	22.9864	22.6754	22.6312	22.9777		22.5715	22.8655		22.9769	22.9079	22.8453	22.7528	22.5212	22.3789	22.7843	22.7775	23.0673	22.5018	22.3617	23.1842	22.6223	23.4022	23.2358	23.3997	23.2018	22.7888	22.7698	22.7412	22.8514		22.5568	22.9757	22.9385	22.7435	22.5854	22.5593	22.6917	23.0054	22.7209	23.1785	22.7539	23.1842	23.2332	22.5901	22.8958	22.6462	22.195	22.7592	22.8647
PROT_0013	21.3706	21.0763	20.9665	21.062	20.8654	20.8459	20.9375		21.3528	21.0553	20.4831	21.3411	20.8332	21.1223	20.6936	20.976	21.0478	21.4202	20.7086	20.5875		20.9651	20.8732	20.5396	21.1179	20.6545	20.9725	20.6748		20.939	21.1015	21.0268	20.9119	20.972	21.3203	21.1511	21.6148	21.3127	20.7383	21.173		21.2067	20.6634			20.4884	22.094	20.7709	21.0444	20.8439
PROT_0014	23.3265	23.5316	23.4582	23.995	23.8043	22.9641	23.8402	23.3332	23.6002	23.4904	23.8038	23.7214	23.804	23.4866	23.5811	23.7976	23.5027	23.0587	23.8063	23.6526	23.3883	23.7292	23.7823	23.6182	23.888	23.3318	23.2643	23.6722	23.5219	23.4361	23.363	23.8158	23.5777	23.4991	23.9581	23.4246	23.7645	23.3163	23.5767	23.8274	23.8186	23.6475	23.6455	23.5581	23.5287	23.3379	24.0425	23.7265	23.8247	23.5357
PROT_0015	22.1026	21.9856	21.8691	22.0828	21.9889	21.8745	21.7968	21.9233	22.2624	21.9528	21.6626	21.8412	22.0674	21.7614	21.699	22.1386	21.8955	21.7995	21.7016	22.0074	20.7878		22.1176	22.0268	21.8757	21.5525	21.5525		21.9891	22.2058	21.7164	21.8254	21.9815	21.6416	22.1935	22.0354		22.2168	22.0533	21.7065	21.6156	21.9985	22.0472	22.1873	21.4718	21.5165	21.882	21.79	22.0739	21.9651
PROT_0016	22.6954	22.5233	22.3555	22.5579	22.2898	22.5646	23.0934	22.5439	22.2262	22.4626	22.3335	22.5836	22.8052	22.4401	22.4478	22.9605	22.1427	22.0819	22.5122	22.6728	22.626	23.0083	22.4388	22.1166	22.754	22.957	22.6668	22.5704	22.3058	22.4078	22.4448	22.4375	22.6768	22.6449	22.6988	22.419	22.8286	22.9889	22.3807	22.7364	22.423	22.7595	22.2519		22.7952	22.4826	22.9897	22.5877	22.7109	22.947
PROT_0017	23.9999	23.7248	23.893	24.0398	24.332	24.0737	24.264	24.0365	23.8074	23.7672	24.1205	24.0216	24.1315	23.9033	23.8836	23.7272	23.5491	24.0105	23.9997	23.8632	23.6947	23.8502	24.0127	23.6389	23.7734	23.617	23.6035	23.638	24.2408	23.5228	23.9979	23.6833	24.2007	23.8041		23.7368	23.4866	23.5967	24.2231	24.0043	23.9771	23.807	23.6298	23.8598	23.6979	23.854	23.6919	23.5639	23.8665	24.1556
PROT_0018	23.5408	23.1604	23.3549	23.7167	23.4735	23.9567	24.4189	24.5257	24.4021	24.4983	23.5585	23.4034	23.7826	23.2675	23.2828	23.6848	23.4676	23.5924	23.5114	23.6232	24.0998	23.5374	23.5421	23.4201		23.7502	23.3729	23.3935	23.6493	23.3547	23.9402	23.5154	23.544		23.1273	23.7444	23.2359	23.3501	23.4058	23.4466	23.5898	23.8537	23.2848	23.426	23.6333	23.4981	23.0639	23.2241	23.5278	23.5558
PROT_0019	24.4755	24.6121	24.8674	24.8406	24.5602	24.7477	24.6328	24.9187	25.0955	24.849	24.4392	24.3891	24.7282	24.8385	24.6601	24.5186	24.6905	24.3394	24.4041	24.2671	24.5796	24.6031	24.6161	24.9921	24.5716	24.7514	24.4057	24.6634	24.6488	24.8267	24.5697	24.7886	25.0463	24.7649	24.7873	24.7141	24.9531	24.8084	24.4233	24.1346	24.5956	24.4492	24.9034	24.6526	24.7516	24.7853	24.463	24.8024	24.5673	24.4803
PROT_0020		22.5246	21.9632	21.8893	21.9794	21.4023	22.0926	21.3339	22.1016	21.256	21.2326	22.207	21.7136	22.0392	21.5641	21.355	21.8178	21.831	22.1332	21.6844	21.9667	21.8816	21.768	21.6597	21.9691	21.5966	21.4071	21.6463	21.7927	22.0564	21.7332		22.0019	22.1097	21.8536	21.9086	22.0146	21.8008	21.6423	22.2179	21.4199	21.6894	21.6617	21.9794	22.0025	21.5047	21.8283	21.7975	21.5208	22.1924
PROT_0021	20.7709	19.8905		20.0454	21.1581	20.848	20.7247	20.5759	20.8324	20.5629	20.5919	21.0552	20.6481	21.423	20.6678	21.0143		20.566	20.472	20.5831		20.393	20.524		21.1659	21.4362	20.173	20.5495	20.5377	20.9811	20.4962	20.4737	20.8246	20.5847	21.3933	21.107	20.4263	21.3314	20.073	19.7811	20.3764	20.7766	20.7329	20.8908	20.5854	21.0664	19.6058	20.0727	20.4438	20.3831
PROT_0022				19.2046	18.7976	19.3809		17.3044		17.725			18.2286	18.9194						18.8782		18.1776			18.2313	18.3543				18.51			17.8036		18.041	18.1912		18.191		18.6708			18.9439			18.2194			17.9482	18.3029
PROT_0023	22.7348	22.9469	22.713	22.6126	22.5779	22.9575	22.4328	22.8804	22.7376	22.8266	22.9844	22.7192	22.5354	22.6445	22.8552	22.905	22.847	22.8247	22.8325	22.3627	22.8109	22.7908	22.6537	22.9671	22.7106	22.2468	22.9436	22.958	22.9361	22.6545	22.6472	23.1867		22.1958	22.6281	22.5732	22.9744	23.0167	22.8346	22.6191	22.2067	23.1664	22.88	22.9859	22.5256	22.6538	22.8394	22.711	22.8279	22.6384
PROT_0024	22.1851	22.3695	22.007	22.6569	22.0506	22.6233	22.3048	22.1958	22.409	22.593	22.903	22.8466	22.3922	22.4165	22.3964	23.0512	22.0645	22.5476	22.4505	22.0786	22.2029	22.3209	22.3573	22.8175	22.6621	22.1374	22.1336	22.3026	22.412	22.5967	22.5163		22.58	22.3146	22.0299	22.2831	22.2155	22.758	22.3382	22.3351	22.4092	22.5426	21.8971	22.4298	21.9707	22.7646	22.4178	22.1771	22.5653	22.2263
PROT_0025	22.0235	22.5988		22.3272	22.0406	21.7722	22.3548	22.1252	22.3808	22.2318	21.9442	22.5324	22.328	22.0137	22.7491	21.9334	21.9922	22.2256	21.8452	21.9148	22.0487	21.8932	21.6813	21.7909	22.1949	21.8052	21.9702	21.868	21.6011	22.3508	21.684	21.7901	22.3172	21.8029	22.077	21.8427	22.2214	22.1737	21.7097	21.8875	21.9086	21.6606	21.8175	21.7442	22.0586	21.6764	22.1805	21.9923	22.2756	22.525
PROT_0026	23.8946	23.7359	23.7279	23.5448	23.8802	23.6486	24.0239	24.1571	23.9428	24.0331	23.7964	24.161	24.0835	24.1389	24.1366	23.8361	24.1758	24.0484		23.9409	23.8722	23.8119	23.9837	24.0666	24.0102	23.4281	23.6144	23.5415	24.0452	23.8478	23.6705	23.349	23.9062	23.9983	24.1744	23.674	23.8078	23.9834	24.1306	24.0944	23.8163	23.7278	23.6685	23.971	24.1899	23.9399	23.7754	23.8038	24.2116	23.9724
PROT_0027	20.2817	20.3734	20.1733	20.5856	20.2338		20.6395	20.7826	20.4662	20.2654	20.2973		20.7599	20.6012	21.2582	20.878	20.3598	20.8098	20.4711	20.5774	21.4192	20.7146	20.7829	21.1434	20.0033	21.1112	20.9351	20.486	20.4512	20.5775		20.2821	20.8468	20.8565	20.6152	20.6845	20.8361	20.8161	20.6166	20.3788		20.0743		20.4744	20.4581	20.5561	20.5983	20.6277	20.9453	20.7722
PROT_0028	22.3065	22.1156	21.8505	21.6213	22.2691	21.8083	22.5559	22.1198	21.8368	22.1525	21.9665	22.2637	22.1164	22.1481	21.7874	21.9577	22.1324	21.7724	22.5135	22.2724	22.3745	21.8291	21.9389	21.421	21.9377	22.0276	22.0866	22.4186	21.337	22.0674	22.0873	21.953	21.5293	22.0601	21.9416	21.7964	22.0587	22.5571	21.5419	21.626	22.1329	22.1003	21.6673	21.4251		22.1434	21.8625	21.9496	21.7712	22.0278
PROT_0029	25.601	25.0431	25.1736	25.5603	25.4128	25.2374	25.2002	25.4638	25.6785	25.5737	25.4851	25.4497	25.3514	25.4721	25.395	25.4916	25.6971	25.5486	25.3313	25.4449	25.5756	25.2286	25.6807	25.4287	25.457	25.4068	24.9221	25.3392	25.3944	25.6648	25.3003	24.9253	25.648	25.6912	25.64	25.2009	25.3238	25.1668	25.6769	25.4396	25.263	25.3609	25.3871	25.4384	25.6867	25.4545	25.3302	25.3934	25.7106	25.1709
PROT_0030	20.6319	20.541	20.8516	20.1816	20.6573	20.6781	20.229	20.4731	20.4816	20.587	20.089	20.7737	20.6431	20.4536				20.4152	20.2258	20.7942	20.516	20.3691	20.3981	20.6246		20.6667	19.9055	20.0597	20.4913	20.7945	20.6622	20.1981	20.5485	19.9312	20.6337	21.1348	20.743	20.7458		20.6327	19.9461	20.0247	20.522	19.8039	20.1941	20.576	20.731		20.5158	20.9018
PROT_0031	21.2653	21.7973	21.949	21.7062	21.6602	21.6425	21.7284	22.0986	21.4323		21.6877	21.825	21.9021	21.5082	21.501	21.1954	21.4	21.4402	21.6246	21.9959		21.2471	21.9353	21.6196	21.9874	21.8633	20.884	21.4043	21.3384	21.8961	21.5203	21.3927	22.239	21.459	21.4825	21.6476	21.6303	22.2153	20.951	21.5735	21.5211	21.4557	21.6826	21.6847	21.0105	21.0638	21.5727	21.7825	21.4363	21.7195
PROT_0032	25.9744	25.874		25.6458	26.0341	26.1926	26.0278	26.1602	25.7851	25.9419	25.704	26.0235	26.0067	26.098	26.3507	26.0758	26.3945	26.3154	26.2048	25.9122	26.1068	26.1498	26.0892	25.5546	26.292	25.9683	26.1216	26.1292	25.8288	26.3644	25.7348	25.9456	26.282	25.6716	25.9717	25.9878		26.0441	25.7343	26.1168	26.1952	25.9964	25.7413	25.7738	25.9549	26.1347	26.2026	26.1831	25.8473	25.943
PROT_0033	28.1886	28.1379	27.641	27.7865	27.9501	27.8517	27.9146	28.1361	28.0926	28.0219	27.9806	28.1201	27.7657	27.9066	28.2182	28.149	27.74	27.5171	27.8851	27.6247	28.0877	28.0244	27.7858	27.8093	27.8528	27.9428	27.9586	27.7059	27.9398	28.0381	28.0721	27.9232	27.9446	28.0539	28.0871	27.8959	27.5143	28.0575	28.2784	28.237	27.9262	28.0475	27.7276	27.9044	27.8098	28.1886	28.2253	27.7488	28.2183	27.8536
PROT_0034				17.9186													18.4373											17.103		18.676		17.5152			18.0943					17.8103		17.3728			18.4862			16.4499		
PROT_0035	19.4442	20.0854		19.4745			19.0415	19.4229	20.0087	19.9908	20.0448	20.4138	19.5055	19.7043	19.8451			19.2505	19.32	19.3285	20.1939	19.7093	20.094	19.4818	19.2943	19.2182	19.4717	19.135	19.328			19.9691	19.3858		19.545	20.0154	20.3544		20.145	20.3592	19.2563	20.1198		20.0747		19.7269	19.5291	19.378	19.0383	20.1298
PROT_0036	23.196	22.676	23.3532	22.9334	22.9808	23.1925	23.1367	23.1676	23.3864	23.2291	22.9724	23.342	23.1686	22.7336	22.6916	22.8328	23.1146	22.957	22.9992	23.0844	23.1081		23.2216	22.7137	23.0485	23.0327	23.0069	23.0791	22.8881	22.782	22.7636	22.76		22.6156	22.8237	22.7592	23.1118	23.0675	23.0495	23.0994	22.9544	22.7924	23.3418	22.9187	22.3138	23.1729	23.0481	22.5708	23.4494	22.4777
PROT_0037	23.4495	22.8907	23.1243	23.2253	23.6853	23.1037	23.2706	23.1807	23.1828	23.0246	23.0043	23.1655	23.1153	22.7247	23.1588	23.508	23.1856	22.9862	22.9159	23.3437	23.2688	23.0269		23.27	23.4399	23.2693	22.933	22.725	23.1235	23.5752	23.414	22.9501	23.1377	23.2133	23.5063	23.6501	23.2232	22.9514	23.1944	23.1887	22.9537	23.3044	22.8594	23.2871	23.4226	23.2504	22.9385	23.0994	22.7098	22.8418
PROT_0038	23.0555	22.3553	22.4029	22.6865	22.6548	22.8457	22.2271	22.9196	23.2077	22.3482	22.7947	22.4781	22.8641	22.3902	22.7721	23.0899	22.7717	22.5535	22.7264	22.7851	22.9572	22.4531	22.7288	22.2367	22.813	22.9531	22.8905	22.782	22.5312	22.9497	22.7455	22.6049	22.8038	22.5583	22.4973	22.7901	22.9514	22.8698	22.6413	22.8328	22.5974	22.7773	23.292	22.8752	22.9736	23.1915	22.4514	22.8997	22.7552	22.6314
PROT_0039	22.7671	22.7999	22.1398	22.2736	21.4684	21.6379	21.9122	21.5803	22.869	22.8781	23.2403	22.8964	22.3623	22.0728	22.058	21.8639	22.159	22.2171	23.0187	22.7035	23.0508		22.1041	22.3613	21.5831	21.8255	21.7524		22.5513	22.8484	22.8424	23.1005	22.2507	22.3143	21.779	21.476	22.2916	21.7252	22.6125	22.7278	22.3057	22.5106	22.2294	22.2012	21.5813	21.9285	22.1714	21.9124		22.6434
PROT_0040									17.8523								15.9794			16.8535										17.346								16.9777				16.8289			16.5372					
PROT_0041	21.9492	21.0631	21.9959	21.3209	22.3618	22.0574	21.5461		21.5736	21.1476	21.8397	21.5082		21.2071	21.4378	21.5785	21.7512	21.1888	21.5981	21.0096	21.525	21.5758	21.3213	21.4091	21.5432	21.5321	21.5186	21.3366	21.4535	21.1848		21.6649		21.5628	21.1864	21.2706	21.1908	21.3967	21.8494	21.6479	20.9861	21.6033	21.6465		21.5562	21.4274	21.722	21.9433	21.8101	21.7294
PROT_0042	27.1938	26.9788	25.3984	25.6592	22.6259	22.8953	25.5461	25.5998	27.0766	27.2048	27.0449	27.1044	25.8186	25.4434	22.7712	22.4182	25.5706	25.7358	26.8271	27.0457	26.7566	27.0187	25.5882	25.7214	22.6371	22.3429	25.6224	25.3302	26.8674	26.9526	26.9356	27.1409	25.4277		22.8281	22.8181	25.4738	25.5024	26.8254	27.0446	27.1517	27.1076	25.5918	25.3518	22.6095	22.7524	25.702	25.7047	26.9231	26.9252
PROT_0043	20.7391	20.5573		20.594	20.1603	20.7588	20.9451		20.5009		20.5775	20.7292	21.0647	20.4676	20.4909	20.615	20.7436	20.131		20.3869	20.9087	20.8244	20.0748	20.1612	20.3709	20.6531	20.8304	20.4427	20.135	21.337	20.8732	20.058	19.3093	20.1313	21.2605	20.7843	20.1394	20.6545	20.8617		20.5621	20.1482	20.1174	20.299	20.3113	20.3801	20.5112	20.1241	20.3776	20.9354
PROT_0044	24.7449	25.0572	24.8422	24.3247	24.8446	25.1043	25.3779	25.0647	24.5353	25.142	24.5573	24.9395	25.054	24.7977	25.1118	24.8456	25.0257	24.3802	24.4651	24.9198	24.8194	24.8463	24.9274	24.4434	24.9035	24.8267	24.9404	24.7321	24.438	24.974	24.7749	24.8492	24.7916	24.7925	24.9554	24.8282	25.4073	25.4101	24.7014	25.4135	24.8997	24.9267	24.4093	24.6246	24.9031	24.8247	24.6198	24.9454	24.5409	25.2674
PROT_0045	22.1984	22.4188	22.2844	22.6135	21.7304	21.7707	22.1242	21.9737	22.1069	22.1278	21.9588	21.9682	21.7492	21.5369	22.2803	21.7717	21.8121	21.5543	22.0898	21.5557	21.8982	21.5061	21.8725	21.7312	21.6948	21.285	21.6263	21.3616	21.4805	22.4164	22.0119	21.4822	21.9238	21.479	21.8804	21.7855		22.1822	22.1632	21.6084	21.8154	21.7364	21.896	21.495	21.6361	22.1333	22.2792	21.9694	21.8035	22.1853
PROT_0046	23.8313	23.5162	23.5603	23.0642	23.3031	23.4782	23.2961	23.2306	23.2694	23.1546	23.6505	23.1086	23.5004	23.7224	23.5044	23.8383	23.5148	23.5649	23.5319	23.1214	23.7341	23.452	23.2068	23.3065	23.5229	23.6772	23.4957	23.2453	23.1678	23.5114	23.6827	23.9054	23.4419	23.3736	23.4998	23.6916	23.4199	23.7075	23.765	23.4844	23.6281	23.2852	24.4437	24.0519	23.992	24.3771	23.2452	23.2927	23.4373	23.6423
PROT_0047	21.0557	21.4308	21.7559	21.0702	21.4867	21.3903	21.2358	20.9058	21.2558	21.2266	20.8769	21.4803	21.9457	21.5229	21.6712	20.8496	21.5754	21.3667	20.7746	21.5247	20.9927	21.4453		22.0563	21.0778	21.0867	21.1317	21.4909	21.3168	20.9389	20.6933	21.5576		20.6428	22.0483	21.2987	21.2628	21.4616	21.0305	21.3423		21.0086	21.7017	21.4252	21.6235	21.2283	21.7581	21.9249	21.039	21.6841
PROT_0048	25.6822	25.2768	25.559	25.586	25.257	25.1948	25.9053	25.5924	25.8169	25.3733	25.8037	25.4828	25.7292	25.7229	25.3772	25.9964	25.6802	25.6436	25.4849	25.6958	25.5849	25.4462	25.3452	25.4086	25.9012	25.7078	25.2658	25.6889	25.6051	25.6009	25.3951	25.6599	25.597		25.6053	25.8006	25.2907	25.787	25.5218	25.4788	26.375	26.1292	25.78	25.9644	25.452	25.8525	25.4832	25.4716	25.5056	25.3517
PROT_0049	17.6371					17.7159			18.025		16.7074			17.3434				16.7774	17.4876	17.7807	17.5571					16.8481	16.9202											17.6197				17.2298				16.99				
PROT_0050	24.6424	24.7425	24.6841	24.708	24.0329	24.5469	24.6301	24.6582	24.3648	24.3062	24.5289	24.4715	24.5908	24.3181	24.4994	24.387	24.3523	24.3024	24.127	24.2024	24.5894	24.1774	24.4339	24.5278	24.2607	24.3461	24.1906	24.3095	24.1217	24.5578	24.5546	24.5902	24.5469	23.9591	24.4572	24.2747	24.3519	23.8295	24.3812	24.4052	24.314	24.4703	24.5191	24.2043	24.7776	24.563	24.7076	24.4672	24.314	24.0643
PROT_0051	21.4064	21.0969	21.4045	21.2491	21.6527	21.8431	21.6664	21.7084	21.0816	21.0782	21.7429		21.2452	21.5285	21.8337	21.6036	21.5851	20.825	20.8308	22.0272	21.6744	21.1747	22.0268	21.1634	21.2372	22.0239	21.3708	21.3554	20.7225	21.3464		21.494	21.6172	21.3165	21.0377	21.898	20.9275	21.1476	21.3608	21.6941	21.7952	21.5309	21.4711	21.2315	21.5469	21.6315		21.389	21.8204	21.3211
PROT_0052	21.7638	21.6688	21.5384	21.6466	21.8074	21.1924	22.0748		21.8922	21.2093	21.7247	21.8225	22.0587	21.9967	21.4988	21.5351	22.137	21.7985	22.2108	21.9166	22.0142	21.9868	20.5549		21.3846	20.6866		21.9625	21.8807	22.0276	22.0374	21.3136	21.7681	22.1716	21.5016	21.5074	22.3994	21.9306	21.4226	22.3975	21.8959	21.8376	22.2243	22.0601	21.2594	21.4369	22.1018	22.0134		21.712
PROT_0053	26.132	25.7415	26.5427	26.4197	27.7335	27.4761	26.6297	26.5854		26.4266	25.7845	25.6915	26.561	26.6407	27.8287	27.6515	26.7329	26.4332	26.2192	26.1989	26.0904	26.0345	26.8822	26.4955	27.557	27.4961	26.7933	26.5171	26.1279	26.3712	26.103	26.2972	26.5113	26.4485	27.6017	27.411	26.6403	26.6129	26.1524	26.4414	25.7161	25.7432	26.5117	26.6733	27.6101	27.1902	26.6981	26.655	26.1433	25.9862
PROT_0054	21.0398	20.2954	20.987		20.8004	20.7504	20.8348	20.9142	21.0657	20.6365	20.8196	21.0308	20.7816			20.6735	20.4264	20.8152	20.6139	20.6296	20.6994	21.1561		21.0522	20.752	20.354	20.8902	21.0907	21.1644	21.0399	20.897	21.216	21.5849	21.31	21.0486	20.977	20.495	20.8166	20.8484	20.2329	20.8472			20.757	20.8271	20.9034		20.7552	20.9311	20.8396
PROT_0055	24.8353	24.961	24.9896	25.037	25.0369	25.1072	25.1297	25.1197	24.7746	24.9643	25.2432	25.3142	24.9072	24.7808		25.1864	25.4063	25.0726	25.1229	25.0724	25.5517	25.1049	25.437	25.0896	25.0351	25.0042		24.9048	24.7906	25.2187	25.5889		25.2889	24.8371	25.2508	25.045	25.2192	25.042	24.867	25.1703	24.8466	24.7155	24.8575	24.8064	25.171	25.1011		25.0962	24.8399	24.8248
PROT_0056	20.7023	21.4185	20.7186	21.2346	20.4657		20.8078	20.2619	21.3182	21.0411	20.8263	21.3094		20.8143	20.9362	21.5528	20.8069	20.7799	21.0878	20.871	20.8374	20.8408	20.7183	20.5184	21.0212	21.4757	20.9156	21.037	21.053	20.6518	21.0	20.5914	20.7685	20.4224	21.1524	20.4918	20.5157	21.0097	21.2237	20.9827	21.0441	20.1323	20.684	21.4366	20.3879			20.4118		20.5581
PROT_0057	25.3903	24.9792	25.0782	25.3048	25.2179	25.1712	24.8474	25.1551	25.3543	24.9475	25.1204	25.2991	25.2628	24.8236	25.4324	25.2405	25.3994	25.1414	25.2694	25.1281	25.1056	24.814	25.1576	25.0319	25.1272	25.3805	25.0504	25.0938	25.6192	25.4446	25.2763	25.2322	25.3118	24.8513	25.2379	24.7621	25.1511	25.0834	24.8227	25.0856	25.1112	24.965	25.3742	25.3724	25.0115	25.2982	25.1707	25.1108	25.2519	25.2136
PROT_0058	24.4759	24.2989	24.6427	24.5098	24.7277	24.3627	24.4953	23.83	24.3106	23.9011	24.6515	25.3304	24.304	24.565	24.8935	24.7336		24.7079	24.2198	24.1447	24.5009	24.3389	24.6635	24.2673	24.2212	24.7843	24.6576	24.3069	24.085	24.1095	23.9635	24.3854	24.7864	24.4083	24.7763	24.7587	24.4171	24.6228	24.3087	24.1101	24.1375	24.3592	24.2455	24.3726	24.2753	24.4277	24.6753	24.3145	24.409	23.9842
PROT_0059	23.4673	23.6809	23.7636	23.305	23.7209	23.5033	23.6404	23.9649	23.6954	23.516	23.7099	23.7669	23.7235	23.567	23.248	23.7371	23.8191	23.7816	23.5262	23.563	23.7214	23.8288	24.1375	23.251	23.772	23.893	23.3124	23.3191	23.656	23.6593	23.8339	23.2064	23.9492	23.2201	23.4664	23.636	23.6511	23.8929	23.4682	23.6623	23.3372	23.2886	23.9212	23.6435	23.6123	23.4315	23.7098	23.4765	23.5817	23.2569
PROT_0060	23.0489	23.2646	22.9575	22.5106	22.8144	22.9237	22.9879	23.3971	23.1952	22.8806	23.0931	23.1936	23.0042	22.9812	22.8553	23.3033	23.5125	22.8104	22.7165	23.5438	22.8108	23.3084	23.0159	22.8269	23.2142	23.0412	23.2588	23.2937	22.8009	23.6396	23.3439	23.0305	23.2114	22.9611	22.9569	23.1459	23.0249	23.2372	23.1823	23.6243	22.8532	22.9905	23.6641	23.1475	23.3598	23.2097	23.1655	22.894	22.7501	23.2555
PROT_0061	24.7751	24.1444	24.7481	24.7237	24.6671	24.7	24.4135	24.835	24.7552	24.1911	24.8372	24.0177	24.7381	24.7119	24.2854	25.0214	24.3368	24.5908	24.5345	24.4743	25.0573	24.1113	24.5862	24.6206	24.3461	24.8175	24.007	24.6432	24.679	24.3449	24.3851	24.2632	24.6159	24.2061	24.5597	24.3374	24.687	24.5856	24.4169	24.6957	24.4326	24.329	24.6346	24.3963	24.2769	24.6354	24.2619	24.5374	25.0675	24.3394
PROT_0062	25.1919	24.7358	25.1106	25.0511	25.4004	25.4836	25.4104	25.1177	25.231	24.9959	25.3053	25.0642	25.0405	24.997	24.905	25.2988	25.1503	24.8652	24.99	24.8721	25.1508	24.9368	25.2092	24.7952	24.9521	25.703	24.9679	24.8892	25.4456	25.1901	25.1275	25.4046	24.91	24.9771	25.2806	25.5375	24.8625	24.9884	24.9805	25.2534	25.1037	24.9292	25.0629	25.3828	25.5082	25.0281	24.9863	24.9885	24.9566	24.9845
PROT_0063	22.7917	22.8145	23.0373	23.0818	23.4227	23.4485	22.9198	23.1542	22.9758	22.7022		23.1864	22.638	23.2528	24.0299	23.7423	23.267	22.7402	22.8823	22.8397	23.1084	22.9079	22.9809	22.8834	23.3644	23.951		22.9682	23.1009	22.8523	22.6711	23.0191		23.4252	23.774	23.3064	22.8747	22.8177	23.0668	23.1815	22.6328	23.1998	22.9401	23.1312	23.8168		23.1197	23.1177	22.8615	22.7733
PROT_0064	24.8197	25.0792	25.2196	25.0606	24.8691	25.1723	25.0174	25.2874	25.3981	25.3919	24.764	25.2093	25.255		25.1656	25.1894	25.0804	25.0848	25.252	25.1138	25.2707	25.0898	25.3109	25.041	25.2043		24.7727	25.2476	25.2839	24.9795	25.0683	25.0867	25.3897	24.9861	25.1048	25.1522	25.0579	25.331	25.142	24.8968	25.4583	25.1425	25.4318	25.3524	25.1562	24.8532	25.0875	25.1844	25.3121	25.0119
PROT_0065	19.8055		20.3439	20.1736	20.5618		19.7897	20.3322	20.029	19.9498	19.9663	20.3034	20.0564	20.0543		20.5713	20.6387	20.3096	19.7512	19.9073	20.1745	20.5589	19.7359	20.4477	19.6598		20.7558		20.1097	20.3835		19.164	19.8331		20.6055	19.3831	19.7197		19.7528	19.91	19.7115	20.1174		20.0914	20.3676	19.9945	19.7712	19.9075	20.3176	19.6063
PROT_0066	20.5193	21.109	21.0476	21.4844	21.0503	20.9202	21.2301	21.263		20.8639	21.019	21.1848	22.3966	21.8505	20.8879	21.0069	20.6739	20.7737	20.7127	21.0738	20.5912	21.1438	20.8804	20.6211	20.7441	20.9944	21.1035	21.8022	20.904	21.1023	21.1294	21.1162	21.2944	21.4363	21.3298		20.7708	21.0966	21.1649	21.182	20.2474	20.3013		21.4267	21.2222	20.8289			21.0809	21.3427
PROT_0067	23.4729	23.4422	23.2361	23.3352	22.7215	22.4743	23.6847	23.1416	23.4778	23.2208	23.3714	23.7301	23.364	23.2903	22.7781	23.0265	23.6471	23.8046	23.7185	23.1481	23.361	23.2074	23.7017	23.5103	22.3958	22.4948	23.576	23.5126	23.6808	23.5809	23.315	23.5795	23.3264	23.43	22.5471	22.4431	23.2802	23.4508	23.9686	23.4946	23.5135	23.9369	23.5905	23.5731	22.6393	23.1147	23.3903	23.2848	23.6634	23.7544
PROT_0068	28.3541	28.2254	28.4588	28.0951	28.3045	27.9931	28.6689	28.5945	28.4284	28.3	28.2678	28.0876	28.4129	28.3465	28.3462	28.411	28.3726	28.0349	28.2434	28.2038	28.2525	28.2699	28.2177	28.2996	28.3119	28.2908	28.2291	28.2133	27.9176	28.0188	28.0733	27.9512	28.2488	28.3284	28.3443	28.193	28.4263	28.4632	28.1817	28.5497	28.2346	28.0975	27.9761	28.4524	28.2049	28.3442	28.3023	28.2906	28.3777	
PROT_0069	21.4172	21.558	21.9128	21.1757	21.4994	21.9881	21.4901	21.5363	21.471	21.8086	21.3939		21.7395	21.5459	21.7325	21.3001	21.8942	20.7269	21.2341	21.4124	21.8149	21.636		21.4707	21.4893	21.8576	21.1164	21.553	21.0874	21.7699	21.4766	21.2457	22.0612	21.1213	21.3646	21.5744	21.5154	21.3805	21.5598	21.7058	21.7472	21.2251	21.2141	21.176		21.2404	21.3538	21.6926	21.1189	21.6203
PROT_0070	23.0277	22.3093	22.9325	22.6256	23.2825	22.9165	22.5206	22.7901	23.1942	23.2725	22.9918	22.6511	22.8437	23.0309	23.0331	23.5311	23.0499	23.0938	23.5484	23.2066	23.1925	22.6818	23.1786	23.0883	23.2186	23.0907	22.4652	22.6436	23.019	23.4132	23.3966	22.7727	22.456	23.0581	23.2032	22.7984	23.1024	23.1371	23.1878	23.2471	22.7955	22.6512	22.6593	22.4838	23.2032	23.2247	22.8906	22.304		23.1259
PROT_0071	20.9925	21.5161	21.3594	20.9452	21.2848		21.716	21.0224	21.152		21.8191	21.6411	20.9367	21.2598	21.26	21.7774	21.9444	21.0896	21.3012	21.4309	21.2094	20.66	20.767	21.3829	21.2212	21.2777	21.05	21.2062	20.9161		21.1462	21.1451	21.4289	20.9483	21.3135	21.4598	20.7452		21.9612	21.333	21.7496	21.2703	21.2482	21.1128	21.323	21.7369	21.2542	21.4141	21.6805	21.6519
PROT_0072	18.8809	18.8783		19.162		19.2176			20.1219	18.8367	18.8254	18.9362		19.1346	18.9616	19.231	19.4674	18.7426			19.0703	19.3918			18.7033	19.2412	18.9262							19.6012	19.7049	19.3472	19.0161	18.5665	18.5824	18.3788					19.3074	19.3821			19.2731	18.7771
PROT_0073	24.0111	24.0569	24.1999	23.6685	24.0193	24.1597	23.9626	23.4732	24.0356	23.8006		23.9665	23.8707	23.6405	24.1533	23.6897	24.3079	24.2804	23.7788	24.2108	23.9532	23.8265	23.685	24.1192	23.7509	23.697	23.6988	23.8039	23.4181	23.9267	23.788	23.7518	23.9377	23.8776	24.2684	23.835	24.0094	23.9213	23.938	24.3104	23.6008	24.1909	24.0654	23.3633	24.044	23.7419	24.2266	24.2887	23.8273	24.0335
PROT_0074	22.0935	22.0559	22.2114	21.42	21.9729	21.9704	22.1842	22.3428	21.7977	21.8601	22.0383	22.2237	22.0036	21.7506	22.0039		22.41	22.5275	21.8106	21.6215	22.6108	22.7315	22.7472	21.9467	22.2241	22.0878	21.8964	21.9522	22.0905	22.1097	22.3234	22.2517	22.7724	21.5935	22.0143	21.8087	22.5012	22.5768		22.0732	22.1741	22.0167	22.1343	21.8144	22.1723	22.3001	22.5832	22.4691	22.0803	22.1729
PROT_0075	23.9461	23.9867	23.6573	23.3824	23.9875	23.9097	23.8376	23.526	24.2107	24.0504	24.0718	23.6711	24.4325	24.0717	24.1245	24.0049	24.175	24.2033	24.0354	23.8533	24.2054	23.9024	24.2694	23.83	23.7563	24.1095	24.1457	24.0902	23.8886	23.761	23.6808	23.768	24.435	23.759	24.1373	23.9765	23.9585	23.8161	23.7022	24.0566	24.0769	23.9016	23.9807	23.8399	24.1509	23.7651	24.1684	23.6344	23.984	23.9443
PROT_0076	21.0116	19.501	19.7758	19.2621	20.0246		19.9101	20.0106	19.7149	19.3483	20.233		19.5506	20.0635		19.8661	19.7669	20.3921	19.6221		20.7972	20.3505	20.4595	19.8615	20.7837	21.0383	20.1383	19.6813	19.4907	19.9686	20.4624	18.7603	19.9616	19.4217		20.2119	19.9965	19.2958	19.9658	19.6191	20.0579	19.775		19.812	19.4078	19.661	19.7013	19.6111		
PROT_0077	22.7565	23.3666	22.5782	23.1869	22.8156	22.8494	23.5747	22.9195	23.406	22.9032	23.2195	23.0857	22.7873	23.2782	23.6597	22.7881	23.1662	22.8373	23.0589	23.0066	23.2702	23.3193	22.6462	22.6194	22.9872	23.3526	23.1619	22.8041	22.7929	23.0916	22.9439	23.0022	22.6868	22.5327	22.9858	23.3439	22.933	22.6422	22.7325	22.7001	23.3112	23.1733	22.6912	22.9701	23.0013	22.9173	23.4729	22.5675	23.1293	23.1437
PROT_0078	23.3237	23.6516	24.0312	23.5891	23.9126	23.6488	24.2446	23.8331	24.2101	23.6953	23.4488	23.8211	23.7034	23.5909	23.8412	23.5102	24.0571	23.5771	23.7731	23.6873	23.3949	23.5843	23.6353	23.5219	23.2919	23.3668	23.1642	23.9052	23.8906	23.7299	23.2801	23.9034	23.603	23.7304	24.0798	23.7993	23.5314	23.8299	23.7158	23.8344	23.6682	23.6091	23.5263	23.5033	23.1352	23.3753	23.8369	23.568	23.2935	23.8996
PROT_0079													17.1055		17.0851																						17.7341			16.1632			17.4056		17.958					
PROT_0080	25.0339	24.6098	25.0108	24.9259	25.4937	25.1079	25.0003	24.91	24.9862	25.3643	25.1799	25.0146	25.0345	25.0297	25.1497	25.5379	24.9132	24.9889	25.3276	25.6523	24.9873	24.8529	25.43	25.0546	25.2456	24.9483	24.8256	25.1011	24.9665	25.3651	25.3375	24.7455	25.1761	24.9619	25.4613	25.3898	24.9244	25.2348	24.9655	25.335	25.0095	25.1946	25.1329	25.0245	25.5927	25.1005	24.7333	24.8687	24.7303	25.437
PROT_0081	22.9076	22.8149	22.9026	23.0246	22.9269	23.246	22.5302	22.6085	23.1325	22.4814		22.9645	22.7155	22.4709	22.4128	22.9157	22.8946	22.8886	22.6287	22.6062	23.5355	22.9236	22.2547	22.7451	22.6831	22.8937	22.5711	22.7046	23.1263	23.1929	22.6925	22.3821	23.0577	22.7652	22.5677	22.9834	22.6861	22.6832	22.5106	23.0268	23.1435	22.8391	22.401	22.8215	21.9514	22.0976	22.5522	22.9731	22.9112	22.8026
PROT_0082	23.0421	22.9744	22.7409	23.2725	22.9171	22.4361	23.2108	23.2819	23.1336	22.843	23.011	23.0622	23.192	23.4548	23.4307	22.864	22.871	23.2479	23.4881	23.0681	23.2355	23.1666	22.8578	22.7353	23.0929	22.831	23.1459	22.9498	22.9712	23.4649	22.389	22.9531	22.9656	22.6674	23.1063	22.829	23.1278	23.1042	22.9409	22.6522	23.0207	23.2804	23.0853	23.0926	22.8343	22.6518	22.9397	23.1336	23.2399	23.0899
PROT_0083	22.1817	22.7875	22.5689	22.3119	21.9093	22.2315	22.805		22.0348	22.3079		22.6459	22.1225	21.8301	22.3332	22.0469		22.5987	22.2387	22.4178	22.1284	22.1802	22.5005	22.0972	22.2808	22.0573	22.2258	22.2563	22.2755	22.4341	22.166	22.2156	23.012	22.2995	22.6738	22.0387		22.815	22.7817	22.1608	21.8864	22.8184	22.0902	22.0974	22.2423	21.9786	22.6514	22.7477	22.1102	22.0931
PROT_0084	21.7571	21.5253	21.4207	21.6143	21.767	21.5266	21.3142	21.6575	21.8745	21.4307	21.6672	21.5483	21.8524	21.5322	21.8282	21.5888	21.941	21.7439	21.6174	21.6231	21.6654	21.3989	21.4743	21.5859	22.0466	21.1737		21.3163	21.2246	21.5936	20.8655	21.7012	21.7186	21.5749	21.3282	21.7267	21.6491	21.6487	21.6563	21.3421	21.6251	21.8044	21.706	21.1773	21.2373	21.5313	21.5545	21.2346	21.2884	21.5317
PROT_0085	24.1254		23.6898	23.8428	23.7447	23.9151	23.2917	23.6045	23.648	23.9222	23.3261	23.8977	23.7615	23.7164	23.8642	23.9642	23.5936	23.1202	23.5136	23.7267	23.8127	23.6787	24.0	23.574	23.6253	24.139	23.8858	23.5765	23.8801	24.1695	23.4902	23.639	24.0368	23.557	23.6968	24.0437	23.8044	23.3561	23.9291	23.883	23.8478	23.8107	23.8181	23.5862	24.02	23.8142	23.6388	23.4897	23.9088	23.3617
PROT_0086	18.279	18.8949				18.8321	18.7567		18.934		18.506	19.4788	18.909		18.7201		18.1174		18.7701	18.9821				19.4137		18.9005			19.4261	18.3347			19.5877				18.33	19.5002				19.0068	18.5384	19.4153	18.262			19.8528	19.8165	
PROT_0087	23.7994	23.6942	23.6885	23.6659	23.7187	23.4372	23.6435	23.8666	23.4445	23.4689	23.4931	23.5659	23.6652	23.7091	23.8256	23.691	23.5627	23.2834	23.7588	23.4402	23.7145	23.5347	23.7545	23.7706	23.2814	23.6451	23.6645	23.8791	23.6596	23.8514	23.5648	23.2796	24.322	24.0015	23.2159	23.3085	23.8227	23.5568	23.447	23.5626	24.579	24.6134	23.4654	23.7258	23.6345	23.6724	23.954	23.6819	23.7604	23.8033
PROT_0088	23.9258	23.5998	23.5208	23.5564	23.3075	23.484	23.6486	23.2024	23.4728	23.5378	23.3638	24.0288	23.8183	23.2737	23.4982	23.4813	23.7022	23.3963	23.2764	23.4178	23.4987	23.4048	23.5589	23.257	23.1807	23.2815	23.2843	23.3398	23.6518	23.3428	23.6123	23.3581	23.5269	23.3955	23.2642	23.4552	24.1178	23.786	23.5721	23.6913	23.6614	23.5127	23.4307	23.6023	23.1212	23.5963	23.3727	23.3547	23.5339	23.0644
PROT_0089	22.7504	22.7732	22.3531	22.593	22.7211	23.1498	22.1733	22.6522	22.6984	22.2117	22.9366	22.4973	23.565	22.9406	23.0884	22.8198	22.8021	22.8581	22.7649	23.1014	23.011	23.0425	22.6971	22.8824	22.675	22.7026	22.2825	22.9134	23.0746	22.7632	23.0584	22.7062	23.0194	22.9278		22.6487	22.4143	22.9127	22.8579	22.8053	22.9888	22.6454		22.8581	23.0416	22.7648	23.5782	23.435	22.562	22.5855
PROT_0090	24.2129	24.069	23.7032	24.2236	24.2475	23.6707	23.8362	24.0409	24.2266	23.9127	24.2068	24.0974	23.8062	24.0456	23.9591	23.898	24.122	23.9645	24.2908	23.9643	24.0479	23.9591	23.7142	23.7621	24.0477	23.91	23.9387	23.8844	23.9902	23.9862	23.6262	23.9331	23.7283	23.6796	24.0726	23.9593	24.0688	24.0421	23.9894	23.8522	23.834	24.0561	23.7114	23.8768	24.0491	24.1047	23.8425	23.9388	23.9659	23.936
PROT_0091		26.3332	26.4312	26.3637	26.6297	26.7947	26.3173	26.501	26.9662	26.3704	26.4835	26.5694	26.6197	26.4634	26.5845	26.6985	26.5264	26.4272	26.4086	26.6948	26.5774	26.4148	26.2813	26.2848	26.3224	26.7788	26.4503	26.3985	26.4504	26.4901	26.4441	26.617	26.2237	26.508	26.5111	26.1176	26.4738	26.261	26.6629	26.4943	26.321	26.9823	26.2293	26.524	26.3701	26.6023	26.3127	26.4182	26.4715	26.3526
PROT_0092	22.9652	23.179	23.2664	23.3194	23.1789	23.2257	23.2455	23.3354	23.2803	23.1476	23.5337	23.4565		23.5249	22.9149	23.256	23.0722	23.4507	23.6846	23.2032	23.4955	22.8847	23.3404	23.432	23.3338	23.3252	23.2466	22.9142	23.4517	23.1282	23.6516	23.2359	23.1622	23.1022	22.9898	23.2671	22.9752	23.6347	23.3971	23.1021	23.5029	23.2416	23.4279	22.9271	23.4398	23.5754	23.022	23.3986	23.274	23.3589
PROT_0093	19.6192	19.5344	19.7069	19.7164	19.9815	19.4845	20.0235					19.7243		20.5592		19.5727	19.6056	18.781		19.4612	20.0887		20.125				19.2257	19.5978	19.9596	19.8577	18.3959	19.819	19.022	19.566	19.1842	20.0945	19.0823	18.9705	18.8006	20.1525	20.0928	19.4279	19.5066	19.4179	19.4387	19.7564		19.4701		
PROT_0094	20.2722	19.8478	19.7277	19.8335	20.1365		20.1758	20.1986	20.53	20.1827	19.6964	20.0372	19.777	19.7719	20.0719	20.564	20.5028	20.3141	19.7082	19.8992	20.4752	20.4849	19.605		20.3558		20.0078	20.5404	19.8911	20.0876	20.638		20.463	20.3189	20.9662	20.8594		20.2274	20.5964		20.1916	20.402	20.3204	19.9217	20.5624	20.2294	20.13	20.072	19.6857	19.7087
PROT_0095	21.0113	21.4105	21.0743	20.4911	21.6293	21.1665	21.2297		21.2194	20.5997	21.2921	21.3466	21.2181	21.0044	21.3678		21.277		20.691	20.9391	20.399	20.734	21.1373	20.5447	20.5902	20.8971	21.4163	20.9566	21.1856	21.0678	20.8321	21.0373	21.7892	21.3281	21.0944	20.4421	20.457	20.7339	21.1335	21.256		21.2275	21.2562	21.0098	20.8533	21.0654	20.3535	21.1409		20.6887
PROT_0096	19.8797	20.101	19.3675	20.6207		19.7949	19.2247	19.4869	19.2296	20.0027		19.7314	19.7593	18.878	19.5667	19.6512	20.319	19.3792	19.5345				19.6324	19.6819	19.7567	20.073			19.6253	19.4298	19.6543	19.597	19.4613	20.3539	19.9125		20.0403	19.3019			19.8656	19.5139	18.8599	19.3077	19.9082			19.43	19.6449	20.3569
PROT_0097			19.9836	19.1539	19.7525	20.2784	20.2156		20.3582		19.1769	20.5411	20.3266	19.1728	20.0114	19.3631	18.7463		19.2126	20.1308		20.2968	19.8038		19.68		19.1873	19.281		19.4161		19.4964	20.4025	19.6817	20.4551		18.9532	18.7454	19.2354	19.4654	19.8706			20.2778	20.6432	19.8708	20.2782	19.8888	20.2211	19.7133
PROT_0098	19.17	19.7401	19.5201	19.574		20.1882	20.0761	19.5503	19.7247		19.5639		20.1035		20.0266	20.2949		19.6898	19.2496	20.1445	19.5918		19.2521	19.33	19.2072	20.2442	19.1735		19.1822		18.9212	19.6049	19.7028			19.3481	19.8128	19.7172	19.7665			19.7811	19.0824	19.239	19.7684	19.0481		19.633	19.8465	19.3809
PROT_0099	25.8823	25.8968	25.4738	26.0537	26.1081	25.865	25.8876	25.7173	25.8495	26.0456	25.9172	26.0938	25.9721	25.8875	26.3283	25.9284	25.9714	26.1009	25.6895	26.1614	26.2938	26.205	25.94	25.8448	26.0224	25.8834		26.0109	26.197	26.3937	25.9158	25.9653	25.9138	25.9094	25.9111	26.1424	26.1879	26.0213	25.8926	26.1659	25.7168	25.8563	25.8722	25.8365	25.8413	26.0037	25.9308	25.9289	25.9023	25.9878
PROT_0100	25.8094	25.8251	25.8869	25.9943	26.1023	25.8001	25.8251	25.8559	25.8648	25.8143	25.5829	25.919	26.0144	25.6185	26.0223	26.3018	25.9151	26.3049	25.8592	25.9333	26.0093	25.6358	25.8887	26.0239	25.7386	26.1683	25.5305	25.7932	25.8226	25.7129	25.8886	26.0272	26.0297	25.6512	25.9387	26.1607	25.9207	26.1802	26.1449	25.9372	25.925	25.5681	25.6712	26.1005	25.8678	25.8986	25.8408		25.7545	25.8641
PROT_0101	20.4831	20.9748	20.7882	20.6602	20.3438	20.9067	20.8613		20.9571	20.6107	20.8268	20.8566	21.0065	21.2381	21.248	20.8755	21.0859	20.4598	20.9688	20.9116	20.9455	20.6449	20.1313	20.6283	20.6416	21.0171	21.694	20.4112	20.8704	21.2773	20.5082	20.6092	20.7331	20.9708	20.9826	20.3905	20.8079	20.7188	20.4689	20.8314	20.9693	20.6221	20.8633	20.5437	20.4272	20.661	20.3586	20.3153	20.6293	21.2314
PROT_0102	23.8468	23.6591	23.5248	23.5293	24.0039	23.6856	23.5946	23.4407	23.6751	23.531	23.3677	23.7353	23.8827	23.6086	23.8982	23.465	23.6308	23.5184	23.6579	23.9577	23.6295	23.6716	23.8742	23.8276	23.6277	23.4203	23.8998	23.8718		24.1158	23.8082	23.659	23.6755	23.2075	23.6474	23.7436	23.4443	23.413	23.0945	24.0564	23.5733	23.8034	23.8218	23.3764	23.4394	23.7162	24.1021	23.5905	23.8294	23.9838
PROT_0103	23.0647	22.8777	23.1292	23.3142		22.9658	23.3546	23.3525		23.3126	23.2581	23.2643	23.7519	23.0993	23.7974	23.5268	23.2775	22.7772	23.6616	23.3148	23.463	23.0129	23.6826	23.4751	23.493	23.3468	23.8979	23.358	23.1226	23.5138	23.1692	22.8994	23.3847	23.539	23.7003	23.4362	23.16	23.7105	23.6785	23.6206	23.0195	23.3302	23.2754	23.4065	23.4834	23.2113	23.044	23.3993	22.996	23.5421
PROT_0104	27.0719	26.9714	27.1386	26.9472	26.7275	26.6734	26.6522	27.2396	27.1486	26.5384	27.1102	26.8863	26.9367	26.7394	26.9695	27.1397	27.0933	27.1551	26.7965	26.8657	27.149	26.7645	27.0277	27.082	26.4929	27.0381	26.9211	27.1104	26.8539	26.9029	27.0128	26.6825	27.0708	26.7483	27.0448	26.8679	26.9422	27.139	27.0638	26.9764	26.9664	27.0233	26.7939	26.6948	26.9591	26.9937	26.6397	26.7493	26.9628	26.6861
PROT_0105	19.0207	18.9163			18.8499	19.6507	19.5023	18.5868		18.8786	18.8314	19.2281		18.99		19.6483	18.9536			18.8552		19.2618		18.5039	19.2341			19.2529		19.3743		20.0918	19.2247	18.7159	19.29			18.3858	18.5135	19.0692	18.7087			18.8251	18.9245			18.9378	18.9269	18.3726
PROT_0106	22.4088	22.3593	22.8041	22.3259	22.9873	22.5869	22.924	22.3271	23.1848	22.9705	22.8117	22.8419	22.6611	23.2038	22.962	23.1674	22.891	22.468	22.8026	22.4789	23.3274	22.4406	22.6366	22.8997	22.9537	22.8051	22.5437	22.5794	22.7455	22.9602	22.615	22.8295	22.7095	22.9229	22.8145	22.7683	23.0333	22.5364	23.3549	23.1111	22.6296	22.8335	22.9088	22.7327	22.6851	22.7125	22.5469	22.5317	22.8212	22.7112
PROT_0107	21.4998	21.6802	20.9819	20.8106	20.6988	21.147	21.1432	21.2054	21.0035	21.1576	21.4098	21.2503	20.9016	21.1357	21.0621	21.2706	21.4596	21.0711	21.3054	20.9949	21.0225	21.0431	21.3356	20.6235	20.7925	20.7593	20.6784	21.3834	20.7856	20.9793	21.2243	20.6261	21.3636	20.8496	21.3624	21.0096	21.3502	20.5736	21.0838	20.5922	21.4651	21.0283	21.4831	20.8095	21.1733	21.2918	21.2814	21.1007	21.0476	21.1273
PROT_0108	22.5401	22.4127	21.9625	22.32	22.4575	22.8285	22.5823	22.5802	22.6386	22.5206		22.4744	22.0613	22.124	22.613	22.5946	22.2126	22.392	22.257	21.8752	22.421	22.683	22.7817	22.1217	22.6116	22.4109	22.54	22.2977	22.6743	22.1541	22.2851	22.8469	22.6149	22.602	22.0703	22.9607	22.429	22.2034	22.4067	22.1556	22.1964	22.8212	22.4212	22.2448	22.5829	22.8982	22.6989	22.2396	22.3693	22.1746
PROT_0109	22.2057	21.67	22.5275	22.2018	22.4159	22.2199	22.045	22.4825	22.7714	22.3967	22.0774	22.6569	22.2505	21.8741	22.2475	21.9025	22.4572	21.6732	22.0906	21.8864	22.4103	22.6463	21.9044	21.9863	22.6273	22.2239		21.7859	22.5388	22.4965	21.718	21.8801	21.7944	22.7133	22.8715	21.8671	22.1605		22.0467	22.5388	22.2622	22.5257	22.4043	22.204	22.5158	22.0592	21.8489	21.8295	22.192	22.165
PROT_0110	20.9251	19.873	20.1716	20.3204		20.5375	21.0251	20.6704	20.4951	20.8987	21.2559	21.0184	20.4811	20.3296	20.2822	20.9411	20.199	20.4541	20.811	20.0215	20.0402	20.2516	21.462	20.4425	19.665	20.1854	20.1724	21.1793		20.7427	20.567	20.0444	20.8866	20.9516	19.9766	20.7208	19.9641	21.3086	20.1347	20.4939	20.0879	20.1918	20.1498	19.8619	19.9832	20.4383		21.0978	20.4277	19.9691
PROT_0111	24.6635	24.6782	24.7119	24.3697	24.2317	24.8496	24.7809	24.9854	24.4755	24.5602	24.7566	24.5138	25.027	24.5434	24.2051	24.5433	24.7168	24.7141	24.3509	24.3381	24.6909	24.5613	24.7518	24.4597	24.2105	24.6553	24.9387	24.9793	24.1797	24.8183	24.3846	24.7267	24.7953	24.3192	24.6931	24.5878	24.6466	24.9701	24.4783	24.6217	24.8434	24.8852	25.0496	24.1269	24.5127	24.3657	24.7607	24.7415	24.1106	24.4719
PROT_0112	25.0154	24.89	24.8085	25.3184	25.0343	24.8339	24.8626	25.2226	25.3126	24.6581	25.0817	24.7288	25.4332	25.4279	24.9153	24.9082	25.1001	24.885	25.2331	24.9548	24.9429	24.7172	25.1505	25.1622	25.1356	25.1761	25.0613	24.8413	25.4309	24.9938	24.8172	25.0869	25.2073	25.1833	24.8573	25.0431	25.0071	25.2286	25.1843	24.9725	24.9444	25.0805	24.7765	25.5093	24.5578	24.5944	25.1285	25.0973	25.3273	24.722
PROT_0113	18.6646					18.6734	18.3352	18.5735	18.8546	18.3331		18.3877	19.0279		19.4088		19.8043				18.242	18.525		18.941					18.6299		19.791			18.1531							18.0675	19.2941	18.3234	18.8216		18.9019		19.1213		18.2067
PROT_0114	25.7835	25.8606	25.9849	25.8411	25.8723	25.8827	25.7118	26.1734	25.7107	25.7541	26.0448	25.7615	25.7598	26.0018	25.9865	26.3501		25.6584	25.8944	25.7121	26.069	25.3618	25.9357	25.7728	26.0324	26.2005	25.856	26.0204	25.9671	26.0131	25.9611	25.6591	25.5546	25.7912	26.0043	25.8308	25.9402	25.7355		26.334	26.1716	25.836	25.7995	25.7879	26.0419	26.0729		26.0988	25.717	25.5111
PROT_0115	25.8013	25.6095	25.73	25.5612	25.8294		25.8101	25.5476	25.913	25.5882	26.057	26.4146	26.0444	25.7239	25.454	25.5689	25.4124	25.4823	25.4296	25.9547	25.3109	25.4669	25.614	25.459	25.7223	25.5601	25.599	25.5384	25.7344	25.5987	25.4105	25.829	26.1999	25.8464	25.8182	25.3155	25.7242	25.8694	26.2151	25.9581	25.5019	25.7757	26.0495	26.4079	26.3826	26.3706	25.7623	25.6549	25.269	25.6669
PROT_0116	27.9691	28.1354	28.4139	28.1162	28.522	27.9094	28.2713	28.4768	28.2861	28.4062	28.2303	28.3893	28.1387	28.2135	28.5547	28.2717	27.7284	28.2665	28.1419	28.031	28.3462	28.0712	28.4503	28.0429	28.2362	28.437	28.1046	28.4018	28.2395	28.3839	28.1283	28.1774	28.4255	28.2486	28.4981	28.4313	28.1599	28.4848	28.3494	28.5486	28.1704	28.4347	28.3978	27.8816	28.4015	27.9475	28.0598	28.3116	28.301	28.3289
PROT_0117	24.1709	24.2309	24.0183	23.8242	24.0798	24.17	24.1252	23.7707	24.0855	24.0833	24.546	25.1601	24.1337	23.7452	24.2263	24.3196	24.1875	24.136	24.2906	23.7607	24.1678	23.7514	23.8586	23.9403	24.1582	24.0353	24.2394	23.7723	24.0822	24.0757	24.1892	24.324	23.9205	24.1646	24.1143	23.9182	24.1217	24.1031	23.7759	24.1967	23.7882	23.8896	24.2567	23.5982	24.0469	23.9666	24.5756	24.0239	23.955	24.1929
PROT_0118	26.4163	26.3211	26.4297	25.8707	26.2667	26.1264	26.3502	26.4318	26.0792	26.2828	26.421	26.1191	26.4344	25.8915	26.4079	26.4665	26.4304	26.4884	26.1707	26.2353	26.688	26.5293	26.2174	26.3433	26.2326	26.1118	26.0719	26.3374	25.8985	25.865	26.1965	26.4398	26.1245	25.8272	25.9694	26.3523	26.4638	26.0192	26.1441	26.0259	26.4328	26.0759	26.2214	26.2995	26.2972	26.3454	26.4422	26.3176	26.0528	26.2716
PROT_0119	22.6458	22.5494	22.4121	22.6228	22.35	22.0103	22.916	22.272	22.089	22.3354	22.6461	22.6719	22.653	22.7759		22.2736	23.0366	22.1034	22.4602	22.6226	22.5057	22.9422	22.4065	22.1019	22.8453	22.2476	22.3592	22.073	22.1155	22.4517	22.5715	22.8442	22.308	22.4065	22.7186	22.5962	22.7112	22.1405	22.9979	22.2511	22.8502	22.6426	22.5803	22.6027	22.7077	22.7336	22.9678	22.1622	22.9603	23.1864
PROT_0120	21.4361	21.6207	21.4269	21.7723	21.6783	21.8414	21.8873	21.9264	22.1861	21.7247	21.7203	22.2338	21.7483	22.055		21.6374	21.5547	21.9898	21.5274	21.6995	22.146	21.9672	21.392	21.451	21.6069	21.9459	21.5823	21.7272	21.8092	21.5696	21.676	21.8399	21.3704	21.8472	22.0211	21.6531	21.9681	22.143	21.9634	21.6426	21.5917	21.9239	21.6834	21.9269	21.7784	21.6724	21.7189	21.3694	21.8073	22.0137
PROT_0121	26.5444	26.5914	26.3287	26.6036	26.282	26.164	26.5797	26.6324	26.6668	26.3658	26.8494	26.5067	26.5337	26.3524	26.4758	26.2383	26.4924	26.718	26.5191	26.6328	26.862	26.5826	26.555	26.6483	26.2361	26.4517	26.5104	26.4515	26.3449	26.374	26.3507	26.4884	26.5201	26.2294	26.7102	26.4016	26.6809	26.502	26.8485	26.4255	26.1847	26.6367	26.3063	26.1792	26.366	26.372	26.4911	26.5444	26.5662	26.2418
PROT_0122	22.6175	21.7343		22.5719	22.4461	22.1173	22.2226	22.2045	22.0621	21.7086	21.7295	22.0617	21.9717	22.5717	21.6456	21.806		21.856	22.0257	21.9913	22.5522	21.7835	22.0394	22.6003	21.9199	21.9103	21.9268	22.1538	22.0739	21.8368	21.5777	21.6857	21.8227	22.2341	22.1148	22.236	22.5207	22.1861	21.7724	22.0245	21.5467	22.0193	22.4173	22.82		22.7273	22.1319	21.9625	21.8541	22.1957
PROT_0123	21.6589	21.8309	21.9187	21.59	22.0249	21.493	21.6912	21.7721	21.7302	21.8907	21.5948	22.5989	21.855	21.4503	21.9368	21.8314	21.6979	21.9501	22.0936	22.1047	21.9232	22.0117	21.5232	21.4764	21.6362	21.614	22.3092	22.0257	21.4626	22.0192	21.7235	22.1373	21.6345	22.0502	22.3055	21.7514	22.0642	22.1535	21.9758	21.9927	21.456	21.8214	22.0572	21.7928	21.8065	21.6428	21.9369	21.9009	22.2256	21.9317
PROT_0124	23.3258	23.4276	23.0621	23.3447	23.3946	23.5512	23.5972	23.3675	23.646	23.0655	23.7717	22.945	23.2642	23.8379	23.568	23.6776	23.863		23.4829	23.4039	23.8223	23.3438	23.4624	23.4846	23.5648	23.3198	23.4152	23.4445	23.6267	23.3309	23.5367	23.5473	23.552	23.8361	23.3938	23.5266	23.4632	23.3523	23.7592	23.6587	23.3732	23.6158	23.4177	24.0079	23.3726	23.2648	23.5664	23.0795	23.8301	23.3344
PROT_0125	23.2442	23.2893	23.3279	23.6718	23.4199	23.1652		23.1868	23.5622	22.9968	21.5661	22.0205	23.2609	23.7776	23.2285	23.3764	23.4357	22.954	24.1308	22.889	23.1843	23.392	23.6283	23.3869	23.3058	23.1419	23.741	22.7886	23.654	23.1773	23.2661	23.4352	23.468	23.4228	23.2207	23.2888	23.6624	23.7423	23.8003	23.3223	23.3325	23.5788	23.1583	22.9787	23.0473	23.2338	23.3961	22.8768	23.8499	23.3344
PROT_0126	21.9966	21.5721	21.3583	21.3191	21.7725	22.1159	21.6906	22.4485	21.819	21.6691	22.0177	21.5581		22.1877	21.5788	21.7594	21.9552	21.7723	21.9013	21.3765	21.5331	21.4448	22.1269	21.4087	21.4446	21.9958	21.2076	21.9114	21.7508	22.1484	21.7318	21.5315	21.9513	21.8913	21.7202	21.7411	21.3871	22.1154	22.2515	21.7499	21.5469	21.296	21.5674	21.8459	21.6978		21.4775	21.3822	21.6864	21.0609
PROT_0127	25.118	25.0805	25.0508	25.1979	24.8213	25.0582	25.1501	25.2847	25.3381	25.1457	25.6085	25.4088	25.1727	25.2672	25.0335	25.3741	25.2626	25.1035	25.3326	25.2644	25.4088	24.9799	25.2422	25.2891	24.7797	25.0263	25.1456	25.0294	25.2743	25.3101	25.2708	25.0826	25.1188	25.1143	25.4193	25.1744	24.9056	24.9975	25.2963	25.3246	25.0057	25.1168	25.1006	24.9205	25.0276	25.3843	25.5754	25.5046	25.3127	25.0671
PROT_0128	23.481	24.0876	23.828	23.7267	23.4006	23.1474	23.863	23.9441	24.3192	24.4061	23.3209	23.9493	23.6951	23.4976	23.4561	23.7148	23.994	23.7449	23.6536	23.5984	24.4969	24.5242	23.5486	23.2152	23.61	23.8586	24.3203	23.4336		23.2507	23.4452	23.7955	23.3152	23.7312	23.8707	23.6048	24.1807	24.0309	23.7111	23.9314	23.3389	23.9219	23.8496	23.4121	23.5533	23.3892	24.0237	23.5849	23.6801	23.74
PROT_0129	24.4349	24.2164	24.7009	24.6736	24.3915	24.7041	24.5693	24.4137	25.0485	24.3265	24.6832	24.8168	24.8448	24.9506	24.5759	24.6031	24.8828	24.3213	24.526	24.4284	24.7598	24.7279	24.5947	24.8932	24.3064	24.2378	24.5255	24.55	24.7542	24.4449	24.3931	24.9296	24.9207	24.6862	24.6522	24.8523	24.6811	24.8557	24.8163	24.4496	24.2484	24.9277	24.515	24.9012	24.2878	24.623	24.5824	24.5309	24.7183	24.2762
PROT_0130	25.1905	25.0907	24.9607	25.1588	25.3559	25.4646	25.4986	25.1242	25.2975	25.3971	25.1768	24.8221	25.087	25.2776	25.2499	25.1707	25.0033	25.2947	25.1829	25.2445	25.4277	25.0124	24.6101	25.1517	25.0293	25.4818	25.3848	25.0986	25.788	25.4362	25.1971	25.3932	25.4456	25.0604	24.5508	24.3676	25.0878	25.4528	25.1828	25.0185	25.3829	24.8759	25.2933		25.0757	25.5279	25.5665	25.4497	25.1236	24.9979
PROT_0131	25.6019	25.6204	25.5009	26.078	25.9974	25.4206	25.908	25.6737	25.9868	25.9092	25.4666	25.8072	25.8753	25.8385	25.9812	25.4192	25.5147	25.6974	25.8327	26.0115	25.3893	25.6309	25.6621	25.6982	26.2149	25.9052	25.8269	25.2991	25.7444	25.9792	25.5469	25.7822	26.1856	25.8727	26.1267	26.1139	25.994	25.9039	25.9722	26.138	25.6161	25.9061	25.6273	25.8642	25.9254	25.5981	25.5554	25.3318	25.7282	26.1904
PROT_0132	22.0461	22.332	22.4506	22.7363	22.2234	22.4044	23.0146	22.7311	22.6255	22.0932	22.3055	22.6248	22.9125	22.4522	22.6054	22.2544	22.6748	22.6776	22.4873	22.8451	22.4751	22.5804	22.6306	22.7762	22.7332	22.305	22.3748	22.4799	22.6126	22.7679	22.4498	22.3165	22.9724	22.7509	22.936	22.699	22.7455	22.7086	22.6862	22.4722	22.5874	22.7492	23.0795	22.9033	22.7629	22.14	22.6233	22.6206	22.5564	22.5776
PROT_0133	26.1035	26.3515	26.1621	25.7591	25.7375	25.8016	26.0695	26.1189	26.2285	26.5091	26.4576	25.624	26.0425	25.8622	26.1039	26.0187	26.0079	25.9543	26.0271	26.342	26.3253	26.2898	26.3646	25.9951	25.8654	26.2764	25.9994	26.3132	25.8052	26.0237	26.2635	25.9379	26.2666	25.916	26.1511	26.0571	26.1242	26.3173	26.0515	26.0026	26.0599	26.1842	26.0203	26.41	26.0597	26.2846	26.023	26.1983	26.4475	26.2527
PROT_0134	28.5755	28.6924	28.6234	28.6224	28.863		28.7534	28.8345	28.8729	28.8941	28.8304	28.9958	28.9283	28.9611	28.9065	28.6514	28.8065	28.553	28.9211	28.7211	28.8756	28.6693	28.6994	28.6456	28.6591	28.7316	28.8017	28.5933	29.479	29.4414	28.8132	28.8507	28.8515	28.8746	28.7691	28.646	28.6973	28.7668	28.9396	28.7676	28.9321	28.6413	28.777	28.8185	28.7038	28.7975	28.992	28.758	29.1149	28.6811
PROT_0135	24.1448	24.0265	23.8856	24.3261	24.402	24.0882	23.9326	24.0673	24.2352	23.6951	24.3194	24.1805	23.9385	23.6198	23.959	24.2091	24.045	24.1218	23.9227	23.9192	24.1528	24.1067	24.1722	23.6584	23.6457	24.1286	24.1372	24.0359	24.1266	23.9323	24.1299	24.1128	24.6542	23.8793	24.3746	24.1733	24.336		23.8537	24.095	24.0926		23.8862	23.7675	23.706	23.6419	23.8983	23.8562	24.0927	24.1459
PROT_0136	22.0974	22.2158	21.8405	21.7947	22.8158	22.1268	22.2068	21.9312	22.2834		22.3562	22.3458	21.8559	22.0415	22.4518	22.2428	22.35	22.2343	22.086		21.9549	21.7538	22.01	21.9558	22.1879	22.1418	22.075	21.9798	22.5635	22.5113	22.2323	22.1896	22.3455	22.4585	22.524	22.128	22.1781	22.111	22.6127	22.3717		22.406	22.1282	22.1525	22.1664	21.8099	22.5053	22.2717	22.2586	22.2924
PROT_0137		18.915	18.5309		16.9473	18.9068							17.2699							18.7454					18.958			18.1796	18.8315	17.8258	18.4388				17.9507	18.2442		18.3231			17.9323	17.7324		18.9843	18.2203				17.6173	
PROT_0138			18.6647		16.8271			19.0659						18.2348				18.4839					18.7172				17.8678		18.6401		18.7942	18.895	18.3104		18.4813		18.0811	18.6045			18.5871				18.6974	17.4432	18.2189	18.5246	18.4031	17.5411
PROT_0139	22.8043	23.4684	23.527	23.5432	23.8236	23.8366	23.3399	23.4222	23.4977	23.0233	22.8002	22.965	24.0297	23.9681	24.3316	24.3991	23.6243	23.5212	23.6961	23.2122	23.2201	23.4417	23.7438	23.7476	23.7275	24.1714	24.0227	23.7549	23.3349	23.0516	22.754	22.9281	23.3382	23.9286	24.174	23.9795	23.5318	23.7338	23.2097	23.351	22.8643	23.2326	23.4431	23.6637	24.2185	24.0524	24.0222	23.0817	23.1095	23.0221
PROT_0140	20.6229	20.6783	20.2477	20.9555	21.3159	21.2001	20.465	20.5918	20.8084	20.4625	20.8378	20.8563	20.783	20.8852	21.1704	20.6073	20.9398	20.2459	20.5492	20.294	20.128	20.7496	20.8669	20.969	20.8571	20.4794	20.1935	20.279	20.6492	20.5728	21.1336	20.6486	20.6781	20.8517	20.8656		20.8462	20.7845	20.742	20.5002	20.4892	21.1279	21.0788	21.4255	20.3554	20.4042	20.1955	20.9025	21.4631	20.2512
PROT_0141	24.388	24.3235	24.0789	24.1237	23.6603	23.5573	24.4035	24.2761	24.6195	24.4228	24.2791	24.2631	24.0061	24.3114	24.2379	23.8555	24.266	24.2899	24.2717	24.3406	24.5487	24.5979	24.092	24.2102	24.191	24.2088	24.4408	24.0218	24.4879	24.2758	24.1464	24.3735	23.858	24.2468	23.8204	23.908	24.0407	23.9176	24.6233	24.3127	24.2957	24.4054	23.9654	24.1513		23.4409	23.8944	23.8851	24.2635	24.2856
PROT_0142	25.9023	25.8667	25.3773	25.558	25.656	25.9865	25.9833	25.7688	25.8971	25.5258	26.0165	26.2145	25.5085	25.6614	25.8076	25.6672	26.0801	25.26	25.9414	25.8439	25.8552	25.7347	26.0061	25.8364		26.2968	25.8554	25.5948	25.4801		25.4997	25.6794	25.6778	25.7044	25.9436	25.8426	25.7139	25.6492	24.6474	24.7746	25.8652	26.0275	25.3864	25.5714	25.8655	25.9812	25.9103	25.5704	25.3701	25.5569
PROT_0143	23.7547	24.0339	23.6126	23.5501	23.347	23.4531	23.965	23.6706	23.4374	23.4809	23.43	23.7216	23.5385	23.2608	23.981	24.0786	23.8272	23.7671	23.7346	23.5403	23.6693	24.145	23.4569	23.3217	23.5901	23.4398	23.3928	23.8308	23.7921	23.7214	23.4113	23.616	24.0219	23.6622	23.8654	23.202	23.8601	23.7748	23.8623	23.7032	23.5719	23.7315	23.7346	23.7945	23.5237	23.7791	24.1284	23.9282	24.0711	23.8328
PROT_0144	20.2902		19.9569	20.2908	20.7876	20.1029	20.2751	19.9808	20.4001	19.7449	19.9167	19.7613	19.9442	20.2744	20.5959		19.1492	19.656	19.913	20.3758	20.1422	19.9308	20.1245	19.2433	19.4642		19.4618	20.5695	19.6977	19.9351	19.69	20.2721			20.1704	19.6772	19.8479	20.0772		19.4739	20.2776	20.0095	19.1468	19.8988	19.6113	20.414	19.9476	19.8327		19.4002
PROT_0145							19.0967		19.7546	19.4206			19.2464	19.2169	19.43				18.8877				19.036				19.3969	18.9366	19.1035			18.4265	18.7024	19.6547	19.1579				19.5121	19.6097		19.4674	19.183	19.1475	19.1956		19.7306		19.5948	
PROT_0146	20.2293	20.7966	20.1891	20.7583	20.9999	21.0236	20.1436			21.0926	20.6918		19.6969	20.3266	20.1727		20.2877		20.3918	20.5298	20.0692	20.7123	20.0663			19.8262		20.464	20.1505		20.3364	20.1421	20.3411	20.2015	20.6696	20.4175	20.2572	20.6436	20.3459	20.0176	20.0362	20.9046	19.7454	20.8124	20.524	20.7974	20.0212	20.1929	20.0615	20.5861
PROT_0147	25.2333	25.1413	25.4086	25.2434	25.442	25.2289	25.3297	25.1392	25.4698	25.321	25.3308	25.5196	25.0839	25.4792	25.3148	24.9207	25.5534	25.0614	25.5082	25.691	25.1732	25.2345	25.1834	25.2532	25.2617	25.1791	24.8463	25.1588	24.933	25.2366	25.1434	25.5197	25.1362	25.3564	24.9608	25.2853	25.2751	24.7011	25.4112	25.3781	25.191	25.1883	25.6193	25.4878	25.2072	25.2347	25.5465	25.0581	25.0701	25.3263
PROT_0148	24.6422	24.6936	24.8596	24.9227	25.0109	24.9324	24.7103	24.4686	24.7789	24.8359	24.6007	25.0127	25.2272	24.866	24.6375	24.6131	24.8291	24.62	24.686	24.4138	24.9084	24.7096	24.401	25.0528	25.0021	24.868	24.5389	24.536	25.021	25.0061	24.8805	24.8017	24.6074	24.6923	24.8556	24.6766	25.0413	24.4361	24.7167	24.8381	24.7263	24.7521	24.537	24.9017	24.7629	24.7855	24.632	24.4501	24.393	25.0472
PROT_0149	23.1883	22.5301	23.0159	22.9	23.2787	22.9809	23.4735	23.2457	23.1583	22.8775	22.8413	23.3339	23.2733	23.0577	23.0025	22.8691	23.1074	22.6833	22.4118	22.8353	23.3005	22.6094	22.6906	22.3472	22.9718	22.8721	22.7546	23.131	22.7487	23.2057	23.0395	22.753	23.6767	22.8567	23.2621	23.2644	23.2677	22.8624	22.7136	22.8731	23.3957	22.9947	22.8736	23.142	22.9831	23.0323	22.7867	22.8259	22.8945	23.3425
PROT_0150	22.9869	22.8321	22.3643	22.5394	22.8594	23.0689	22.7308	22.5741	23.1091	22.2842	22.8198	23.1721	23.0002	22.7594	23.2864	22.3917	23.1804	22.6196	23.0205	22.6138	23.1097		22.9722	22.9544	22.8604	22.6383	22.5928	23.029	22.732	22.835	22.813	23.1685	22.6095	22.7765	22.8835	22.8116	22.783	22.9997	22.9064	22.7807	23.1698	22.9543	22.735	22.8336	22.6565	22.412	22.8315	22.8174	22.6281	22.7259
PROT_0151	25.8587	25.6721	25.9333	25.9828	25.8602	26.1822	26.0524	26.1006	26.1966	26.2089	25.8406	25.7615	26.0925	25.7088	25.9225	26.102	25.7524	25.868	25.7717	26.0152	26.2478	25.9214	25.9047	25.9423	25.9987	26.1841	25.8386	26.0901	25.8202	25.819	25.6869	25.6823	26.0881	25.9169	25.9712	26.3051	25.8699	26.0207	25.9999	26.1761	26.1111	25.9251	25.9173	25.7964	25.924	26.0469	26.2659	26.2438	26.0061	25.9594
PROT_0152	22.4118		22.3698	22.2781	23.0366	23.399	22.0004	21.798	22.5351	22.5584	22.3881	22.2603	22.324	22.6415	22.3173	22.5608	22.322	22.4324	22.9523	22.1012	22.4339	22.4343		22.0979	22.6582	21.8214	21.9017	22.1438	22.4845	22.5258	22.6104	21.8313	22.3719	22.1425	22.1256		21.9024	22.3468	22.9105	22.6353	22.5845	21.8889	22.0259	22.2198	21.8567		21.9373	22.1845	22.7432	22.3806
PROT_0153	26.6138	26.7178	26.4215	26.524	26.9367	26.8089	26.6828	26.6702	27.0615	26.6847	26.634	26.648	26.6556	26.7375	26.6802	26.7832	27.0613	26.7803	26.6286	26.5628	26.7178		26.501	26.7557	26.7375	26.5534	26.5106	26.2618	26.557	26.9622	26.6779	26.5239	26.3474	26.5038	27.2685	26.6223	26.3766	26.4994	26.6903	26.6321	26.4759	26.6037	26.4381	26.66	26.8269	26.7549	26.9246	26.4178	26.8046	26.8479
PROT_0154	23.8331	23.594	23.8023		23.7281	23.7594	23.7492	24.1114	23.8053	23.7281	23.9006	23.4165	23.8243	23.9993	24.0028	24.0272	23.9585	24.1611	23.5633	23.536	24.2045	23.7583	24.0232	24.0547	23.9088	23.6754	23.3712	23.5636	23.687	23.9685	23.7579	23.4789	23.9561	23.6935	23.9156	23.8133	23.6251	23.5567	23.9399	23.8146	23.7314	23.7126	23.8635	24.0641	23.7118	23.7794	23.7962	23.7843	24.1561	23.5432
PROT_0155	21.9046	22.534	22.6068	22.5292	22.6013	21.5954	22.6501	22.629	22.5372	22.1842	22.3275	22.2943	22.5881	21.8642	22.6798	22.5453	22.7605	22.9535	22.1171	21.976	22.2131	22.4928	22.2998	22.3717	22.6092	21.9686	21.7557	22.0108	21.9588	22.7743	22.3443	22.2794	22.3278	21.8209	22.329	21.8991	22.3571	22.3723	22.2842	22.5627	21.8431	22.314	22.7211	22.2277	22.2895	22.8262		23.2151	22.873	23.2937
PROT_0156	22.1099	21.8591		21.7496	21.8504	22.0934	22.5094		22.2662	21.585	22.0417	21.7473	21.7921	22.0413	21.7392	21.9533	22.3796	22.1302	22.6293	21.8134	22.3362	21.7492	21.533	22.2047	22.2028		22.0797	21.8484	22.1119		22.0345		22.2438	22.4217	21.7409	21.7334	22.2355	22.1442	22.5712	22.1272	22.4458	22.4831	21.9761	21.992	21.4688	21.5299	22.5623	22.1882	22.26	21.5511
PROT_0157	24.745	24.263		24.1873	24.8953	24.5109	24.9987	24.9408	24.5142	24.9269	24.4203	24.2213	24.5529	24.4677	24.6765	24.2257	24.2608	24.4024		24.5552	24.383	24.3908	25.2327	24.7816	25.283	24.7919	24.1308	23.946	24.3647	24.7066	24.1664	24.2481	24.3174	24.4506	24.59	24.342	24.0379	23.8161	24.6129	24.9262	24.0809	24.2137	24.2016	24.0621	24.3727	24.3082	24.4443	24.6253	24.3378	24.4832
PROT_0158	24.7441	24.8013	24.5524	24.9985	24.6024	25.0361	24.8403	24.8066	25.1051	24.7762	24.9164	24.749	24.9645	24.889	24.4935	24.9218	24.9374	24.5369	24.9471	25.0303	25.0752	24.67	25.0071	24.955	24.8347	25.1151	24.8392	24.6811	24.7027		24.8148	25.0633	24.9365	24.8389	24.77	24.6155	24.9475	24.5285	24.8874	24.7134	25.3535	24.9432	24.6063	24.839	24.4103	24.8969	25.0188	24.681	25.2786	24.5334
PROT_0159	20.4596	20.5844	20.502	21.0978	20.9075	20.8712	21.1358	20.3563	20.3858	20.8492	20.1406	20.9026	20.3405	20.1247	20.5187	19.6531	20.4234	20.1885		20.5976	20.0536		20.7607	20.5887	20.1446	20.2633	19.8604	20.4375	20.0053	20.0299	20.5845	20.3424	20.3978	20.7342	20.419	20.1829	20.206	20.0096	21.2274	21.0107	20.312	20.5286	19.6559	19.9076	20.0992	19.8936	21.1601	20.0091	20.6108	
PROT_0160	26.4675	26.6003	26.7386	26.7136	26.7391	26.7612	26.8979	26.8221	27.0076	26.4913	26.4728	26.7024	26.9306	26.9558	26.9555	26.5744	26.4303	26.8623	26.5845	26.4717	26.7118	26.6857	26.7826	26.8811	26.7194	26.7132	26.4806	26.6353	26.7106	26.6812	26.4668	26.6226	26.9114	26.3765	26.632	26.5573	26.4738	26.5707	26.7264	26.5181	26.6107	26.4402	26.7863	26.8131	26.7978	26.7299	26.6273		26.7755	
PROT_0161		18.5462				17.8163					19.0279	18.8081		17.8486	17.9797	18.4435			17.2841						19.1272		17.4924		19.1726	18.1231		17.9864				17.6451					18.566	18.8049			18.1711					19.2736
PROT_0162	23.5542	23.751	23.2057	23.4066	23.7256	23.2829	23.4879	23.5673	24.1367	23.9723	23.3319	23.8406	23.3757	23.4946	23.5925	23.687	24.07	23.6137	23.4652	23.4432	23.8005	24.1849	23.6051	23.6517	23.8326	23.358	23.3967	23.5103	23.5732	23.5401	23.1044	23.2459	23.3403	23.1195	23.593	23.5063	23.2263	23.3956	22.5021	22.892	23.5607	23.6903	23.4905	23.5401	23.6602	23.5974	23.3387	23.8405	23.9185	23.7393
PROT_0163	26.9373	27.2632	26.986	26.9856	27.0885		28.1582	28.0101	27.3844	26.747	26.8248	27.0963	27.1874	27.1303	27.0949	27.0985	27.5102	27.0361	26.9292	26.9116	27.1779	27.0324	27.1374	27.1439	27.2152	27.197	27.1747	26.8598	26.8816	26.771	27.0682	27.1546	26.8457	26.8348	26.8582	27.0575	27.056	27.415	27.0558	26.7108	27.1051	27.4052	26.7939	26.942	26.8498	27.0254	27.2324	26.9983	27.1681	27.0408
PROT_0164				18.7545	18.6399	18.2328	19.3312	19.4346				18.524	19.9144						19.1785			18.4201	19.3053	19.513		19.0787			18.2666			18.0477			18.0334	18.7667		18.8739				19.1161				18.8233			18.6855	18.1729
PROT_0165	22.9674	22.2286		22.5866	22.4433	22.7064	22.6754	23.0005	22.7282	22.9017	22.9333	22.7239	22.7869	22.8897	22.6124	22.9301	22.2944	22.6693	22.5904	22.0848	22.8265	22.463	22.823	22.6527	22.6432	22.4703	22.5932	22.8386	22.8165	22.5686	22.577	22.3534	22.6937	22.7717	22.6404	22.4468	22.5319	22.8651	22.4886	22.5567	22.63	22.6429		22.5839	22.6053	22.889	22.9286	23.1896	22.6765	22.1108
PROT_0166	23.1637	23.2868	22.8628	22.9193	23.204	23.0967	23.0339	22.9344	23.4034	22.7363	23.1268	22.9518	22.9218	23.5011	23.1861	22.8837	22.6096	22.9715	23.0682	22.6698	23.0782	22.9987	23.4252	23.0675	22.5449		22.7635	22.7154	22.8468	23.2055	22.5323	22.8712	23.3326	23.0338	22.9683	23.2053	22.9759	23.0207	22.9284	23.167	23.1317	22.8745	22.9236	22.6956	22.7859	23.0563	23.1266	22.861	22.8641	22.915
PROT_0167		18.3433					17.4708	17.9101													18.1494								17.5318	17.3028									17.6155				18.7991				16.8043			
PROT_0168	23.6292	24.1302	23.9369	23.7612	23.4561	24.2261	24.053	23.5785	24.164	23.7645	24.1087	23.9366	23.9428	23.8792	23.2574	24.1484	24.1474	24.049	24.0249	23.8599	23.5022	23.6294	23.5365	23.6917	23.2994	23.9526	24.1346	23.704	23.8799	23.4157	23.7178	23.6135	23.8558	23.9754	23.7011	23.5839	23.7497	23.6747	23.5874	23.6222	23.976	24.5229	24.1941	23.6067	23.4148	23.95	24.3021	24.0016	23.7844	23.4003
PROT_0169	22.9242	22.9885	23.1122	22.9903	22.8611	22.3243	22.6006	23.1588	23.8093	23.0587	23.6973	23.4375	22.9656	23.2726	22.9806	23.288	23.6021	23.2882	22.9826	23.3886	23.383	22.8808	23.0409	22.9926	23.2976	23.0036	23.4106	22.7857	23.3713	23.2548	23.2205	23.0565	23.242	23.1977	22.8793	22.4212	23.1348	22.9641	23.3976	23.4395	22.8347	23.1123	23.5471	23.0494	23.0393	23.3226	22.7824	23.0429	23.2601	22.9541
PROT_0170	20.8734	20.4217	20.9073	20.8093		21.1322	21.0538	20.5233	20.9292	20.1764	20.1246	20.4392	19.7768	20.3142	19.7796	19.5194	19.9624	20.2664	19.5604	20.3295	20.1787	20.3298	20.1996	20.7207					20.7168	21.2613	20.31	20.2922	20.5306	20.3552	20.7401	21.2555	20.4834	20.3697	19.934	19.8909	20.4439	20.3382	20.7965	20.6381		20.5361		20.5022	20.5821	20.5129
PROT_0171	25.4631	25.1045	24.8008	25.1224	24.824		25.1656	25.2004	24.898	24.9416	24.9511	25.3457		24.6773	24.9729	25.1944	25.2022	24.7255	24.9593	25.3256	25.3461	25.2341	24.9811	25.1061	25.0671	25.0266	24.3902	24.7991	25.0286	25.218	25.2392	25.1752	25.124	25.0729	24.9999	24.9562	24.8595	25.3035	25.2202	25.2046	25.2554	25.0518	25.4223	25.2386	25.1145	25.1978	25.6375	25.0755	24.5959	24.7806
PROT_0172			18.0622			17.5883								18.5041		17.1593		17.9937																18.4117		17.833	17.8364			18.5574				19.626			18.9375			17.901
PROT_0173		17.2822				18.1169		17.567	18.2783						17.7742			18.8444													17.434	18.1166						18.5433		17.8287				18.4847				18.2356		17.7404
PROT_0174	25.8764	25.3967	25.5584	25.8506	25.9606	25.6756	25.9661	25.8123	26.1889	25.9423	25.9058	25.8776	26.0292	25.9053	25.9659	26.064	25.7048	25.8257	25.7594	25.8546	25.728	25.6411	25.7964	25.5565	25.96	25.7288	25.9273	25.6953	25.883	26.0667	25.9537	25.8241	25.6812	25.8303	26.2302	25.8051	25.9644	25.8429	25.6917	25.7571	25.9257	25.8581	25.9059	25.5717	26.1019	26.1073	25.8035	25.665	25.9027	25.8618
PROT_0175	24.0691	24.1057	23.7381	23.8395	23.6738	23.6874	23.8455	24.1181	23.8954	24.2408	23.7098	24.1566	24.0416	24.1296	24.309	24.0608	24.5062	23.9867	24.2112	24.0192	24.3747	23.4937	24.0076		24.0476	23.9138	23.9488	23.9453	23.8577	24.2104	24.3341	23.9905	24.2409	23.7702	24.4004	24.1633	23.9767	23.6978	24.1459	23.8713	23.8522	24.1085	24.0098	24.034	24.1035	23.9911	24.1015	23.8973	23.9715	24.2147
PROT_0176	20.2976	20.5579		20.4389	20.5998	20.2608	20.518	20.076	20.8715	20.4777	19.9171	20.2955	20.0893	20.5856		21.0722	19.5271			20.2515	20.4194	20.0396	20.8166		20.7454	20.528			19.8994			20.4714	20.45	20.106	20.7378	20.5482	20.6979	20.0725			20.1841	20.8525		19.8926		20.4606	20.7065		20.1554	20.0902
PROT_0177	20.78	20.8622	20.3368	20.7388	21.3002	20.5475	20.3862	20.7599	21.1256	20.481	21.6772	21.4071	21.2475	20.4817	21.0013	20.8965	21.3434	21.4292	21.3554	21.6976	20.8306	20.4321		20.7628		21.3475	20.4815	20.7682	20.7561	20.6883	20.4655	20.8148	21.2771	20.9611		20.4663	20.6493	20.8926	20.628	20.9556	21.1181	21.2692	20.7069	20.4054	20.4205	21.1654	20.8934	20.6193	21.1449	20.9183
PROT_0178	18.8025	18.1961		18.0359	18.7589		18.1492				18.4117	18.472		18.4787		19.6961	19.2902	17.387	17.3712		18.8325			18.6537					17.4964	19.0992		18.8813	18.3085	18.069	18.3302	18.8352	18.2551		18.3577								18.9888			
PROT_0179		20.1928	19.7197	19.9622	20.1402	19.8572	19.4687	20.0271		19.7965	19.7212	20.0221	19.1443		19.7897	19.9022	19.2726	20.0451		19.623	20.0127	19.7842	19.6225	20.1868	20.2451	20.3213	19.9153			19.2098	19.8914	19.6985		20.4866		19.6203		19.7856		19.6949	20.5668	20.192	19.2591			19.6596	19.7471		20.2758	
PROT_0180	19.4932	19.3814	19.2186	19.4203		19.8543	19.4508		19.5234		19.7576		18.7649	19.6166	20.1331	19.9292	20.3054		19.4864	19.4248	19.8744	19.9384	19.7174		19.6006	20.0592		19.2084			19.1154	19.433		20.3112	19.9604	19.791	19.8487	19.2771	19.7483	19.7675	20.0461	20.8521	20.0668	19.4937	20.1593		19.6049			18.7963
PROT_0181	24.8145	24.5107	24.5334	24.5019	24.7466	24.6538	24.4363	24.592	25.1102	25.3075	24.5311	24.744	24.5564	24.662	24.8821	24.9541	24.9189	24.7258	24.6063	24.4579	24.7239	24.4861		23.6606	24.5494	24.5033	24.3781	24.5063	24.5486	24.6386	24.5775	24.4459	24.5936	24.45	24.6119	24.6722		24.5947	24.6098	24.7908	24.8191	24.6141	24.8303	24.6767	24.2599	24.4623	24.8489	24.6269	24.2919	24.4803
PROT_0182	22.1913	22.1691	21.7184	21.5621	21.8075	21.6751	21.8882	21.741	21.7047	21.9635	21.5917	21.7514	22.0955	21.7227	21.8805	21.3069	22.1064	21.2849	21.7954		21.5092	21.0785	21.6403	21.9068	21.7205	21.77	21.6214	21.5568	21.921	21.6296	21.4991	21.4362	21.9274	21.6415	22.0122	21.7987	21.4491		21.8954	22.1165	21.6681	21.8863	21.7858	21.8434	21.0353	21.2853	22.3466	22.4428	21.5367	21.9587
PROT_0183	21.4399	20.6589	20.9492	21.0909	20.939		21.5348	21.0628	21.6077		21.3486	21.891	21.4572	21.2478	20.9595	21.3605	21.1889			21.0103	21.3863	20.8744	21.3771	21.1485	21.4085	20.9496	21.5688	21.2435	20.9909	21.1257	21.5946	21.3898	21.375	21.0987	21.1384	21.3714	21.5362	21.0078		21.4732	20.9079	21.0067	21.0153	21.2647	20.9608	20.9851	20.9143	20.8124	21.3663	21.6534
PROT_0184	24.5096	24.308	24.5024	24.7547	24.8298	24.8432	24.4658	25.1216	24.8628	24.694	24.2791	24.5585		24.7998	24.4176	24.6783	24.5053	24.8663	24.9037	25.1175	24.8172	24.4214	24.9543	24.5945		24.5826	24.6083	24.7626	24.5885	24.4727	24.6883	24.4713	24.1241	24.3764	24.8325	24.7014	24.6276	24.7625	24.8853	24.7875	24.7264	24.8743	24.7079	24.6463	24.6484	24.7828	24.5857	24.5154	24.4788	24.3961
PROT_0185	23.5689	23.8106	24.1235	23.8993	24.0054	23.6426	23.4103	23.9654	23.8959	23.7254	23.8942	23.8599	23.9004	23.5797	24.0067	24.0396	23.7148	23.7462	23.8587	23.4969	23.5312	23.8807	24.3268	23.3346	23.6769	24.1532	23.9102	23.8723	23.6317	23.9601	23.5532	23.4146	24.6216	23.6838	23.8329	24.0644	24.0415	23.8871	23.9933	23.9634	23.6559	24.0055	24.0818	24.0794	23.4556	23.864	24.1689	23.4608	23.814	23.5399
PROT_0186	25.5812	25.4385	25.8772	26.0393	25.8548	25.7185	25.8085	25.5694	26.0906	26.0786	25.6518	26.0199	25.5557	25.8016	25.9835	25.6912	25.6705	25.5574	25.842	25.9915	25.7336	25.6207	25.5959	25.6648	26.0795	25.9088	25.7575	25.4307	25.9706	25.9626	25.5912	25.7232	25.3685	25.5974	25.9908	25.5991	26.0043	25.7537	25.7341	26.0994	25.3412	25.8662	25.7578	25.4908	25.9623	25.95	25.6222	25.375	25.6617	25.6856
PROT_0187	19.4505	18.2998	18.7014	18.2159	18.5016	18.161	18.4122	18.2609			18.8933	18.3604	18.8448				19.5713		18.7988					18.1853		18.2993	20.3483	18.7905						18.6105	18.9823	18.9937	18.4843	19.0433		18.6495		18.6167	18.5226			18.9751				
PROT_0188	26.1309	26.3273	26.3037	26.3326	26.3211	26.3688	26.5551	26.3866	26.5936	26.1645	26.1095	26.5566	26.3652	26.143	26.0874	26.5248	26.8177	26.4872	25.9306	25.9583	26.4763	26.5287	26.4285	26.1429	26.3323	26.4754	26.4013	26.1712	26.0844	26.2962	26.2171	26.2936	26.3576	26.2625	26.2518	26.0386	26.4705	26.2649	26.3859	26.1566	26.3112	26.7504	26.1348	26.378	26.134	26.305	26.8975	26.4602	26.4285	26.05
PROT_0189	23.9337	24.2202	23.7356	24.1292	23.9042	24.0964	24.2302	23.6675	24.1893	24.2958	23.7137	23.8879	23.4808	24.3895	23.6649	23.6699	24.1785	24.0739	24.0773	23.736	23.9784	24.4315	23.3663	23.995	24.0649	23.8911	23.8701	23.7122	23.9649	24.0538	24.0624	24.2069	24.245	24.1796	24.3849	23.5807	24.2275	23.5423	24.0148	23.8936	23.6223	24.0688	23.6448	24.2819	23.8138	23.8952	24.2395	23.7987	23.917	23.6277
PROT_0190	21.7177	21.7115	22.3395	22.0598	22.6535	22.7555	21.6522	22.1458	22.2931	21.9805				21.9726	23.3834	22.4022	21.9895	21.9297	21.7656		21.7704		21.9518		22.9066	23.2369	21.7189	21.9417	22.0084	22.0274	21.7437	21.759	21.8075	22.1078	22.7595	22.8418		22.1028	22.2239	22.3668	21.7345		21.5304	21.9343	22.5838	23.1156	22.1048	21.8526	21.6855	21.2468
PROT_0191		25.0899	25.335	25.1069	25.2129	25.1504	25.1903	25.2561	25.6018	25.426	25.3769	25.5628	25.1086	25.2168	25.2601	25.0017	25.2448	25.2336	25.145	24.9893	24.9618	25.3131	25.2967	25.2048	25.1351	25.3896	24.795	24.6295	25.2182	25.3378	25.2464	24.8841	25.1862	25.4376	25.5435	25.0558	25.199	25.1883	25.5571	25.319	25.309	25.27	25.1718	25.3492	24.874	25.2895	25.2313	25.2056	25.4007	24.9906
PROT_0192	27.9102	27.871	27.7061	27.5517	27.7336	27.8612	27.662	27.7952	28.0031	27.8613	27.4492	28.0398	27.9145	28.1138	27.8672	27.795	28.049	27.993	27.6671	27.7831	27.9053	27.63	27.9302	27.9129	27.541	27.9127	27.7618	27.3748	27.9177	28.0102	27.6097	27.8565	27.924	27.5429	27.4966	27.6718	27.9205	27.7767	27.7544	27.912	28.0158	28.0857	27.9698	27.8928	27.5918	28.1634	27.8402	27.8793	27.8251	28.1053
PROT_0193	22.4656	22.6023	22.6596	22.6658	22.9415	22.8393	22.7302	23.0345	22.5462	22.6371	22.8686	22.617	22.9678	22.1452	22.7212	22.652	22.9487	22.4672	22.8345	22.9272	22.9394	23.0957	22.4934	22.4861	22.5799	22.3656	22.8971	22.4336	22.5009	22.5449	22.7226	22.9084	22.7989	22.8297	23.0601	22.4001	23.1982	22.8239	22.4783	23.1049	22.6517	22.7087	22.2856	22.7144	22.4471	22.614	22.7909	22.3847	22.5675	22.7435
PROT_0194	22.2932	22.2891	22.4827	22.2743	22.7799	22.0571	22.3279	22.9113	22.4836	22.3497	22.6716	22.5827	22.7503	22.4529	22.403	22.9295	22.5797	22.8415	22.4618	22.6382	22.6716	22.29	22.7492	22.3025	22.3968	22.4282	22.464	22.786	22.6638	22.9253	22.4984	22.2879	22.5391	22.2008	22.4045	22.3207	22.6292	22.7352	22.7203	22.8423	22.1998	22.6137	22.2303	22.6597	22.8578	22.252	22.217	22.7278	22.4772	22.284
PROT_0195	22.2598	21.8441	21.6632	22.3974	22.019	21.6536	22.121	21.5588	22.0778	22.0146	22.1732	22.3594	21.6411	21.3562	21.7466	22.5545	22.0773	21.3279	21.9468	22.0845	22.3042	21.4076	21.9066	21.7735	21.6805	22.4028	21.8111	21.7888	21.7455	21.9768		21.8175	21.598	21.8235	22.4481	22.3425	22.1108	21.6717	22.1074	22.4353	22.012	22.2834	22.0491		21.9863	21.9758	22.0261	21.7824	21.9419	21.6934
PROT_0196	18.3395			17.5178		16.7321		18.624				17.0223	17.9493					17.9928												18.3058					18.1566					17.6033				18.5752		18.3999	17.9876		18.268	18.1225
PROT_0197	26.5459	26.4525	26.19	26.2822	26.3993	26.4551	26.1077	26.166	26.6908	26.2563	26.4334	26.2689	26.7099	26.4658	26.5782	26.304	26.5363	26.2344	26.0928	26.294	26.171	26.0633	26.3923	26.3664	26.3867	26.3993	26.2732	26.3666	26.3458	26.4657	26.4957	26.1848	26.2808	26.305	26.9709	26.1896	26.1297	26.4852	26.1318	26.6796	26.2259	26.183	26.369	26.5163	26.3852	26.4172	26.613	26.3529	26.4245	26.462
PROT_0198	24.2216	24.4076	24.781	24.5002	24.8641	24.2863	24.2472	24.6679	24.5534	24.6964	24.6833	24.3414	24.6398	24.5594	24.5827	24.8327	24.4579	24.7975	24.7025	24.442	24.6085	24.3564	24.6389	24.689	24.7148	24.3714	24.2709	24.615	24.2593	24.21	24.7323	23.9053	24.9853	24.4985	24.333	24.2953	24.3461	24.8749	24.7493	24.6091	24.8289	24.7022	24.5397	24.373	24.5438	24.3877	24.5082	24.933	24.6514	24.7373
PROT_0199	24.4856	24.4659	24.1828	24.1341	24.1133	24.3889	24.4163	24.2355	24.5289	24.4564	24.6229	24.8195	24.3529	24.2903	24.4919	24.4749	24.7046	24.2284	24.2179	24.1366	24.381	24.262	24.3051	24.2218	24.0	24.7109	23.8224	23.7592	24.5834	24.068	24.2869	24.1753	24.6809	24.1062	24.3259	24.239	24.327	24.0421	23.9684	24.4494	24.5014	24.2475	24.0241	24.2621	24.5205	24.3978	24.2232	23.976	24.4528	24.4103
PROT_0200	25.0019	24.561	24.5144	24.3932	25.1617	24.419	24.9817	24.8476	24.9205	24.7915	24.5876	24.7941	25.0571		24.8481	24.5432	24.6727	24.4008	24.5883		24.5669	24.8775	24.5307	24.4715	24.8305	24.3031	24.776	24.5906	24.3368	25.09	24.4741	24.7089	25.0717	24.3815	24.4654	24.6393	24.7531	24.6718	24.4454	25.1076	24.8909	24.6902	25.0346	24.7175	24.5435	24.6478	24.6965	24.4515	24.109	24.6999
PROT_0201	22.2037	22.0641	21.6871	22.0409	21.0121	21.9585	21.515	21.884	21.6703	21.0286	21.9177	21.8233	21.893	21.6914	21.5235	21.5569	21.5032	21.7844	21.4208	21.5612	21.9632		21.5032	21.2915	21.6806	21.8836	21.5229	21.6528	21.407	22.2847	21.9008	21.8366	21.9654	21.5675	21.9087	22.3605	21.1835	21.4324		21.9064	21.4359	21.5924	22.1213	21.8286	21.8791	22.1493	21.5591	21.4782	22.228	21.5927
PROT_0202	28.7368	28.8004	28.9273	28.7491	28.4735	28.6517	29.1222	28.4818	29.0553	28.6428	28.6922	29.152	28.8723	28.7322	28.7222	28.4599	28.9514	28.7213	28.8996	28.9316	28.7987	28.9614	28.7274	28.9323	28.8183	28.5369	28.8364	28.5448	28.7812	28.8294	28.7824	28.8704	28.8883	28.6948	28.7551	28.9574	28.874	28.7295	29.0775	28.7317	28.9087	28.8383	28.7827	28.7663	28.7898	28.8559	28.9387	28.7518	28.8252	28.7788
PROT_0203	23.2215	23.1433	23.5645	23.2144	23.0388	23.373	23.0535	23.222	23.5491	23.4905	23.5275	23.2899	23.3299	23.1503	23.7259	23.5082	23.4306	23.1342	23.303	23.1986	23.2291	23.1906	23.2646	23.3896	23.0493	22.8982	23.2343	23.092	23.4384	23.3071	23.4808	23.5592	23.1457	23.0764	23.1556	23.3108	23.346	23.1376	23.4512	22.824	23.6733	22.9322	23.1655	23.0308	23.2364	22.9094	23.6993	23.0265	23.4189	23.2983
PROT_0204	21.9752	22.2431	23.1204	23.4388	21.7034		22.3398		22.246	21.4808	20.6154	21.2301	22.3233	22.2838	22.2011	22.6695	22.0456	22.4563	22.8456	22.0492	21.7968	22.2331	22.248	21.8766	21.8485	21.5271	21.8435	22.228	22.0204	22.5143	21.5375	22.1569	22.5315	22.2376	21.895	22.1455	22.421	22.4231	22.285	22.3811	21.8556	22.0776	22.2055	22.1214	21.439	21.5849	22.3323	22.3977	22.0488	22.4317
PROT_0205		19.9685	19.3263	19.7832	20.7371	19.4877	20.7073		20.4076			20.5054	20.6567	19.5826	20.4199	19.7842		19.8889	20.156	20.1873	20.3797	19.8958	20.229	19.0113		19.9275	19.06	19.9682		19.3002		20.0066	19.8831	20.0529	20.2829	19.5976	19.7715	19.8796	19.6212	20.3121	20.205	19.7983	19.9772				19.7863	19.5591		19.8425
PROT_0206	29.8543	29.7713	29.5919	29.9593	29.6832	29.7845	29.7318	29.9171	29.5714	29.8919	29.7504	29.6958	29.8661	29.7483	29.9336	30.0289	29.6881	29.854	29.8111	30.0966	29.9189	29.6206	30.2334	30.0072	29.8699	29.6914	29.7679	29.6403	29.8512	29.5969	29.9716	29.8509	30.0691	29.6252	30.1873	29.7345	30.2033	30.0013	29.9262	29.9461	29.9587	29.9219	29.8623	29.7967	30.1459	29.8349	29.7527	29.9095	29.9177	29.5782
PROT_0207	24.9697	24.8656	25.1604	25.1822	25.2101	24.811	25.3283	25.2159	25.584	25.0599	25.2018	25.3675	25.4886	25.4428	25.1493	24.8068	25.1515	25.2017	25.3278	25.4304	25.006	25.1621	24.9694	25.2521		25.2373	25.54	24.8957	25.1487	25.3801	25.0913	25.2268	24.9795	24.9518	25.4437	24.9405	25.3368	25.0791	25.2941	25.2145	25.1969	25.1455	25.2844	25.5544	24.8087	25.0947	25.2665	25.4649	25.6113	25.3393
PROT_0208	25.4016	25.4884	25.6195	25.6311	25.388	25.2337	25.3395	25.1255	25.8738	25.1192	25.4492	25.6795	25.3653	25.437	25.0965	25.4021	25.5383	25.1759	25.739	25.401	25.3159	25.64	25.2479	25.4107	25.4948	25.4403	25.099	25.2592	25.1754	25.4866	25.4913	25.4715	25.2542	25.3354	25.4452	25.5392	25.3052	25.3363	25.5457	25.351	25.4082	25.306	25.3666	25.4836	25.1658	25.2115	25.4542	25.2835	25.9215	25.2071
PROT_0209	24.1382	23.7677	23.5458	23.9004	24.4065	24.1536	23.8492	23.9897	24.0743	24.0676	24.4096	24.3476	23.5772	24.3566	24.184	23.9478	24.0676	23.6569	24.0811	24.0706		23.8531	23.7609	24.0359	23.9054	24.0935	23.9212	23.808	24.0583	24.1891	23.9422	24.1117	23.5635	23.72	24.0666	24.1167	24.0064	23.7039	23.8949	24.0952	23.9597	24.0494	23.9357	23.9176	23.7746	24.0145	24.0059	23.8097	23.8156	23.9004
PROT_0210		20.3441	19.6852	19.4133	19.909			19.364	19.6927				19.2132	19.7856	19.8734	19.7242	19.2262	18.8546	19.8067		19.5079	19.4553	19.1393		19.9505	20.0896	19.4258	19.2694	19.1039		19.9274	19.6121	19.1715	19.9647	19.7912	19.2609		19.6477		19.737			19.0702	20.0788	19.9503				19.4451	
PROT_0211	25.7082	25.1549	25.4736	25.2419	25.3212	25.113	25.4221	25.519	25.0555	25.182	25.0261	25.2916	25.1814	24.6471	25.2092	25.2451	25.2015	25.6371	24.9436	25.0644	25.6465	25.1645	25.2258	25.2883	25.0027	25.3747	25.4655	25.1917	25.1375	25.3468	25.1108	25.5427	25.3358	24.7544	25.4712	24.956	24.9969			24.998	25.1996	25.1851	25.5859	25.5101	24.8191	25.4191	25.0729	25.2617	25.1705	25.2307
PROT_0212	22.2702	22.5419	22.1172	22.0363	22.3307	21.4576	22.1145	21.9715	21.6052	21.9544	22.0985	22.4476	22.1545		22.1551	21.9076		21.7741	21.6241	22.0425	22.177	21.8863	21.849	22.1512	22.3631	21.5816	21.8609	21.879	21.5855	22.6121	21.8195	21.3982	22.0532	21.6983	22.4191	21.6143	22.0971	22.3789	21.9631	21.8823	22.1506	22.2136	21.7407	22.6159	22.1394	21.8198	21.7186	22.0663	21.9098	21.9851
PROT_0213	21.1111	21.4494	21.7984	21.2938		21.6334	21.024	21.8382	21.1289	21.3171	21.4062	21.5682	21.2931	20.8704	21.3302	21.7751	21.2947	21.2615	21.4215	20.668	21.3814	21.4078	21.6244	21.2456	20.7245	21.8841	21.2481	20.8006	21.2454	21.4236	21.2186	21.7221	21.5886	20.7599	21.3476	20.9086	21.5339	21.5982	21.6027	21.6083	21.5521	21.377	21.4985	21.3541	21.8364	21.3494	21.2864	21.6164	21.2733	21.2722
PROT_0214	26.6844	26.6543	26.6801	26.9075	27.0044	26.8739	26.9449	26.6758	26.6316	26.6737	26.6227	26.7671	26.4468		27.0308	26.6185	26.7618	26.3618	26.845	26.8053	26.8838	26.3837	26.5937	26.762	26.8188	26.8405	26.6286	26.5265	26.1639	26.785	26.3844	26.6551	26.2916	26.5482	26.6312	26.6133	26.7905	26.7107	26.3827	26.5244	26.5848	26.4945	26.4973	26.5882	26.8324	26.7303	27.0886	26.8478	26.8897	26.8596
PROT_0215	22.8977	22.3021	22.5303	22.5364	22.1556	22.853	21.9079	21.9756	21.5885	21.3692	22.3245	22.4467	22.7466	22.5917	22.561		22.3996	22.4378	22.814	22.5782	22.669	22.1798	22.3564	22.8282	22.4821	22.0788	22.4479	22.4447	22.5264	22.5082	21.8217	22.2707	22.8148	22.4418	22.6664	22.2766	22.6969	22.5619	22.8429	23.0205	22.4526	22.7018	22.1256	22.0647	22.5368	22.8421	23.0445	22.701	22.7664	22.4249
PROT_0216	21.4462	22.0982	21.543	21.7566	21.549	21.732	21.1465	21.529	21.7204	21.3884	21.0268	21.8135	21.6092	21.1098	21.1988	21.2614	21.6088	21.5267	20.6189	21.2162	22.0538		21.711	21.5443	21.4538	20.5266	21.9635		21.2452	21.3582	21.5148	21.6154	21.6763	21.5183		21.4502	21.5092	21.7149	21.4472	21.6868	21.1303	21.5884	21.3987	21.5105	21.0986	21.1436	21.9518		21.6133	21.598
PROT_0217				18.1672	18.3369		17.739	19.7645		18.3293				19.142		18.8321	18.4955					17.9448							19.1184	18.6995			18.3979	18.1037	17.68				18.9763		18.799	19.2003	17.7423					18.5256	17.5204	
PROT_0218		19.6422	19.6077	19.05	19.8924	19.6477	19.2923	19.2945	19.8459			19.1096	19.0275				19.809		20.056	18.5856		18.4375				19.4109	19.3424	19.908		19.6397			19.2469		19.1829	19.597	19.8638	19.7992		19.379		19.6839		19.2415		19.6311	19.2929	19.1609		18.5853
PROT_0219	23.1468	23.3918	22.9907	22.9001	23.4093	23.0774	23.4645	23.3137	23.4031	22.5042	23.1112	23.2065	23.1941	23.1158	23.4005	23.0955	23.326	23.3361	23.1659	22.9284	23.3653	23.0447	22.8773	22.7182	22.4301	23.4083	23.1491	22.5972	22.9955	23.3387	23.0166	22.8533	23.3157	23.121	23.2495	22.7325	22.95	22.714	23.3951	23.3423	23.1821	23.0425	23.2488	23.3269	23.4531	23.02	23.1773	23.3231	23.0271	23.1926
PROT_0220	23.704	23.6031	23.6356	24.1568	23.8295	24.1453	24.0007	23.797	24.2273	23.7952	23.7318	23.9231	23.8477	23.9501	24.1152	23.9599	23.9825	23.4736	24.1037	23.8837	23.8908	23.9846	23.5076	23.6003	23.9514	23.8496	23.7275	23.7228	24.065	23.7021	23.5311	23.899	24.0394	24.1166	23.8065	23.7712	23.9728	23.9235	24.2317	24.1347	23.7511	24.113	23.5578	23.7033	23.9564	23.7651	23.9406	23.3257	23.9705	23.6465
PROT_0221	24.1145	24.0105	24.4769	24.6399	24.3528	24.0838	24.161	24.2992	24.2844	24.3245	23.9768	23.8921	24.3378	24.2196	24.6241	24.3688	24.3129	24.7951	24.5186	24.5069		24.0881	24.3695	24.3822	24.5281	24.5387	24.3054	24.3691	24.2274	24.5773	24.2453		24.2847	24.2693	24.7342	24.4065	24.1703	24.2257		24.2147	24.1147	24.3004	24.046	24.1878	24.3871	24.0027	23.7812	24.5681	24.3364	24.4999
PROT_0222	21.2765	20.545	21.3677	21.6297	21.1091	21.0844	21.0168	21.0927	21.6606	21.6816	21.2793	20.8883	21.7951	20.9885	21.7977	21.503	21.3648	20.7673	21.0689	21.1888		21.1906	21.3222	21.1443	21.0507	20.1636	21.0704	21.0626	21.2265	21.3637	21.2073	20.9898	22.0098	20.9084	21.5173	21.1491	20.9454	21.3398		21.1667	21.1999	21.5251		20.6521		21.5421	20.9172	21.178	20.8902	20.3888
PROT_0223	21.7044	22.0212	21.6558	21.4162	21.7563	22.2192	21.797	21.6732	21.486	21.6513		22.0938	21.9255	21.5922	21.9389	21.9136	21.3777	22.0088		20.9551	21.8502	21.137	22.1253	21.4032	22.2011	21.6502	21.1238	21.4828	21.353	21.953	21.6698	21.8538	22.4475	21.572	22.0258	21.7783	21.6758	21.9347	21.6254	22.0765	21.4931	22.1576	22.099	21.3976	21.0543	21.9537	21.7178	21.6869	21.3167	22.0175
PROT_0224	24.6643	24.9689	24.8689	24.7134	24.6808		24.5699	24.4617	24.7598	24.6724	24.7026	24.5479	24.9705	24.5856	24.7471	24.704	24.9587	24.9367	24.4203	24.5615	24.8406	24.9535	24.568	24.6908	24.7507	25.0599	24.781	24.2395	24.5704	24.7619	24.9501	24.6809	24.7362	24.6131	24.472	24.5293	25.003	24.7651	24.8249	24.8384	24.8331	25.231	24.4906	24.618	24.5833	24.5688	24.7942	24.8966	24.4241	24.7515
PROT_0225	20.4575	20.164	19.7305	19.2976	19.5679	20.1569	20.3839	20.9846		20.672		20.2633	20.5031	20.2509	20.7389	20.1086	20.3676	19.8973	20.2961		20.382	20.6865	20.7003	19.6131	19.9653	20.2693	19.8037	20.5127		19.9829		20.4327	20.3504		19.8856	19.8975		20.4237		20.0538	19.9581	20.6556	20.4278	20.3116	20.0502	20.3334	20.4759	20.0926	19.9626	20.2645
PROT_0226		19.3593					18.6832				18.4444		18.4827			18.7885			18.5267	18.0606		17.2848			18.0797									19.4405			17.7158	18.4018	18.9416				19.142							
PROT_0227	23.1665	23.6101	23.4417	23.5076	23.6579	23.5767		23.8353	23.8896	23.5609	23.4404	23.5756	23.8376	23.7015	23.0035		23.4877	22.8042	23.114	22.8865	23.4039	23.3878	23.4137	23.3924	23.5171	23.3001	23.0471	23.9251	23.4964	23.426	23.1931	23.1245	23.0922		23.1708	23.2811	23.3019	23.6411	22.9065	23.15	23.4577	23.3434	23.1934	23.6474	23.2475	23.5426		23.1692	23.6357	23.3897
PROT_0228	23.6763	23.867	23.8685	23.4463	24.1232	23.5664	24.1584	24.2456		24.0307	23.7388	23.9688	24.0039	23.925	24.0888	24.0087	23.9844	23.7845	24.0156	24.0675	23.9652	24.1002	23.9405	23.9805	23.9202	23.5115	24.0608	24.0186	23.8362	24.0153	23.8146	23.9701	23.5773	23.8859	24.0953	23.7775	23.5904	24.1218	23.8495	23.9757	24.0841	23.7652	24.2027	23.7885	24.0083	23.9685	24.1258		24.0649	24.2293
PROT_0229	19.3592	19.4589		19.6813		19.9182	19.5309		20.421	19.6021	19.0394	18.8788	19.2976		19.5763	20.0846	19.9706	20.2658		20.1176	19.7139	19.7628		18.4134	19.2621		18.7996		18.9588			19.203		19.5029	18.9193		19.397	18.8882		19.32		19.99		19.6731	19.7971			19.3033	19.7965	19.2007
PROT_0230	27.9021	27.9142	27.7766	27.7305	27.9631	27.987	28.0483	28.0199	28.0184	28.0368	27.9773	27.8218	27.6215	28.0897	28.3112	28.2867	27.8935	27.7829	27.9863	27.6555	28.2057	27.7349	28.0183	27.9395	27.7956	28.0853	27.6555	27.591	28.1621	28.3981	27.7599	27.4291	27.9065	27.9621	28.0892	28.1097	27.8841	27.8477	27.7723	28.179	27.999	27.787	27.8508	27.8057	27.7622	27.992	27.96	27.7472	27.813	27.7079
PROT_0231	22.0476	21.8808	21.7112	21.8529	21.7265	21.8955	22.2037	21.3983	21.6898	21.918	21.5169	21.8612	21.5118	21.5566		21.6735	21.4468	21.9474	21.7257	20.9264	22.01	21.5876	21.4053	21.6881	21.7498	21.9648	21.967	21.5112	21.707	21.4528	21.5163	21.9595	21.3935	21.8055	21.3106	21.3736	21.4707	22.1473		21.2962	21.9684	21.7938	21.3039	21.7666	21.6867	21.7089	20.8429	21.0285	22.558	21.8668
PROT_0232	21.0058	21.6245		21.6953	21.4283	21.1484	21.329	21.354	21.6966	21.6507	21.6033	21.5796	21.3321	20.768	21.3512	21.6056	21.6838	21.8198	21.5838		21.2349	21.0361	21.1552	21.0307	21.1745	20.855	21.1387	21.5352	21.8206	21.146	21.4252	21.5423	21.2802	21.1027	22.0876			21.0086	22.0945		21.6283	21.3121	21.0143	21.0102	21.1608	20.6956	21.5883	21.4188	21.7167	21.0309
PROT_0233	26.4531	26.8647	26.5972	26.5725	26.6629	26.3469	26.7271	26.347	26.6695	26.5205	26.5409	26.8247	26.5236	26.4219	26.3534	26.4662	26.7061	26.3283	26.627	26.4079	26.6485	26.521	26.5504	26.3668	26.5594	26.6197	26.8028	26.2995	26.2702	26.2731	26.5367	26.5516	26.8512	26.4763	26.6078	26.4074	26.7574	26.5287	26.5204	26.529	26.2912	26.8499	26.4485	26.663	26.1963	26.3644	26.6302	26.549	26.453	26.7716
PROT_0234	21.4881	21.2641	21.9555	21.8639	21.9137	22.0896	21.6413	21.7678	22.0319	21.9271	21.5701	21.5586	21.781	21.9493	21.6884	21.8321	21.4117	21.8513	21.9029	21.225	21.2677		21.222	21.8987	21.2548	21.4537	20.9781	21.2268	22.0	21.4051	21.7905	21.4374	21.2364	21.2205	21.0975	21.4917	21.6559	21.0597	21.5302	21.2798	21.5214	21.333	21.3086	22.281	21.3812	21.1317	21.7771	21.8557	21.7175	21.2433
PROT_0235	21.3184	21.507	21.7536	21.642	21.2027	21.1345	21.2851	21.7118	21.3289	20.9513	21.61	21.3689	21.2691	20.8934	21.2148	21.3949	21.591		21.3005	21.3746	21.7866	21.9202	21.7126	21.1259	21.631		21.3205	20.4601	21.1349	21.6503	21.2107	21.5546	21.4505	20.7909	21.3355	21.4984	21.7322	21.6509	21.4991	21.7108	21.7967	21.9008	21.4691	21.4833	21.3435	21.4478	21.1029	21.1795	21.411	21.1477
PROT_0236	20.4135	19.8288	19.2763	20.0219		19.826	20.2673	19.3542	19.7449	19.7842	20.4389	20.0428		20.2379	19.4233		20.1246		19.9809	20.034			20.1277	19.0676		19.8744			19.9605	19.3524	20.5668	19.7889	19.9897	19.1508	20.496	19.8335	19.9982	19.8395	20.061	19.7934		19.9865	19.7052			19.9926	20.4098		19.8947	
PROT_0237	25.0542	24.7507	24.5805	24.9412	24.527	25.0331	24.7398	24.383	25.0355	24.5349	24.8107	24.9781	24.5914	24.6366	24.4701	24.8406	24.4198	24.1122	24.74	24.9975	24.7494	24.5848	24.5167	25.0653	24.1703	24.5459	24.6541	24.3101	24.8158	24.6487	24.5892	24.8879	24.4972	24.8685	24.6743	24.7023	24.9361	24.9209	24.8024	24.4673	24.1457	24.348	24.5734	24.8702	24.6427	25.1488	24.825	24.5563	24.5865	24.2965
PROT_0238	21.1307		21.0623	21.1027	21.8074	20.7566	21.0411	21.2693	21.4258	21.0744	21.079	21.3904	21.0889	21.4482	21.352	21.1025	20.9918	21.2211	21.1738	20.7798	21.2312	20.9288	20.9571	21.1128		21.2796	21.0734	21.4657	21.1977	20.8543	21.1167	20.5909	21.0279	21.5132		21.5183	20.9499	21.2949	21.8288	20.8019	21.0123	20.8067	21.1985	21.6259	21.4879	21.0299	21.4269	20.8885	21.183	20.8726
PROT_0239	25.501	25.2859	25.1349		25.3201	25.3502	25.7719	25.8568	25.5542	25.4502	25.8903	25.5424	26.7896	26.7622	25.2451	25.3659	25.4	25.615	25.927	25.4077	25.7009	25.5231	25.3253	25.9248	25.4053	25.3174	25.2304	25.6055	25.8702	25.4363	25.191	25.3948	25.7983	25.67	25.6571		25.2904	25.2579	25.4947	25.3054	25.1588	25.6436	25.3737	25.5537	25.659	25.2072	25.4603	25.2983	25.7393	25.3599
PROT_0240	21.5881	21.7245	22.839	22.7556	23.3336	23.0696	22.3181	22.2506	22.34	22.1237	22.0026	22.3661	22.1886	21.9782	21.965	22.1457	22.0136	22.1363	22.081	22.7505	22.0373		22.0168	21.9525	22.0966	21.9944	22.5167	22.6647	22.031	21.835	21.7125	22.419	22.4343	22.1144	21.9692	22.7042	21.7949	22.2369	21.8813	22.0585	21.8809	22.6509	22.0446	22.5548	22.0047	21.8965	22.1075	22.2786	22.2415	21.7944
PROT_0241	20.9595	20.7338	20.5293	20.7329	20.8566	20.8195	20.5757	20.7477	21.3211		20.9612			20.3877	21.0095	21.4396	20.7248	20.8176	20.4665	21.2314	21.0522	20.6856	20.7242	20.6092	20.4284	21.1079	21.1844	20.5091	20.9579		20.3956	20.7956	21.3575	20.8641	20.1487	20.3363	21.0618	20.6704	20.958	20.7596	20.6496		21.3717	20.5239	20.7375	20.6069	20.7552	20.7867	21.0914	21.0616
PROT_0242	26.6413	26.7828	26.4664	26.3781	26.5913	26.3778	26.4669	26.2642	26.3844	26.4886	26.338	26.9234	26.4355	26.9161	26.5682	26.4474	26.3517	26.2974	26.1453	26.1327	26.2501	26.4957	26.3767	26.2872	26.5719	26.0685	26.5585	26.6267	26.5131	26.4351	26.2422	26.4563	26.5431	26.7999	26.7384	26.4069	26.7219	26.6361	26.559	26.7422	26.6213	26.8583	26.4989	26.8933	26.4831	26.5661	26.5643	26.5234	26.7731	26.603
PROT_0243	25.7917	25.6702	25.2834	25.3465	25.6397	25.8219	25.8874	25.3308	25.8032	25.4937	25.3443	25.2328	25.8013	25.5091	25.382	25.6801	25.3877	25.2681	25.4493	25.2609	25.4936	25.4468	25.6394	25.414	25.0401	25.5983	25.3992	25.1747	25.5515	25.6551	25.807	25.4464	25.2201	25.2905	25.5752	25.6373	25.2516	25.304	25.5376	25.5573	25.6331	25.5704	25.4941	25.2784	25.3221	25.6538	25.2799	25.4239	25.3404	25.3847
PROT_0244	21.5214		21.6252	21.1761		21.1547	20.5724	20.3737	21.4895	20.9385	20.9369	21.2785	21.5451	21.4363	21.4927	21.1504	21.0713	20.9647	21.5543	21.2295	21.8497	21.862	21.5453	21.0581	21.0626	21.6239	21.5711	21.0355	20.8238	20.9267	21.4742	21.3604	21.4867	21.292	21.7844		21.5694	21.626	21.1158	21.4204	21.4024	21.7572	21.863	21.8076	21.5482	21.8464	21.3002	20.9641	21.3004	21.4933
PROT_0245	22.4059	21.6726		22.0015		22.0592	21.6051	22.1905	21.9945	21.8634	21.5787	21.571	21.7334	21.3843	21.6005	22.1091		21.8561	21.8922	21.7468	21.7097	21.5899		21.2502	20.6915	21.1695	21.8729	21.7582	21.3342	21.2557	21.9458	21.7041	22.5017		21.262	21.4666	22.1798	22.2594	21.8839	22.1166	21.9927	22.1835	22.2884	21.5083	21.6278	22.3052	21.4396	21.768	22.0238	22.0941
PROT_0246		24.8853	25.0095	24.8129	24.9875	24.7331	25.2564	25.3357	25.4071	24.7248	24.8918	24.8433	25.1675	24.8173	25.3427	24.994	25.0337	25.0135	24.8257	24.7705	24.9672	25.0063	25.2699	25.2474	24.5958	24.9137	25.3103	24.6254	25.0969	25.3216		24.8105	25.2358	25.1885	25.4135	24.5584	25.0139	25.2608		24.8321	24.8434	24.9439	24.9917	24.9114	24.9235	25.0299	24.951	25.0795	25.1845	24.8374
PROT_0247	21.455	21.1748	20.743	20.8625	22.1093	21.8177	21.4942	20.9465	21.2742	20.7841		20.816	21.0842	21.0693	22.0257	22.5547	21.3245	21.4087	20.8836	21.2445	20.481	20.6774	22.3199	21.9414	22.0094	22.2452	21.6523	21.1017	21.1291	20.9691	21.2219	20.6303	21.7353	21.1085	22.487	21.6555	21.3615	21.4289	20.9072		21.4797	21.1462	21.0655	20.4062	22.2199	22.0727	21.194		21.2839	20.6776
PROT_0248	21.783	20.9789	20.8902	20.8221	20.8005	21.4906	20.9531	21.5078	21.1977	21.1301	21.1522		21.0077	21.0219		21.5315	21.8035	20.9005	21.2802	21.3882	20.9679	21.0144	21.6257	21.2957	21.202	21.3265	20.7396	21.4847	20.6917	21.1794	20.7702	21.0754		21.6862	20.9549	20.8002	20.5542	21.2327	21.2763	21.3169	21.4697	20.6881	21.4969	21.4029	20.924	21.3307	20.7015	21.0493	21.189	21.2912
PROT_0249	20.4539	19.9691	20.5202	19.9975	19.9405	20.1315		20.5102	19.9946				19.7987	19.8084	20.2567	20.3863	19.9146	20.1621	20.4742	20.1116	20.542	19.9546	19.8578	20.022	19.7858	19.4781	20.086	20.0362	20.0617	20.2063		19.4756	19.9254		19.1272	19.0822	19.8097	19.6266		20.1004	20.3077	20.2173	20.3868	19.4709	19.494	20.0532		20.1688	20.3214	
PROT_0250	22.9166	23.0975	23.4403	22.7311	23.65	23.4527	23.2165	23.1454	22.9582	23.1006	24.09	23.8032	22.9817	23.0968	22.9405	23.4721	23.4488	23.358	23.1077	23.4513	23.6916	23.1123	23.6855	23.3789	22.9751	23.2704	23.9358	23.5584	22.8348	23.4157	23.769	23.4156	23.1468	23.0856	23.7455	23.1492	23.631	23.01	22.9417	23.5926	23.3012	23.1516	23.2436	23.0099	23.3741	23.3334	23.2851	22.9274	23.5414	23.7052
PROT_0251	23.6708	23.1784	22.7666	23.1416	23.5221	23.22	23.3458	23.4782	23.4385	23.3331	23.4263	23.475	23.0718	23.6832	23.2831	23.0337	23.751	22.9831	23.4728	23.5124	23.1844	23.3784	23.2125	23.4985	23.0425	22.9989	23.5237	22.9625	23.4625	23.5242	23.0506	23.2649	23.4017	23.4358	23.4893	23.2567	23.6592	23.1221	23.2045	23.5969	23.1199	23.1788	23.2596	23.5414	23.3776	23.5128	23.3872	22.9968	23.5101	23.6941
PROT_0252	26.4129	25.4279	26.2789	26.1178	25.7689	25.8083	25.683	26.1319	26.1207	26.2311	26.5039	25.7485	26.3333	25.7637	26.393	26.1207	25.9834	26.205	26.2722	25.9778	26.5372	25.7887	26.0552	26.1443	25.9849	26.0626	25.888	26.2904	26.2022	26.2081	26.4469	25.8014	26.2976	25.7662	26.2866	26.3428	25.6709	26.3002	26.1877	26.2025	26.2231	25.7199		26.0194	26.0398	26.1609	25.8048	26.2175	26.1206	26.3413
PROT_0253	22.0972	22.09	21.6146	21.3968	22.2828	21.6944	21.8979	21.7177	21.4423	22.0117	21.6372	21.6793	21.8822	21.7364	22.6094	21.54	22.217	20.9329	21.6017	21.5887	21.2182	21.7353	21.5509	21.6815	21.8031	21.5556	21.7523	21.2725	21.6674	21.6255	21.2675	21.8419	21.4146	21.4195	21.7256	21.8354	21.8087	21.4485	21.6753	21.4504	21.6632	22.0933	21.7331	22.0946	21.7501	21.4836	21.7675	22.3844	21.8209	22.2509
PROT_0254	20.4687	20.583	20.1195	20.6769	20.1611		20.2669	20.0546	20.8489	19.9217	20.512	20.1731	19.8294	20.4675	20.4849	19.6573	20.0049		20.4895	19.837	20.1164	20.1285	20.2172		20.9215	20.8192	20.0796	20.4466	20.5136	20.2767		20.187		19.7893	19.9492	20.4637	19.7808	19.1737	20.3123	19.818	20.134	20.2495	19.6157	19.553		20.6441	19.9672	20.1515	20.6961	
PROT_0255	22.6446	22.3611	22.5531	22.3341	22.2474	22.3275	22.7314	22.1379	22.3754	22.6966	22.1262	22.0973	21.9969	22.3071	22.4479	22.5293	22.6784	22.5215	22.5347	22.0043	22.3262	22.4128	22.2695	22.377	22.22	22.2453	22.5478	22.5077	22.2206	22.084	22.8043	22.4423	22.5982	22.1983	22.3604	22.655	22.6512	22.5166	22.6324	22.5866	22.9102	22.3082	22.2281	22.5096	22.2796	22.2562	22.3062	22.6587	22.2548	21.9919
PROT_0256	24.1927	24.4415	24.2051	24.6438	24.3077	24.1024	24.6666	24.7051	24.5307	24.5708	24.2371	24.3868	24.3952	24.2397	24.4848	24.6132	24.3527	24.2988	24.4203	24.7336	24.3247	24.0221	24.2222	24.3212	24.3911	24.3305	24.1914	23.8591	24.5137	24.6407	24.0582	24.0816	24.0982	24.0885	23.9767	24.4547	24.4381	24.0501	24.3209	24.4495	24.0923	24.354	24.1018	24.4821	24.6209	23.9381	24.5993	23.9361	24.3133	24.4898
PROT_0257		18.8816	19.3478	19.0006	19.186		19.5675	19.9102				18.814				19.7656	19.1091	18.7224		18.7173	18.9173	19.1045	18.6305	19.7142	18.9582	18.7909		19.3474	18.5627	18.6313	18.4688				19.241	18.6324					19.7722		19.5855	18.3525	18.6615				19.04	19.3711
PROT_0258	25.407	24.8503	25.5353	25.2696	25.7603	25.3561	25.545	25.6564	25.0594	25.65	24.9348	25.5151	25.2742	25.3808	25.4383	25.486	25.4594	25.8075	25.1792	25.3078	25.289	25.2977	25.3512	25.2598	25.3399	25.6059	25.299	25.3217	25.5755	25.513	25.2031	25.2534	25.5888	24.9843	25.3428	25.4598	24.7946	25.8225	25.5591	25.7764	25.4589	25.3225	25.8265	25.175	25.5796	25.7864	25.2104	25.4921	25.6029	25.5362
PROT_0259	23.5235	23.6199		23.713	23.7371	23.658	24.3995	23.6145	23.8081	23.8721	23.5469	23.9758	23.6721	23.9605	23.9949	23.7376	24.0662	23.5078	23.9661	23.7007	23.7381	23.8895	23.9268	23.7773	23.6946	23.7793	23.8582	23.8031	24.14	23.8814	23.1556	23.8276	23.6989	23.3647	23.6164	23.4865	23.6162	23.8177	23.6523	23.9726	23.5836	24.3169	23.9757	23.5504	23.4046	23.6327	24.2652	23.8312	23.6322	23.4796
PROT_0260	23.5753	23.5829	23.8599	23.4063	23.4005	23.278	23.4509	23.6641	23.3889	23.8334	23.6961	23.8693	23.5738	23.5866	23.8009	23.7255	23.4379	23.9494	23.9312	23.8637	23.5087	23.6938	23.885	23.4612	23.5218	23.4467	23.4883	23.9998	23.4884	23.896	23.3837	23.6993	23.8361	23.2191	23.8261	23.5688	23.6728	23.7967	23.6265	23.8524	23.5913	24.0193	23.9836	23.8056	23.8308	23.6117	23.6818	23.6221	23.2769	23.4598
PROT_0261	24.2208		24.146	24.3984	24.5617	24.3038	24.4015	24.2218	24.8786	24.1775	24.4351	24.2017	24.0903	24.0942	24.3549	24.0622	24.3333	24.4658	24.3791	24.4698	24.4069	24.3964	24.2098	24.457	24.1223	24.4871	24.1816	24.2511	24.5934	24.5384	24.3451	24.4287	24.5468	24.4971	24.2848	24.3261	24.4023	24.7133	24.5716	24.5385	24.323	24.3084	24.3066	24.3286	24.2634	24.3481	24.3118	24.0475	24.4136	24.3006
PROT_0262		20.8005	20.5424	20.9804	20.9407	20.9456	21.302	20.87	20.1222	21.0435	20.9255	20.9859		21.1979	20.7896	21.1306	21.6448	20.555	20.9066	21.2083	21.3951	20.7931	20.8242	20.983	21.0614	21.0102	20.5465	21.1304	20.8824		20.6285		20.9108	20.9043	20.5966	20.6857	20.7824	20.835	20.2868	20.8028	21.3782		20.7322	21.1243	20.9709	20.7003	21.4196	20.2292	20.7101	20.668
PROT_0263	20.9821	21.1328	21.0195	20.9878	20.6325	20.1416	21.2556	21.0253	21.1568	20.3138	21.0082	21.4866	20.766	20.9175	20.5767	21.5432	21.3126	21.1494	21.0249	20.8779	20.5222	20.8518	20.8948	20.7905	20.8359	21.1508	21.3133	21.0826	20.5948	20.4339		21.02	20.9685	20.9274	20.593	20.8334	20.5726	20.7781	20.9127	20.9522		19.4114	21.2127	21.0652	21.2393	21.308	22.0499	21.2322	21.0863	20.5925
PROT_0264	27.2981	26.695	27.4286	27.1647	27.2191	27.2204	27.0633	27.2711	27.034	27.3019	27.3386	26.9957	27.4716	27.2025	27.4323	27.2414	26.9497	26.9495	26.8902	27.4177	27.5115	26.7566	27.164	27.0599	27.2354	27.3262	27.0996	26.9839	26.7983	27.2066	27.7913	27.5593	27.096	27.1192	27.2549	27.406	27.0201	27.3542	26.9402	27.3737	27.2874	26.9985	27.0854	26.8723	27.4245	27.3149	27.2231	27.3473	27.2141	27.4472
PROT_0265	22.7128	22.1439	21.7712	21.9375	21.9992	21.6869	22.4069	22.0098	22.0467	21.6853	21.622	22.1648	22.0051	22.2285	21.8971	22.5174	21.8199	21.7769	22.12		22.3368	21.8369	21.5603	21.7212	22.1928	22.1866	21.6983	21.9383	22.6566	22.0972	22.675	21.962	22.033	22.1418	22.5341	22.1265	21.7275	22.2499	22.1678	21.877	22.6174	22.1115	22.1223	21.708	21.553	22.0106	22.2012	21.4465	21.9896	21.7864
PROT_0266	26.1801	26.169	26.2738	26.5083	26.3518	26.5039	26.3745	26.3824	26.3658	25.8874	26.0571	26.1933	26.3219	26.2793	26.4629	26.4212	26.3268	26.3316	26.4676	25.9092	26.5367	25.9504	26.4374	26.4405	26.1075	26.4658	25.9909	26.0612	26.6021	26.321	26.9168	26.7509	26.3995	26.3052	25.8644	26.4298	26.2231	26.2425	26.3532	26.1496	26.4677	25.9799	25.7566	25.75	25.1288	25.6226	26.3163	26.4197	26.3157	26.1316
PROT_0267	22.4029	22.7639	22.21	22.6439	22.5588	22.419	22.46	22.5895	22.6589	22.3113	22.519	22.5518	22.4306	22.577	22.9242	22.7734	22.8807	22.2665	22.4099	22.3493	22.6452	22.6981	22.622	22.5711	22.7016	22.5367	22.7457	22.306	22.0673	22.9473	22.4106	22.0216	22.7769	22.0684	22.6153	22.3988	22.2688	22.265	22.356	22.3619	22.3643	22.4574	22.3479	22.3797	22.6349	22.7766	22.2784	22.2189	22.4223	22.7561
PROT_0268		19.2373	18.9803	19.584			19.1839			19.0528	19.3386	19.1979	19.839	19.827			18.9596	18.4458	19.7935	19.4293			18.6743	19.5945		18.8363	19.7875	19.1034	18.4068	19.454	18.7069	19.1091					19.5446	19.8347	18.7839				18.7887	19.0654		19.0623		19.6603	19.3168	19.3083
PROT_0269	22.1644	22.0349	22.2375	22.2202	21.6361	22.517	21.8004	22.189	22.1783	22.2062	22.3102	21.8547	22.53	22.5011		22.3409	22.1105	22.3521	22.2391	21.4958	21.7534	22.3264	21.7553	22.3234	21.6104	21.974	22.5245	22.0077	21.9113	21.9696	21.9761	22.0924	22.3546	22.1437	22.3744	22.993	22.263	22.3685	22.0228	22.0283	22.3651	21.9764	22.9235	21.91	21.6044		21.8196	22.4772	22.1679	22.1422
PROT_0270	22.518	22.7377	22.1327	22.32	22.5103	22.5094	22.43	22.6717	22.6532	22.6864		23.1427	22.4878	22.5571	22.6182	22.495	22.1709	22.4083	22.448	23.1623	23.325	23.173	22.3517	22.2864	22.6656	22.9845	22.1547	22.7626	23.2131	23.2025	22.5553	22.4541	22.793	22.6882	22.5016	22.5259	22.6897	22.3391	22.112	22.741	22.425	22.5526	22.7855	22.1141	22.419	22.4332	22.6384	22.4193	22.7619	23.0267
PROT_0271	21.901	22.1558	21.7363	22.2726	21.9928	21.7053	22.213	21.7044	22.0113	21.4155	21.8284	21.9534	22.0513	22.0993	21.907	21.801	21.8791	21.6628	22.1977			22.2291	21.9445	21.6939	21.747	22.1035	22.1005	21.8038	22.0066	22.0657	21.7746	22.2542	22.1891	21.9266	22.117	22.3006	22.0549	21.9171	21.8261			21.8772	21.7664	21.9039	21.8955	22.4313	21.8855	21.74	22.249	21.8625
PROT_0272	24.8369	24.6031	25.0667	24.7235	24.7254	24.7613	24.7628	24.8555	24.7787	25.2072	24.9188	25.0028	24.9883	24.6608	25.1274	24.752	24.6654	24.85	24.7215	25.0315	25.0087	24.5576	25.0292	24.8968	24.7644	24.7405	24.5553	24.9145	25.1646	25.1318	24.9763	24.4195	24.9753	24.6298	25.2211	25.1112	24.5452	24.8758	25.0166	25.0229	24.6476	24.5008	25.164	24.5875	24.9976	24.9393	24.5352	24.9743	24.9435	24.987
PROT_0273	23.3696	23.6323	23.3894	23.1232	23.469	22.8972	23.3203	23.9817	23.3285	23.6623	23.8225	23.6933	23.4537	22.9319	23.4235	23.6095	23.6016	23.2689	22.2803	22.1124	23.5635	23.4008	23.208	23.374	23.389	23.2789	23.3095	23.526	22.9854	23.4853	23.6755	23.3085	23.3402	22.9154	23.4019	23.091	23.3771	23.2754	22.9054	23.5195	23.1314	23.045	23.2704	23.196	23.5753	23.578	23.0408	23.3431	22.866	23.549
PROT_0274	24.4712	24.4526	24.6412		24.2734	24.2994	24.7592	24.3028	24.5087	24.1704	24.3875	24.8044	24.4363	23.9729	24.1095	24.7889	24.1305	24.2291	24.3353	23.9582	24.5726		24.9042	24.8165	24.8641	24.4531	25.0321	24.6643	24.4689	23.9967	24.5024	24.6183	24.542	24.3063	24.4463	24.5503	24.7	24.6773	24.438	24.1623	24.3436	24.4984	24.439		24.4243	24.4742	24.5765	24.3953	24.2838	24.4145
PROT_0275	24.9606	24.9669	24.956	25.1937	25.1495	24.7348	25.3782	25.2401	25.2722	25.0915	24.5942	24.7422	25.0447	25.1339	24.7512	24.9276	24.9642	24.7541	24.8433	24.9804	25.2333	25.2209	25.0595	25.0122	24.9816	24.92	24.6461	24.2753	24.8564	25.0225	24.4347	25.0308	24.654	25.382	24.8932	24.9709	25.0492	24.8147	25.3168	25.0274	24.8136		24.9563	25.2115	25.0791	24.7789	25.1432	24.5466	25.013	24.8355
PROT_0276	23.517	23.3161	23.4942	23.2148	23.7875	23.3793	23.3582	23.5238	23.4913	23.6223	23.4128	23.4564	23.2702	23.2782	23.4571	23.4531	23.7129	23.3667	23.3543	23.5941	23.7119	22.9572	23.6406	23.6582	23.2902	23.6086	23.2773	23.303	23.4714	23.5063	23.7909	23.4706	23.6902	23.4427	23.5573	23.5366	23.3988	23.8182	23.6883	23.6198	23.5934	23.1633	23.4247	23.6338	23.5085	23.1868	23.7767	23.4639	23.5988	23.7512
PROT_0277	26.1522	25.885	26.3127	26.1074	25.9163	25.9204	25.8006	26.3224	26.1063	26.0165	25.9081	26.0108	26.0148	26.1751	26.0801	25.8232	26.5723	25.9138	26.2797	26.1332	25.8483	26.4609	26.2644	25.7999	26.2232	26.063	26.2492	25.8854	26.0969	26.1349	25.8172	26.203	25.7966	25.9778	26.1975	26.1912	26.0748	26.1033	26.0122	26.4462	26.0127	26.4439		25.4759	25.9957	25.7447	25.9156	26.0415	26.1683	26.2604
PROT_0278	24.171	23.9151	23.65	23.7799	23.6321	23.4775	24.1	23.5018	23.6278	23.3875	23.5522	24.3595	23.4778	23.8013	23.6965	24.1431	24.115	23.5356	23.9026	23.4363	23.8876	23.8049	23.9689	23.6629	23.539	23.5029	24.0017	24.2403	23.8459	23.7092	23.0628	23.0886	23.6488	23.5514	23.4025	23.4237	24.2463	23.6684	23.9427	23.6574	23.694	23.8886	24.0506	23.8623	23.3008	23.3227	23.9799	23.6169	23.8619	23.3955
PROT_0279	22.6389	22.4866	22.707	22.9449	22.4246	22.8261	22.992	22.3202	22.8152	22.3863	22.4734	22.7568	23.1673	22.5433	22.3135	22.6401	23.0077	22.968	22.3991	22.6521	22.4216	22.5098	22.718	22.4188	22.9246		22.3414	22.8033	22.5275		22.5816	22.966	22.7481	22.5056	22.9597	22.4473	22.8798	23.0387	22.463	22.7843	22.6158	22.7862		22.7312	22.5204	22.4695	22.6002	23.1142	22.7699	22.5315
PROT_0280	21.7042	20.6995	20.9113	21.1847		20.5595	20.3487	20.7454	20.8098	20.977	20.9972	20.7634	20.6605	20.8445	20.7821	21.0377	20.5615	20.5871	20.2681	20.4573	20.8698	20.6491	20.4462		20.5542	20.7443	20.3775		21.0636	20.3212	20.2805	21.1169	20.6595	21.3252	20.5285	20.873	21.1726	20.5682	20.4754	20.6436	20.9069	20.7655	21.2109	21.2706		20.6109	20.9532	20.555	21.2792	20.7352
PROT_0281	26.6282	26.6854	26.1917	26.5539	26.7927	26.757	26.9965	26.4027	27.1304	26.4682	27.1848	27.5174	26.2001	26.9439	26.7554	26.6589	27.035	26.4733	26.9594	26.7346	26.6213	26.5793	26.4386	26.8374	26.5993	26.3895	27.0036	26.592	27.0387	26.7598	26.7506	26.9491	26.6045	26.8878	26.6431	26.9408	26.9791	26.141	26.7086	26.8531	26.5937	26.7643	26.5575	26.8186	26.6308	26.7802	27.0798	26.4157	26.7517	26.7148
PROT_0282	25.5355	25.1373	25.5021	25.7786	25.7586	25.7142	25.6994	25.5355	25.772	25.4675	25.6033	25.4524	25.7175	25.7724	25.7899	25.1772	25.4903	25.5043	25.6702	25.725	25.5124	25.3947	25.3147	25.4723	25.2895	25.6932	25.5763	25.4917	25.4025	25.7377	25.7516	25.4219		25.4006	25.419	25.6486	25.4945	25.3547	25.4081	25.4382	25.4994	25.6375	25.69	25.475	25.5574	25.6384	25.8844	25.5323	25.5622	25.5048
PROT_0283	22.4137	22.2956	22.4417	22.4162	22.6708		22.7438	22.5153	22.7682	22.3182	22.3655	22.2368	22.4136	22.462	22.7882	22.3536	22.5592	22.5872	22.4176	22.959	22.6298	22.4173	22.5971	22.1374	22.3018	22.4386	22.7974	22.0727	22.2687	22.9402	22.6091	22.5365	22.4747	22.2069	23.1048	22.4419	22.3392	22.7645	22.0783	22.514	22.6093	22.5111	22.5106	22.1669	22.5674	22.672	22.7956	22.7493	22.3728	22.7511
PROT_0284	23.4514	23.2577	23.3947	23.1225	23.2598	23.1898	23.3767	23.397	23.0379	22.9453	23.1984	23.2837	23.2772	23.1422	23.5604	23.1258	22.8875		23.0907	23.1732	23.366	23.0415	23.016	23.3832	23.0855	23.1854	23.1969	22.9105	22.9263	23.1109	23.325	23.4183	23.4414	22.7804		23.3977	23.2336	23.1801	23.0211	23.408	23.1509	22.9344	23.1716	23.567	23.135	22.8076	23.0236	23.0224	23.0714	23.3018
PROT_0285	21.2254	21.1819	21.5648		20.5296	20.8955	21.8188		21.8154	21.3217	21.3439	21.7382	21.73	21.819	21.5822	21.8213	21.3072	21.4911	21.5539		21.1081	21.6692	21.5419	21.5518	21.4379	21.1661	21.5061	21.9145	21.3603	21.2697	20.9373	21.2269	21.6884	21.6437	22.1998	21.7956	21.3024	21.5385	21.693	21.8592	21.7816	21.8369	21.6753	21.2202	21.6101	21.5732	21.7878	21.5866	21.6592	21.7007
PROT_0286	22.2835	21.6021	20.9687	21.4814	21.8221	21.4988	21.4792	21.6779	21.8162	21.3791	21.8317	21.7193	21.2998	21.7193	21.4706	21.8634	21.5478	21.8478	20.2921	20.3464	21.7382	21.7769	21.7778	21.5714	21.1674	21.2778	21.5445	21.5844	20.9299	21.4443	21.62	20.8848	21.8247	21.3114	21.0573	21.848	20.8654	21.1844	21.3798	21.5354	21.6217	21.3151		20.3927	20.2974	20.6928	21.764	21.4557	21.4884	21.5612
PROT_0287	20.8557	20.5183	20.437	20.511		19.863		20.6719	20.1923	20.1791		20.8678	19.859	20.645		20.7886	20.3078	20.1263	20.5055	20.2186	20.1316	20.6914	20.5499	20.311	20.3376	20.123	20.1444	20.4418	20.3859	20.4194		20.2684	20.1426	20.6172	20.6468	20.3598	20.317	19.7632	20.5455	20.6268	20.3827		20.3772	20.691	20.5149	20.239	20.8142	20.2299	20.6493	20.2378
PROT_0288	20.855	20.6698	21.1836	21.0229	20.969	20.7985	21.1629	20.9787	21.1236	21.2686	20.9559	21.0448	21.0943	20.9311	21.408	21.0481	20.7965	21.1892	21.3222		20.5015	21.2274	21.0761	20.7749	20.9337	20.5548	21.6431		21.3498	22.0849	21.225	21.1443	21.1257	20.4363	21.3459	21.1936	21.1604	21.6614	20.446		20.9311	21.6702	21.0158	21.3842	20.8251		21.6206	20.8552	21.1861	20.8797
PROT_0289	22.1346	21.9558	22.0003	22.0922	22.4439	21.8874	21.638	21.8831	22.0859	22.1504	22.031	21.9359	21.4922	21.7906	21.7799	21.9812	21.795	22.3722	21.9168	22.1744	21.7291	22.0607	22.1607	21.8529		21.9068	21.8748	22.133	22.0919	22.2333	21.8482	21.7015	21.9624	21.6568	22.4096	22.0004	22.0925	21.6419	21.908	22.1456	22.3678	22.218	22.2031	21.8296	22.1183	21.9844	22.2015	21.5577	22.2545	22.1293
PROT_0290	24.3428	24.3991	24.035	24.1554	24.4622	24.3687	24.1355	24.7144	24.0511	24.3748	24.0002	24.4209	24.3509	24.3344	24.1782	24.2914	24.5705	24.3118	23.9654	24.568	24.1052	24.5221	24.1318	23.9792	24.072	24.3462		23.9681	24.3016	24.391	23.6394	24.0142	24.3391	24.214	24.4527	24.2072	24.0386	24.0068	24.0789	24.2478	24.4298	24.5314	24.3218	24.0383	24.1806	24.2422	23.973	24.2296	24.3244	24.0347
PROT_0291		19.5084			19.954	19.2287	19.5276		20.758		20.0386	18.1215		20.0006	20.0698	20.1521		19.6114		20.2318	19.8115	19.191	19.8845		19.0709	19.929	19.7129		19.5882	19.6662	19.4822		19.6708	19.727	19.9916	20.2615	19.7715	19.9356					19.5719	19.7819	19.8054	19.8216	19.65	19.4722	19.8003	20.0715
PROT_0292	21.9616	22.1084	22.8738	22.8674	22.3941	22.3692	22.6963	22.9783	23.2975	22.3941	22.8108		22.6723	22.7522	22.4141	22.5775	22.7334	22.6586	22.5848	22.6593	22.3419	22.5718	22.7601	23.143	22.8296	22.9169	22.9807	22.4	23.2623	22.4169	23.0233	22.37	22.6494	22.8109	22.9363		23.1029	22.8029	23.1214	22.604	22.689		22.9503	22.5216	22.6448	22.8716	22.8082	22.5477	22.8998	22.3028
PROT_0293	21.6767	21.0921	21.2119	21.6646	21.6565	21.3693	21.1348	21.8738	21.7402	21.3335	21.3419	21.2447	21.9354	21.0256	21.6523	21.4561	21.418	21.2906	21.614	21.5906		21.1316	21.3734	21.7691	21.2721	21.5902	21.2467	21.4354	21.2706	21.3856	21.102	21.4517	21.8483	21.4452	21.6156	21.5337	21.2954	21.5209	20.8562	21.7657	21.8892	21.4544	21.1509	21.4386	21.5703	21.2063	21.2797	20.9413		21.3843
PROT_0294	22.8452	22.8785	22.3826	22.0455	22.4251	22.0463	22.4422	21.9707		22.2893	21.8606	22.1765		21.9276	22.5342	22.4123	22.4711	21.6822	22.9333	22.163	21.9372	22.3235	22.061	21.8107	22.6166	21.6951	21.8138	21.5608	21.9264	22.2831	22.2318	22.1771	21.9301	21.5995	21.8381	22.1553	21.6913	21.6815	22.1129	21.8036	22.7418	22.8354	21.9081	21.6305	22.1174	22.0572	22.3137	21.783	21.6702	22.396
PROT_0295	27.5508	27.6145	27.0292	27.4819	27.5362	27.2619	27.6463	27.3872	27.153	27.4553	27.4503	27.5119	27.3586	27.2206	27.7	27.5519	27.4323	27.0282	27.59	27.4883	27.6462	27.5516	27.1751	27.2486	27.2572	27.2702	27.2352	27.007	27.0249	27.1381	27.2717	27.3014	27.4153	27.1423	27.6334	27.5122	27.3807	26.9358	27.185	27.532	27.1989	27.3792	27.4401	27.0099	27.5067	27.5792	27.2668	27.303	27.2278	27.3401
PROT_0296		20.0407	20.0658	20.484	20.0431	20.0535	20.4689	20.309	19.8912	19.874		20.5047		20.5994	20.2943			20.4843	20.4639	21.017	20.146		20.6121	20.0164	20.6545	19.906	19.9191	20.2975		20.2066	20.132	20.4299	20.8554	19.6802	20.9862	19.9109	20.1901	19.9244	20.3456		20.2238	20.8399	20.3813	20.5649	20.4105	19.4346	20.1049	19.9707	20.3909	20.1285
PROT_0297	23.4598	23.835	23.537	23.6287	23.7162	23.442	23.6291	23.4406	23.5588	23.4515	23.4962	23.7811	23.3053	23.4367	23.5474	23.6634	23.6828	23.7711	23.5039	23.7676	23.681	23.7727	23.3821	23.3182	23.4132	23.4064	23.6761	23.5051	23.3293	23.8833	23.1526	23.5559	23.9429	23.6246	23.6861	23.6849	23.4946	23.5879	23.3085	23.6371	23.23	23.6701	23.5525	23.4473	23.4383	23.7237	23.2082	23.2615	24.179	23.991
PROT_0298		24.7533	24.653	25.0925	25.0589	25.0293	24.7551	24.7403	25.1565	24.8586	25.0958	25.2129	25.3616	24.4157	25.0027	25.0275	25.001	25.0961	24.7246	24.8229	25.5193	25.049	25.2256	24.7574		25.0864	25.2868	24.8781	24.7914	25.1138	24.6926	24.7592	25.1154	24.8597	24.9082	24.793	25.1185	25.1109	24.8592	25.2841	25.0594	25.1596	25.2719	24.769	24.9456		24.7778	24.7862	24.2162	24.9518
PROT_0299	20.6184	20.2623		20.8329	21.3992	21.1635	21.2279	21.2077		21.5108	20.8672	21.279	20.5748	20.8001	21.3876	20.8764	21.0058	20.5152	20.9905	20.7904	21.1584	20.2976	20.5992	20.7119	20.8376	20.4348	20.5412	20.8002		20.9837	20.5703	20.6577	20.7376		21.1936	20.6639	20.7582	20.6554	20.2409	21.1191	21.3454	20.5255	20.1367	20.5056	20.379	20.6037	21.1377	21.0564		20.8043
PROT_0300	22.7788	22.6921	22.8943	22.4877	22.9484	22.575	23.1096	22.9945	23.2046	22.8103	23.0264	22.5512	22.4826	22.7934	22.6716	22.8958	22.823	23.0739	22.8803	22.6328	22.8371	22.4969	22.7047	22.8613	22.3953	22.5719	22.8004	22.6793	23.0693	22.6929	22.6753	22.8412	23.3737	22.8577	23.0995	22.8381	22.5459	22.7278	23.2319	22.8188	22.6432	22.8288	22.6733	22.74	22.8267	23.0378	22.529	23.1858	22.8308	22.7199
PROT_0301	24.5715	24.5067	24.7119	24.9092	24.5466	24.515	24.4579	24.5401	24.9202	24.6726	24.5739	24.7661	24.8063	24.7024	24.6983	24.8402	24.4794	24.3766	24.6024	24.4063	24.75	24.5975	24.4713	24.6989	24.5296	24.6478	24.8594		24.7419	24.9522	24.2101	24.704	24.9625		24.923	24.7313	24.7258	24.3809	24.8918	24.8459	24.433	24.4982	24.8709	24.7222	24.5197	24.5052	24.8102	24.6599	24.6222	25.0076
PROT_0302	24.4037	24.5082	24.2163	24.0196	24.3678	24.1785	24.8355	24.4636	24.7978	24.2004	24.435	24.5043	24.2584	24.3514	24.4419	24.1191	24.8449	24.5293	24.274	24.521	24.1739	24.4078	24.2726	24.4726	24.1958	24.039	24.517	24.0343	24.3572	24.5231	24.0949	24.4764	24.2679	24.2084	24.7214	24.1912	24.543	24.4996	24.3453	24.4234	24.0265	24.5004	24.4873	24.4666	24.2813	24.0303	24.6434	23.8446	24.1855	24.4381
PROT_0303	20.654	20.6151	20.1476	20.7685	20.6651	19.9346	21.0721	21.5372	20.6536	20.3188	20.3402	20.0598	21.2443	20.2428	20.6864		20.4563	20.6707	20.2732	20.879	20.4913	20.0668		20.7188	21.4341		21.2141	20.1207		20.5248		20.7781	20.5625	20.9253	20.6371	19.9487		20.1626	20.3242	20.8461	20.1465	20.3303	20.682	20.6268	20.3203	20.3888	20.728		20.2166	20.5227
PROT_0304	24.4258	24.1741	24.7229	24.2428	24.1451	24.108	24.3326	24.6462	24.528	24.2523	24.2921	24.2169	24.906	24.5104	24.6598	24.3833	24.5188	24.4513	24.523	24.382	24.3875	24.3656	24.7841	24.0305	24.414	24.5002	24.3744	24.3102	24.5238	24.6368	24.4445	24.7586	24.5326	24.3557	24.5494	24.3243	25.1104	24.6331	24.2679	24.6644	24.1634	24.245	24.7292	24.6057	24.7611	24.4627	24.8925	24.6986	24.2072	24.4797
PROT_0305	19.5566	19.4397	19.5031	19.2524	19.9585	19.0954		19.6465	19.5603	19.9978		19.9035	19.7374	19.1886	20.8658			19.9597	18.35	19.5386	20.234	19.5873		19.4959	20.5911	19.4452	19.1581	20.0153	18.7228	19.6594	19.1303	19.7312	20.1249	19.5093	19.6801	19.1795				19.7984	19.4361	19.6534	19.1689	20.0414	20.2053	19.7554	19.4319		20.0147	19.697
PROT_0306	21.2472	21.5721	21.3268	21.6834	20.9778	21.0624		21.0229	21.1231	20.8286	21.0468	20.9627	21.4179	21.2527	21.5238	21.1247	21.466	21.0792	21.3978	21.3953	21.0423	20.9256	21.2487	20.9603	21.2444	21.3008	21.1882	21.2906	20.5437				21.1557	21.3656	21.0566	21.6485	21.2861	21.5268		21.1051	20.3143	20.1978		21.1812	20.7696	21.2002	21.3534	21.2802	21.0001	20.5913
PROT_0307	21.2041	21.0446	20.8484	20.6976	20.8478	20.9623	20.9365	21.3105			20.9539	21.2997	21.2723	20.8379	20.9107	21.3016	21.3341	21.375	20.459	20.5855	21.0456	20.7852	20.5686	20.5347	21.4828		21.2101	20.515	20.8973	21.4867	21.1725	20.6742	21.0297	20.6929	21.1186	20.6695	21.1193	21.2337	21.0568	21.0395	20.5533	21.2928	20.9022	21.2854	21.0731	20.4913	21.296			20.8069
PROT_0308	21.475			21.1337		20.8064	21.237	20.8603	21.3121	20.723	21.7161	21.1976	21.4391	20.9823	21.4894	21.8067	20.9915	21.4431	20.478	20.4231	21.7695	21.0164		20.9523	21.1057	20.9073	20.8901	21.5994	21.052	20.9639	20.6946	21.066	21.4694	20.7643	21.1023	20.9067	20.9922	21.4987	21.1971	20.9599	21.4453	21.0538		20.8488	21.2775	21.2243		21.3213	20.8115	21.2703
PROT_0309				19.067													18.6637	18.6957					18.5483	18.8825	18.4902		17.9932	18.0115			18.3949		19.0477		18.6345	17.618		18.2682	18.2391			18.7473		18.8638						
PROT_0310	23.4916	23.7019	23.5008	23.5543	23.6918	23.5882	23.8569	23.5448	23.5877	23.3318	23.637	23.471	23.6932	23.5816	24.13	23.7813	23.9001	23.5015	23.6694	23.5505	23.6413	23.4375	23.3611	23.6325	23.5908	23.5267	23.5678	23.5009	23.4105	23.7446	23.4792	23.2418	23.6732	23.4647	23.5117	23.5354	23.7453	23.877	23.6278	23.901	23.368	23.6407	23.5934	23.8224	23.924	23.7247	23.7413	23.7978	23.5898	23.4215
PROT_0311	30.2455	30.1342	29.9294	29.87	30.379	30.6047	29.5937	29.991	29.9421	29.9694	30.0303	29.9134	30.1391	29.8995	30.1288	29.9886	29.9265	30.1191	30.2164	30.2369	29.9964		30.3771	30.2664	30.1484	30.1917	30.0155	30.0277	30.4701	30.4754	30.0762	29.6948	30.01	30.3212	30.4142	29.9734	29.9245	29.9881	30.0241	30.2937	30.0908	29.8516	30.1736	29.8133	29.866	30.3294	29.9252	30.1406	29.9704	29.9345
PROT_0312	24.4488	24.7532		24.5962	25.0097	24.4539	24.7293	24.9677	25.0034	25.0717	24.8082	25.0051	24.68	24.6977	24.8848	24.6209	24.8045	24.9625	25.0495	24.711	24.8592	24.6789	24.7719	24.878	24.6461	24.9651	24.4974	24.7087	24.6722	24.9276	24.5585	24.8411	24.8973	24.8094	24.8685	24.8455	25.0213	24.6792	25.1218	24.9307	24.7983	24.747	24.4883	25.0726	25.0642	24.87	24.9072	24.5392	25.0033	24.8674
PROT_0313	25.7406	25.2105	25.6918	26.3172		25.548	25.6198		26.1033	25.154	25.7608	25.6442	25.3536	25.8944	25.5294	25.8942	25.5886	25.3523	25.8593		25.682	25.3236	25.3777	25.8975	25.4644	25.7573	25.7113	25.3821	25.8678	25.7503	25.4591	25.3811	25.3362	25.6089	25.66	25.7234	25.5254	25.3745	26.0582	25.6598	25.4208	25.5542	25.2924	25.6925	25.1282	25.2563	25.6724	25.2999	25.834	25.7313
PROT_0314	25.023	24.4833	24.9028	25.517	25.0736	25.0446	24.9104	25.0962	25.1635	25.1352	24.9466	24.6863	25.0438	24.8964	25.1024	25.3453	24.9148	24.8837	25.2247	25.3069	25.1143	24.8114	25.0504	25.339	25.0413	24.9466	24.9822	24.7736	25.0692	25.1139	25.2375	24.5898	24.8716	25.3291	25.2956	24.8715	24.5928	25.2264	24.9852	25.01	24.6897	24.5688	24.9578	25.0173	25.1173	25.1729	24.8923	24.9617	24.9672	24.9488
PROT_0315	23.2549	23.237	23.4612	23.1403	23.6238	23.2094	22.9568	23.3112	23.1441	23.4266	23.0033	22.9671	23.0451	22.682	23.1314	23.1342	23.3835	23.3538	23.4699	23.5783	23.5656	23.2023	23.1525	23.0024		23.193	23.1875	23.0778	23.4966	23.2875	22.7698	23.2726	23.4767	22.8758	23.3933	23.4251	23.3258	23.7437	23.506	23.3132	23.4221	23.0935	22.9969	23.2611	23.568	23.0485	23.345	22.8782	23.3355	23.4995
PROT_0316	25.7204	25.5702	25.7282	26.1531	26.1602	25.7822	25.8137	25.6466	25.7145	26.0036		26.3181	25.8468	25.9396	25.9914	25.8878		25.7442	25.8358	26.0789	26.0364	25.9272	26.0242	25.6355	25.8367	26.0757	26.1305	25.6729	26.0332	26.3488	26.0101	26.166	26.129	25.8256	26.1609	25.9979	25.9326	25.8741	25.7161	25.8681	25.912	26.3049	25.9097	25.8904	26.1099	25.9949	26.2487	25.5072	25.7623	25.8032
PROT_0317	24.5195	24.7448	25.1939	24.9519	24.9348	24.859	24.5816	24.9319	25.2182	24.5174	24.7544	24.9319	25.0867	24.8949	24.7059	24.8683	24.9473	24.423	24.3956	24.2999	24.9591	24.619	24.5924	24.7716	24.5817	24.8915	24.6928	24.581	24.7644		24.4155	24.6571	24.8343	25.0353	24.7515	25.0714	24.7822	24.6313	24.7	24.7796	24.4087	24.5637	25.0762	24.9051	24.8987	25.0503	24.6168	24.6404	24.772	24.6614
PROT_0318	24.6177	24.6298	23.7888	24.1827	23.6664	24.1491	24.1384	23.9999	24.2876	24.5287	24.4971	24.37	23.8498	24.335	24.0011	24.0753	24.259	23.8637	24.426	24.1067	24.3079	24.2348	24.0388	24.2759	24.0806	24.4936	24.5745	23.2184	24.2515	24.5273	24.2136	24.6241	23.7793	24.298	24.0844	24.5413	24.3966	23.8776	24.2145	24.1281	24.6274	23.9694	23.8252	24.4672	24.0095		24.0538	23.6524	24.6002	24.0873
PROT_0319	17.5325	18.934	19.3563	17.6993	18.4963			19.4154	18.4771	19.393					18.993		18.3576	18.1651	18.045					17.9945			19.2143	18.8859		18.1604		18.519			19.0986			17.4698										19.0126		
PROT_0320	20.5603	20.1011		20.4429	19.7517	20.0024			20.641	19.9767	20.0405		20.2398	19.5656	19.7943		20.0936	20.2393		19.7942	20.0577	19.6125	20.7826	20.0078		20.5705	20.1735	20.1423	20.3517			19.914	21.3321	21.5083	19.8975	20.3017		20.6534	19.7102	20.024	20.1971	19.525	20.5136	19.4224			20.3669	20.1385		19.4799
PROT_0321			16.9221		18.8029																																								16.4288					
PROT_0322					19.7012	18.87			19.3564		19.2829	17.6344		19.3572	18.9769	19.1321	18.6843			18.8054			18.6587	18.4211	19.3447			18.0807			17.8651			18.3906		18.508		18.9167	18.3757	18.1691			18.2767	18.8833			18.1748	18.2146	18.6314	
PROT_0323	21.8028	20.7363	21.5721	21.2854	21.558		21.5418	21.3916	22.2007	21.7527	21.5568	21.4019	21.5414	21.9319	21.6815	21.5055	21.897		21.9872	21.165	21.5984	21.577	21.8095	21.8956		21.0664	21.303		21.6958	20.9135	21.3023	21.3194	21.4488	21.7417	21.2845	21.4805	21.519	21.946	21.6052	21.4704	21.1003	21.2312	21.4999	21.4689	20.9122	21.3344	21.5145	21.4135	21.8086	21.0712
PROT_0324	20.582	21.9552	20.4834	21.0769	21.2217	21.3101	21.0287	21.2187	21.2963	21.3539	21.1784	21.1144	20.7456	21.2313	21.8423	21.1551	21.0915	21.3033	21.0488	21.3281	21.1542	21.3769	21.223	21.0852	21.4861	21.4434	20.6729	21.6541	21.0612	21.0336	20.4151	20.8177	21.6674	20.5299	21.4236	20.7437	22.2084	21.1145	21.2878	21.1322	21.0999	21.0654	21.1164	21.136	20.8866	21.2498	21.567	21.2718	21.0934	21.0449
PROT_0325	19.389						19.2601		19.1312		19.4873	18.912	19.5335	19.493	19.2124	19.7753	18.9088	18.8067		19.556	19.6371		19.2899	19.3828	19.7563	20.0202	20.1604		18.1457				18.8809	19.0407			18.8709	19.0108	19.0413		19.2579		18.4622		18.3066	19.6814	18.9848	19.2357	19.5332	
PROT_0326	25.228	25.2573	25.3801	25.301	24.8167	25.2923		25.2629	24.8	25.1887	25.3963	25.3515	24.9221	25.0355	25.1589	25.2448	25.2209	25.1514	25.0429	24.8876	25.0644	24.9335	24.7686	24.9602	25.0614	25.1947	24.8095	24.9386	24.9661	25.236	25.1914	25.0699	25.2769	24.9121	24.7941	24.9746	25.4379	25.0615	25.0299	24.9269	24.7639	24.8665	25.0406	24.9213	25.1245	25.2305	24.6407	24.8321	25.1461	24.8703
PROT_0327	24.0449	23.8359	23.6915	24.1834	23.7499	23.6938	24.1525	23.6952		23.995	23.7259	24.3097	23.8108	24.0296	24.3198	24.1719	23.7297	23.6425	24.2351	23.7403	24.1346	23.5578	23.8145	23.7829	23.7643	23.9372	23.9184	23.5161	23.9147	23.9334	23.8858	23.6773	23.6846	23.8475		23.6915	23.8817	24.1223	24.0522	23.7451	24.0392	23.8861	23.7066	24.2304	24.1362	24.11	24.2365	23.7666	24.081	23.9253
PROT_0328	20.694	21.3524	20.8708	21.7842	21.4075	21.7051	21.1352	21.8971	21.6392	21.1233	21.268	21.4931	21.6068	21.6966	21.8604	21.1427	21.3205	21.5897	21.5724	21.547	21.0623	21.5368	21.1367	21.533	21.0542		21.3571	21.2089	21.3162	21.6423	21.0778	21.2538	21.2984	20.9624	21.0029	20.654	21.1538	21.5818	21.4467	21.5552	21.7981	21.3252	21.2684	21.6141	20.6408	21.4568	21.0004	21.4692	21.0515	21.3334
PROT_0329	21.306	20.7489	21.5835	21.1373	20.9468	21.2595		21.196	21.2595	21.0522	21.1196	20.9096	21.0223	21.3669	20.9559	20.8197	21.0359	21.2335	21.2288	21.1374	21.0658	20.869	20.6085	21.5223	21.3739	21.5079	20.8701	21.3018	21.1916	21.6516	21.0574	20.8613	21.767	21.3158	21.1565	21.4159	21.3895	20.7366	21.1082	20.9849		21.0597	21.198	20.769	20.7778	20.943	20.5623	21.118	20.8643	20.3071
PROT_0330	24.6206	24.2148	24.0093	23.797	24.0136	24.0094	24.2408	23.7998	23.9093	24.0047	24.3989	24.1427	24.2188	23.7652	24.0427	24.1202	24.0412	23.9795	24.1383	24.1022	24.2716	23.7105		24.0957	24.5389	24.171	23.7577	23.6929	24.0962		24.2693	24.285	23.8239	24.0175	23.8555	24.115	24.1416	23.9041	23.6776	24.1455	24.1329	23.7589	24.0042	24.011	24.1284	24.3876	23.7291	23.5461	23.9092	23.9002
PROT_0331		19.8445	20.4655	19.7711	20.0683		19.9394	20.0003	19.5676			20.0488	20.1242	19.7535	19.9174	20.0321	19.5755		19.9456		19.3964	19.8523	19.829	19.7873			19.4465	20.0177	19.4761			19.4963		19.2743	19.5196	19.8138	19.6906	19.9637		19.5547	20.0388		19.7455	19.5111	19.8444	19.3125	19.2489		19.7181	20.001
PROT_0332	24.0563	23.8868	23.9077	24.1157	24.0129	23.306		23.9887	23.8774	24.0362	24.1078	24.4086	24.1713	24.6221	24.503	24.2032	24.1612	24.2673	24.1295	23.805	24.3319	23.8257	24.1471	23.957	23.9274		23.6175	24.2266	23.9939	24.1227	24.0147	23.8066	24.0902	23.7513	23.9401	23.9417	24.0663	23.8841	23.9201	24.2531	23.8087	23.9624	23.9837	23.8301	24.3101	23.9575	24.2375	24.191	24.0738	24.2419
PROT_0333	23.297	23.3259	23.4375	23.4967	23.0338	23.3137	23.0825	23.58	23.3037	23.1996	22.6596	22.844	23.3177	23.5551	23.1295	23.1584	23.2043	23.0397	23.471	23.3691	23.4222	23.1853	23.5452	23.7533	22.9765	23.009	23.5383	23.496		23.3203	23.0146	23.1156	23.1005	23.5825	23.5336	23.6549	23.3375	23.6203	23.1761	23.3418	23.2757	23.5861	22.9005	23.0818	23.3621	23.5613	23.5242	23.7192	23.1765	23.1193
PROT_0334	19.0952	19.6652	20.9174		19.7887	19.4485		19.8347	19.3517	19.4196		19.9162	19.5313	18.8814	20.5291	19.5096	19.7593	19.5883				19.3357		19.2966			19.6273			20.6113	18.8811	19.7277	19.7448	19.1769	20.3926		19.9049	19.5331		19.6318			19.2917		19.608	19.147		19.3929	19.3551	19.5565
PROT_0335	23.5923	23.1457	23.8576	23.3979	23.8002	23.6961	23.3964	23.4897	23.8404	23.9354	23.6331	23.6076	23.9394	23.679	23.6797	23.6098	23.8775	23.8821	23.3017	23.9357	23.9366	23.4908	23.7731	23.7977	23.6299	23.3306	23.5022	24.1262	23.5056	23.7792	23.2548	23.572	24.1357	23.3697	23.9899	23.5126	23.9429	24.0569	23.9491	23.9268	24.566	24.5107	23.9126	23.5467	23.7024	23.5308	23.6096	23.1609	23.7422	23.9386
PROT_0336	25.4911	25.1896	25.3939	25.278	25.705	25.6309	25.5401	25.8153	25.5207	25.5064	25.4267	25.4288	25.1438	25.1442	25.5783	25.5111	25.6006	25.6934	25.624	25.4217	25.6353	25.2988	25.6907	25.4716	25.5863	25.3659	25.2417	25.5464	25.5008	25.6489	25.8279	25.5119	25.6801	25.6834	25.8424	25.54	25.3914	25.6741	25.1953	25.4928	25.6276	25.6095	25.4796	25.7843	25.3437	25.1514	25.2472	25.6654	25.4766	25.4894
PROT_0337	25.5889	25.6122	25.4978	25.5763	25.5594	25.6422	25.5964	25.5168		25.4412	25.3791	25.552	25.3347	25.4018	25.7483	25.8152	25.7573	25.9119	25.5456	25.2456	25.7463	25.5169	25.5439	25.2502	25.62	25.4994	25.7112	25.391	25.4992	25.6731	25.3446	25.6221	25.7974	25.3402	25.6202	25.5058	25.4701	25.4413	25.5415	25.3393	24.9827	24.8368	25.8507	25.324	25.5772	25.5694	25.2955	25.6908	25.4664	25.6936
PROT_0338	18.9149			18.7489		18.5885			18.4846			18.2593	18.6942			18.8657	19.6143	19.0389		18.3671	19.5803		19.289	18.5636	19.2013	19.1619	19.0887				19.4552			19.5509		18.7532	19.3352	18.5496	18.6728	19.2779				18.7424	19.3671			19.2962	18.7613	19.9114
PROT_0339	23.1871	23.0699	23.7071	23.2679	23.6624	23.1347	23.292	23.3404	23.3279	23.4445	23.1965	22.9703	23.5842	23.167	23.1095	23.3005	23.2654	23.2688	23.0033	22.7677	23.305	23.2393	23.481	23.1144	23.2601	23.2921	23.3731	23.389	23.2421	23.5386	23.0722	23.4054	23.2902	23.2421	23.1134	23.3025	23.3006	23.5263	23.0436	23.3279	22.9741	23.2488	23.4075	23.5709	22.9888	23.3214	23.4164	23.514	23.5545	23.0342
PROT_0340	24.3355	24.3664	24.0686	24.0132	23.9107	23.9711	24.0219	24.0736	23.8916	24.124	24.1726	24.7779	24.1051	23.8864	24.4709	24.3276	24.265	23.9543	23.9786	23.9741	24.2349	23.519	23.8589	24.1124	24.2683	23.8458	24.4424	23.9267	23.9924	24.7158	24.0337	23.9842	23.999	24.0735	24.3111	24.1441	24.0114	24.3917	24.2432	24.4251	24.1561	24.3314	24.219	24.1768	24.0732	24.0466	24.3361	24.0277	23.9912	24.5213
PROT_0341	24.7736	24.3217		24.6037	24.3692	24.253	24.642	24.4578	24.6712	24.3497	24.1834	24.4831	24.6646	24.6547	24.2664	24.6172	24.8552	24.3795	24.9313	24.3836	24.597	24.8989	24.539	24.1875	24.2814		24.6124	24.4834	24.5647	24.3234	24.2447	24.2011	24.669	24.5721	24.3799		24.5078	24.4174	24.6902	24.3928	24.5765	24.5776	24.3363	24.7039	24.3365	24.3418	25.0123	24.5002	24.5119	24.2515
PROT_0342		20.1395	20.0978	20.3392	20.1613			20.5364	20.4514	20.3736	19.7197		20.5055	20.2161	20.7598	20.7602	20.8309	20.3176	20.6983	20.2077		20.3476	20.1717		19.8732	19.899	20.2813	20.6869	20.1937	20.075		20.4798	20.0533	20.6632	19.6552	20.0141	20.7413			20.2564	19.9824	20.7197		20.4382		19.9925	20.4598	20.4753	20.7604	
PROT_0343		19.2025	19.2258	19.3105			19.9532	19.4463	20.2351	19.328	19.8369		19.6177			19.7342				19.6148	19.4949	20.4243	20.0386	19.4428	19.6862	19.9898				19.0432	20.5576				19.8845	19.575			19.4797	19.6101	20.2201		19.5425	20.533		18.6804	19.772	19.5063		20.1925
PROT_0344	23.4279	23.104	22.9015	22.863	22.6795	23.1005	23.9058	22.9086	22.7786	23.1247	22.4791	23.0648	23.5379	22.9094	23.2993	23.2837	22.9144	22.9859	22.1486	23.0578	23.1917	22.9224	23.0675	22.8905	23.0019	23.2335		22.8156	23.2676	23.2116	22.698	23.3726	23.4282	22.2703	23.3434	22.8491	23.4327	22.9839	22.5665	23.1104	23.3069	22.9522	22.7657	22.9232	23.117	23.3799	22.9891	23.3441	23.0881	23.1471
PROT_0345	23.6342	23.2495	23.1797	23.1596	23.3968	23.0923	23.2285	23.016	23.39	23.244	23.3259	23.2113	22.8495	23.3093	22.9977	23.249	23.2044		23.3665	23.3162	23.505	23.2853	22.9634	23.0389	23.0995	23.3521	23.3402	23.0955	23.4233	22.998	23.0068	22.8804	23.1535	22.8493	23.2642	23.6489	23.8395	22.7426	23.132	23.3695	23.2606	23.4162	23.0855	23.1572	23.3186	23.265	23.3846	23.2635	23.6677	23.5679
PROT_0346	22.7738	22.7134	23.1157	22.5596	22.9496	23.0041	22.2259	22.493	22.973	22.3271	23.0109	22.3628	22.3409	22.6636	22.276	22.5809	22.8462	22.8331	22.835	22.8286	22.6761	22.8176	22.8933	22.9116	22.716	22.372	22.6813	22.6332	22.7023	22.668	22.4515	22.1725	23.4453	24.0338	22.6413	23.0155	22.4751	22.8114	22.5184	22.864	23.051	22.7993	22.4543	22.7986	22.2796	22.7798	22.4267	22.6348	22.736	22.2777
PROT_0347		21.7463	21.5139	21.7069	21.4794	21.1792	21.2228	21.358	21.8037	21.6592	21.2424	21.1599	21.3162	21.9205	21.442	21.5701	21.5644	21.3132	22.3038	21.6064	21.4112		21.2739		21.5556	21.2905	21.4153	21.1881	21.1843	21.765	20.938	21.0089	21.7033	21.435	21.0991	21.7657		21.7158	21.1835	22.048	21.5487	21.6037	22.0764	21.1001	21.6404	21.4526	21.8193	21.6796	21.6571	21.1653
PROT_0348	19.5871	20.3641	19.2575	19.6933	19.9956	20.1415	20.3517	19.0513	19.9356		20.2431	19.4682	19.8096	19.5899	19.6455	20.615	20.129	20.0544	19.7922	19.3879	19.8244	20.5058	19.4974	19.598	19.9265	19.7828		19.2799	19.9068			19.8467	19.3394	19.9251	19.6666	20.4007		19.5455	19.9461	19.7853	19.7972	20.0249	19.4152		19.4052	19.3476	19.503	19.4072	19.316	19.8962
PROT_0349	24.5009	24.6434	24.2294	24.5821	23.9897	24.2407	24.3751		24.6055	24.4765	24.4737	24.5481	24.2982	24.578	24.1191	24.199	24.7604	24.5166	24.4607	24.6521	24.9205	24.461	24.3059	24.1611	23.9926	24.127	24.3169	24.4545	24.5546	24.3813	24.3851	24.3308	24.4328	24.3437	24.1854	24.1564	24.3355	24.3235	24.5956	24.4165	24.5866	24.4391	24.6779	24.4433	24.2166	24.191	24.2875	24.3857	24.6627	24.4025
PROT_0350	21.0436		20.5791	19.6621	20.1967	19.8453	20.2571		19.7671	19.3321	19.9398	19.6467	19.9733		19.6602		20.3731	19.925		20.242	20.3696	20.278	19.768	20.3499	19.6646	20.7104	19.8901	18.78	20.6239	19.2508	20.4609	20.0031	20.0041	20.4825	20.3356	20.0866	19.9166	20.1151	20.0848	19.8715	19.741	19.7665	19.5075	20.4754	19.0426	19.4223	20.6073	19.8321		19.8207
PROT_0351	20.2112	20.1295		20.0165	20.2398	19.7658	19.62	19.9189	20.1905	19.9831	20.2611	20.3052	20.9966	20.6924		19.702	20.2727		20.7617	20.3674	20.0705		19.9164	20.2147	19.9488		20.0181	20.1101		20.5138	20.0891	20.2204		20.0053	19.8174	20.3571	19.9065	19.5865	19.97	20.436	19.4275	20.5792	20.663		20.271	19.897	20.4774	20.6984		19.8071
PROT_0352	20.1892		19.5524	20.1561	19.6483	19.7351	19.8128	19.5045	20.2936	19.603	19.41	20.2291		19.9199	19.5776	19.901	19.912	20.0784	20.2554	19.5182	19.2501		20.4253	20.0954	19.2582		19.9011	20.0346	19.7371		19.4493	19.8803	19.5251		19.3028		19.922	20.3566	19.8905				20.2986			19.4743	19.955	19.6391	19.6811	20.4873
PROT_0353	21.8321	22.5897	22.116	22.229	21.7123	22.2338	22.1087	22.244	22.2	21.652	22.2255	21.5305	21.5635	21.9225	22.1303	22.123	22.1738	22.0924	22.1612	22.1625	22.398	22.288	21.9271	22.0727	21.7966	22.0972	22.0689	22.2524	22.2934	22.5627	22.4774	21.7058	21.8524	22.0356	22.2093	21.4303	22.0749	21.7914	22.1381	21.9745	22.4092	21.8281	21.6745	21.8131	21.8053	22.3386	22.4895	22.1832	21.9762	21.9547
PROT_0354	26.2512	26.0625	26.1076	26.358	26.0077	26.2481	26.2371	26.5306	26.4438	25.9966	26.15	26.3265	26.3893	26.2035	26.1925	26.3134	26.0131	26.1822	26.2145	26.2269	26.3654	25.9586		26.219	26.3062	25.9682	26.2667	26.2688	26.3498	26.128	26.1447	26.1568	26.2884	25.8704	26.3289	26.2562	25.9715	26.2104	26.149	25.9748	26.1035	25.9032	26.5403	26.5564	26.3949	26.3135		25.933	26.2292	26.2568
PROT_0355	25.2528	25.3164	24.7827	25.4829	25.1635	25.0818	25.2275	25.2059	25.688	25.2532	24.9627	25.3225	25.2265	25.2688		25.2268	25.2061	24.9039	25.361	25.1534	25.2777	25.1551	25.1042	25.3964	25.42	25.2924	25.2897	24.7949	25.3988	25.6525	25.2317	24.8318	25.0558	25.0877	25.4134	25.4118	26.1355	26.1756	25.6113	25.3722	25.0292	25.3756	25.0616	25.2332	25.1105	24.8885	25.2731	25.0744	25.6428	25.0691
PROT_0356	21.707	21.381	21.7162	21.5814	21.5756	21.7296		21.1859	21.9124	21.3453	21.9441	21.7227	21.7819	22.1441	21.0704	21.7212	21.8222	21.6146	21.54	22.2743	21.6158	21.7413	22.0028	21.9959	21.2452	21.989	21.3378	21.3929	21.4612	21.567	21.3918	21.4735	21.763	22.1297	21.5348	21.8611	22.217	21.8067	21.5248	21.7645	21.5196	21.7499	21.6953	21.5818	21.5837	21.4768	22.0833	21.5179	21.6588	21.3154
PROT_0357	21.8142	21.8084	21.318	21.8402	21.7479	21.6835	22.0036	21.5759	22.001	21.3974	21.8103	21.6111	21.5019	21.734	21.7139	22.0139	21.2975	21.4111	21.6001	21.6812	21.5207	21.3759	21.2801	21.6947	21.3089	21.7705	21.3799	21.8064	22.2699	21.3602	21.7865	21.7056	21.869		21.8746	21.7524	22.0135	21.5175	21.9924	21.7105	21.3307	21.6405	22.3311	22.4804	22.076	22.0204	22.1732	21.5386	21.7791	21.2554
PROT_0358	25.9862	26.0104	25.8885	25.9584	25.7376	25.9324	25.7719	25.7383	25.5632	25.4754	25.5971	25.9438	25.7729	25.7044	25.4268	25.9663	26.0491	25.9345	25.7328	25.5242	25.6331	25.8354	25.7405	25.75	25.2115		25.5956	25.5956	26.0499	25.5837	25.9842	25.7767	26.046	25.6983	25.721	25.7811	25.9254	26.012	26.0937	25.9543	26.0143	25.9138	25.8805	25.6927	25.7025	25.8397	26.119	25.9053	26.1077	25.6717
PROT_0359	20.323	20.1671		20.0257	20.2576	20.5331		20.7208	20.926	19.9712	20.3829	20.5574	19.5241	19.9763	20.2167			19.69	20.3157	20.388	20.5357	20.3153	20.5057	20.1824	20.161	20.3632	20.2445	20.1269		20.9305	19.9407	20.4929	20.329	20.447	20.0874	20.0721		20.1437	19.7591	20.1285	20.2737	20.7696	20.6332	20.1937	20.6312	19.8211	20.4191	20.3258	19.4864	19.9126
PROT_0360	25.2077	25.078	25.1628	24.4999		25.2282	25.3301	24.7446	24.9238	24.7952	25.2966	25.2749	25.0613	24.8337	24.8282	25.0405	25.1873	24.7447	24.6729	24.3977	24.8894	25.0528	25.0477	24.6869	25.0848	25.0053	24.9517	24.9559	24.8178	24.9306	24.9814	25.4075	24.7497	24.5988	24.763	24.9375	24.8238		24.674	24.7194	25.0855	24.9311	25.4575	24.8194	24.5911	25.0078	25.2204		24.834	25.1777
PROT_0361	23.2648	23.6651	23.2567	23.1652	23.2238	23.4312	23.58	23.1607	23.2647	23.1973	23.4055	23.7525	23.564	23.0937	23.3632	23.5331	23.3558	23.1793	23.5107	23.0046	23.8898	23.6327	23.4358	23.3702	23.1858	23.8746	23.3495	23.1847	23.6386	23.5038	23.3668	23.5296	23.3843	23.4579	23.3644	23.4292	23.4321	23.4488	23.4292	23.5449	23.1166	23.2029	23.6603	23.4218	23.2097	23.5182	23.0826	23.5251	23.3263	23.1642
PROT_0362	22.9235	22.9823	22.3332	22.7948	23.0115	22.7948	22.8404	22.8177	23.3143	22.4376	22.1203	22.7346	22.9476	23.0433	23.1598	23.0166	23.2473	22.7924		22.6306	22.6479	23.1311	22.509	22.9013	23.0459	23.0004	23.0393	22.8346	22.6513	22.8248	22.6555	23.3168	22.7066	23.0584	22.7688	22.496	23.0015	23.165	22.8734	22.251	23.0353	23.02	23.1389	22.9933	22.6196	22.4198	23.1086	23.0121	23.061	22.9933
PROT_0363	24.4497	24.6659	24.5196	24.6165	24.3956		24.7288	24.9707	24.9731	24.8283	24.6667	24.5372	24.7252	24.7493	24.6212	24.3657	24.8563	24.7249	24.8205	24.7105	25.0037		24.7983	24.4978	24.5583	24.8024	24.87	24.7226	25.0955	24.6568	24.6831	24.5905	24.6927	24.5849	24.9464	24.846	24.358	24.3553	24.7191	24.7521	24.7689	24.7905	24.717	24.9395	24.6447	24.453	24.574	24.5771	25.0761	24.5837
PROT_0364	20.0031		19.9443			19.3654		20.0287	19.8698	19.6053	19.3077		18.9945	19.7997	19.7132	20.0874	19.8883	20.0329	20.5147	20.7948	19.7706			19.6855			19.1628	18.8447	18.8663			19.3979	18.9362			19.1466	19.3127	19.7901		19.6904	20.0122	19.4942	19.4111	19.1362	19.4854	19.6923	19.9315	19.2212	19.0524	19.5016
PROT_0365	21.2829	21.842	21.5167	21.2707	21.784	21.302	21.7503	21.6898	21.3433	22.204	21.6806	21.2869	21.8113	22.0386	22.0913	21.9221	21.5545	21.532	21.4071	21.8871	21.7335	21.4811	21.9872	21.6055	21.5166	21.4058	21.352	21.3631	21.8452	22.085	21.7417	21.7493	21.4232	21.6373	22.2122	20.9518	21.3221	21.69	21.6213	21.6368	21.6345	21.4557	21.4505	21.3284	21.6811	21.7364	21.2466	21.5744	21.2451	22.0782
PROT_0366	17.249				18.1084								19.2205		19.0677		17.6353								17.6621	18.2447	19.2928			18.76		18.4591			18.2775	17.4236		19.5638	18.1169	19.0352		18.9316		17.0057		17.9504	17.9201		17.615	18.7724
PROT_0367	26.5718		26.3291	26.4124	25.8342	26.435	26.3443	26.4873	26.4342	26.0346	26.4056	26.4317	26.4925	26.6389	26.1817	26.4855	26.1515	26.0469	26.5464	26.1819	26.8356	26.3744	26.1652	26.5459	26.2471	26.4341	26.3386	26.2662	26.2479	26.4127	26.3012	26.0652	26.2497	26.4501	26.2744	26.574	26.4314	26.5188	26.5881	26.2023	26.5244	26.6056	26.7773	26.4981	26.2957	26.5347	26.1256	26.2396	26.4921	26.2651
PROT_0368	23.7167	23.5363	23.6157	23.4991	23.7471	23.4181	23.8459	23.8266	23.7302	23.5666	23.6816	23.9314	23.5805	23.4131	23.8598	23.294	23.8843	23.3376	23.2682	23.8867	23.4795	23.4375	23.4456	23.4462	23.5878	23.621	23.7157	23.4318	23.5725	24.1549	23.7622	23.5278	23.871	23.4825	23.8278	23.5403	23.9148	23.5189	23.5562	23.6959	23.7163	23.7431	23.6529	23.6028	23.6403	23.7336	23.6789	24.0258	23.6071	23.7436
PROT_0369	21.5367	20.8098	21.7031	21.2232	21.3787	21.6162	21.0153	21.4013		21.8691	21.1231	21.1196	21.1609	21.5502	21.8649	21.46	21.6882	21.1324	21.4913	22.1462	21.1109		21.037	21.4848	21.3004	21.0605	21.3573	21.2814	21.5423	21.6798	21.0909	20.9673	21.4448	21.801	21.7276	21.6448	21.1399		21.439	21.2177	21.6639	21.2733	21.4694	21.421	21.0068	21.5192		21.6646		21.7216
PROT_0370	27.197	27.2664	26.9827	27.013	27.2714	27.0319	27.5577	27.1736	27.2276	27.1005	27.0461	27.3675	27.2589	27.1339	27.3428	27.1061	27.1595	27.3797	27.2995	27.2943	27.1692	27.2476	27.2793	27.0987	27.0804	27.1199	26.9822	27.2134	26.7062	27.1232	27.0225	27.0863	27.2083	26.9683	27.1601	27.2117	27.4239	27.1954	26.8833	27.1172	27.2581	27.2029	27.1509	27.0979	26.978	27.2641	27.2117	27.1221	27.1244	26.9435
PROT_0371	23.6242	23.8473	23.6023	24.2449	23.6073	23.8163	23.5684	23.4762	23.7676	23.6876	23.2967	23.6204	23.4349	23.6044	23.7997	23.2335	23.8524	23.6749	23.4172	23.3209	23.9811	23.2723	23.599	23.9031	23.7796	23.3876	23.7217	23.4376	23.5081	23.3815	23.3444	23.5609	23.6898	23.0773	23.4878	23.2514	23.5376	23.6284	23.6806	23.8226	23.4018	23.6279	23.659	23.4943	23.4564	23.896	23.842	23.5656	23.6944	23.5572
PROT_0372	25.0521	24.7931	24.8025	24.9897	25.2628	25.023	25.3981	25.0644	25.1565	24.9269	25.1467		25.2478	24.7659	25.1809	25.3508	25.1779	24.8779	25.2601	25.2064	25.0768	25.2935	24.9137	25.109	24.9727	25.1395	24.8819	24.9946	25.096	25.0664	25.0933	25.1491	25.2681	25.0191	25.0087	25.0323	25.0288	25.3439	24.9145	25.2062	25.0548	24.9753	25.486	24.9158	25.0846	24.9285	25.1671	24.7932	24.7522	25.3655
PROT_0373	18.5453	18.3473		18.6279	18.8084	18.7975		18.832			17.7545		17.9215								19.1599	18.2684						17.9844								19.0848	18.8575				18.5769						18.3308			
PROT_0374		20.6298	21.5216	21.3462	21.3574	21.1858	21.8165	21.9811	21.763	21.1586	21.2816	21.4983	21.9702	21.3197	21.4475	21.8105	21.6516	21.5463	21.8095	21.6179	21.412	21.2335	22.2235	21.0844	21.6179	21.773		21.5753	21.2382	21.3806	21.9935	21.4948	21.7384	21.8816	21.5005	21.5997	22.1791	22.2765	21.373	21.5611	21.5837	21.8618	21.7743	21.2354	21.7106	21.7679	21.693	21.785	21.3848	21.451
PROT_0375	20.8879	21.3052	20.9075	21.1004	21.1074	20.8785	21.6319	20.8631	21.2997	20.8873	20.8923	20.9487	20.6354	21.1702	20.3174	21.0258	21.1487	20.7716	20.7385	20.8193	20.6454	20.6873	20.88	20.7681	21.5979	20.7112	20.6479		21.4969	21.4079	21.2726	20.5704	20.6805	21.0233	20.8246	20.9625	20.5565	20.9394		20.997	20.7716	20.9427	20.9699	21.5219	21.1069	21.3456	20.5723	21.5	21.4485	20.6698
PROT_0376	25.8398	25.872	25.9996	25.9854	25.9456	26.2566	26.1804	26.1494	25.9495	25.8732	26.0426	25.8916	26.1086	25.547		26.5225	26.2845	26.3291	25.7336	26.0258	26.3532	26.1016	26.3254	25.6365	26.0779	25.9832	26.3794	26.0556	26.0248	26.079	26.0227	25.9609	26.4374	25.8776	26.3097	25.9336	25.9475	26.3842	26.1932	25.9879	26.0976	25.8817	26.2992	25.9761	26.072	26.0028	26.251	26.4082	25.8052	26.2223
PROT_0377	25.1957	24.6159	25.0237	25.2261	25.4898	25.1561	25.1266	25.1045	25.3049	24.9584	24.9478	24.7763		24.8384	25.4531	25.3165	25.0276	24.9817	24.9563	25.0584	25.2411	25.1181	24.8728	24.9484	25.1617	24.8274	24.8299	25.0551	24.9715	25.2778	24.8708	25.0183	25.1131	24.8073	25.1746	24.7782	25.0104	24.9161	25.0675	25.4048	25.0414	24.8799	25.0162	25.0817	25.4642	25.191	24.9976	24.9887	25.5628	25.598
PROT_0378	24.1801	23.9846	23.9161	23.9359	24.1003	24.1596	23.9912	24.0273	24.3922	24.0115	24.209	24.0522	23.9112	24.0591	24.0838	23.9399	24.1577	24.0872	24.0138	24.2047	24.5435	23.9255	24.0299	23.9158	24.2568	24.2785	23.7627	24.0372	23.9097	24.2461	24.1174	24.1552	24.2316	24.2859	24.4253	23.9509	24.0672	24.0821	24.3965	24.5359	24.3879	23.9312	23.9063	24.1966	24.4167	24.4859	24.1422	23.9688	24.375	24.4349
PROT_0379	20.6028	20.7088	20.3758	20.6828	20.079	20.6693	21.0049	20.6472	20.7004	20.4686		20.5617	20.7954	20.5689	20.8079	21.3163	20.8938		20.1564	20.9651	20.4073	20.0727	20.3664			21.2996	21.14	20.6626	20.9284	20.9742	20.1607	20.231	20.6783	20.8911		20.5646	21.1527	20.233	20.4414		20.5364	20.6948	20.8065	20.7236	20.6222		21.1945	20.4734	20.0044	
PROT_0380	26.3775	26.2451	26.0604	26.1175	26.3288	26.4844	26.2849	26.2701	26.389	26.3777	26.3387	25.98	26.1448	26.4378	26.6834	26.0154	26.6428	25.9457	26.5123	26.0092	26.278	26.1366	25.995	26.1564	26.4742	26.4672	26.1381	26.0162	26.2222	26.3194	26.1058	26.3764	26.2819	26.1591	26.413	26.0678	26.41	26.3609	26.2625	26.4438	26.1809	26.76	26.4586	26.6729	26.1968	26.4033	26.2501	26.2147	26.3742	26.4839
PROT_0381		18.6033	19.1034		18.6927	19.2625	19.5479	18.6124	19.4136	18.8269	19.2438	19.1928		19.0307	18.3086			19.18		19.0161	19.8061		19.8177	19.5563					18.5908		18.9495	19.9811	18.4927					19.2448	18.5605	19.6926	18.4784		19.381	18.9945		18.7299		19.5341	18.7678	
PROT_0382	20.9967	20.7805	21.1794	20.58	20.6931	21.6104	21.1334	20.6977	21.2501		20.1177	20.7286	20.7499	21.3966	20.3494	20.6998	21.4225	20.5721	20.4085	20.9415	20.0626	20.8243	20.2996	20.9069	20.2735	20.1772	21.1105	20.4819	20.7954	20.3931	20.3581	20.3807	20.5563	20.314		20.7229	20.9173	20.1734	20.4963	20.9961	20.671	20.6076	20.5743	21.327	20.5998	20.6812	20.8243	20.1975	20.6133	20.4361
PROT_0383	22.4678	22.1892	21.0443	21.5425	22.2988	22.4062	22.6174	22.1419	22.6973	22.4437	22.1	21.8584	22.2927	22.222	22.4585	22.3068	22.2253	21.5437	22.2192	22.1322	22.3457	22.0108	21.9015	22.4003	22.3165	22.1857	21.6377	21.8111	22.3319	22.3107	22.0921	21.7747	22.3661	22.0253	22.1189	22.4608	22.1265	22.1455	22.031	22.4505	22.0475	21.8209	22.0664	22.292	22.2041	22.1126	22.2469	22.2716	22.3345	21.9028
PROT_0384	22.1641	22.0436	22.5369	22.117	22.5189	22.2238	22.4935	21.8968	22.6974	22.3842	22.2007	22.415	22.4524	22.0616	22.6145	22.3242	21.8385	22.486	22.0655	22.307	22.2665	22.2704	22.6629	21.9038	23.0975	22.4021	21.8676		22.3615		21.4339	21.9617	22.1373	22.1887	22.1414	22.1446	22.1118	22.5216	22.5012	22.2376	21.9962	22.0488	22.5816	22.4396	22.5235	21.9497	21.6807	22.6134	22.8302	22.3576
PROT_0385	24.4286	24.2931	25.2853	25.3021	25.2062	25.4313	25.2506	25.2105	25.4903	25.0009	25.4373	25.4988	25.4765	25.0012	25.5728	25.7152	25.2837	25.7776	25.0677	25.627	25.6879	25.2255	25.2741	25.4586	25.3156	25.3408	25.5034	25.4167	25.174	25.5775	25.5217	25.4247	25.5156	25.4404	25.599	25.3177	25.4339	25.4523	25.2958	25.3433	25.3544	25.4087	25.5878	25.112	25.4103	25.3762	25.8831	26.1603	25.4445	25.423
PROT_0386	23.4757	22.7401	22.8292	22.9413	23.454	23.0458	22.9855	22.5893	23.4712	23.0579	23.63	23.3908	23.1748	23.1805	23.2278	23.5777	23.4337	23.2009	23.2107	22.6905	23.4691	23.0037	22.9146	22.8199	22.7261	23.7509	22.8185	22.9251	23.0096	23.089	23.4377	22.6109	22.9439	22.7881	22.0686	22.4103	23.1249	23.0353	22.938	22.7545	23.162	23.0627	23.1766	22.8723	23.0717	23.401	23.0107	22.8521	22.9816	22.6494
PROT_0387	26.15	26.4556	26.312	26.0353	26.0854	26.1059	26.3125	26.5926	26.3927	26.5224	26.4278	26.2524	26.3622	26.3523	26.5909	26.4042	26.5386	26.3518	26.0711	26.5471	26.0693	26.0182	26.3786	26.1527	25.9533	25.7294	26.4703	26.2203	26.2427	26.2829	26.3486	26.1799	26.4593	26.1813	26.4619	26.2485	26.3796	26.7468	25.765	26.3382	26.4828	26.3838	26.2577	26.1627	25.7862	25.6232	26.5997	25.8498	25.9714	26.3671
PROT_0388	18.9744	19.124		19.1542		19.4487	19.3625	19.4814	19.1995		18.3486	18.985	19.5736				19.7893	19.5725	19.545		18.8751	19.9633	18.8062		19.255	19.2431	18.9936	19.4574	19.0518	19.3349		18.9502	19.3285		20.0376	19.9342	19.6397	19.3043	18.7177	18.9133	19.1468				19.3947		19.8733	19.9001	19.2413	19.3806
PROT_0389	22.3581	22.3979	22.5104	22.5748	22.0938	22.1647	22.7659	22.6211	22.7891	21.9443	22.2865	22.4459	22.9131	22.3876	22.4758	22.1707	22.8496	22.7207	22.8207	22.647	22.2073	22.6242	23.0905	22.6458	22.5619	22.8483	22.7159	22.299		22.918	22.5204	22.7937	23.2567	22.9154	22.5985	22.4236	22.3716	22.369	22.9843	22.3649	22.3184	22.4873	22.3932	22.2803	22.4187	22.2343	22.4003	22.7126	22.7686	22.2524
PROT_0390	26.01		26.6717	26.6793	27.4084	26.9838	26.6934	26.5332	26.1234	26.1227	25.902	25.9457	26.685	26.6944	27.3267	27.5215	26.4661	26.45	25.5095	25.8579	26.1922	26.1341	26.6362	26.3551	27.2982	27.3074	26.7246	26.5637	25.9911	26.2721	25.9205	25.9859	26.7512	26.4327	27.5897	27.5094	26.6934	26.6123	25.8455	26.1438	26.1345	26.16	26.5722	26.6627	27.7549	27.1147	26.7131	26.9246	26.2408	26.2533
PROT_0391		20.6529	20.2608	19.6962	20.1483	20.4193	20.228	19.5414		20.6333	19.9309	20.1867	20.5809	20.4903	20.346		19.9642		20.132	20.3765	20.6059	20.0119	20.3854	20.2809	20.5249	19.7672	20.1204	20.2818	20.734	20.3986	19.9494	19.4693	20.6826	20.6709	19.6755	19.8912	20.0547	20.4551		20.3862	19.925	20.8409	20.0258	20.162	20.0048	20.4285	19.9793	20.2256	20.1737	
PROT_0392		21.363	21.7318	21.947	21.7231	21.8227	21.9927	21.1838	21.7215	21.9454	21.4951	22.1174	21.846	21.7346	21.9931	21.793	21.7443	22.0705	21.6988	21.6025	22.3965	21.3883	21.3881	21.457	21.3811	21.7552	21.6955	21.6945	21.6665		21.4649	22.2416	21.3383	21.2551	21.9321	21.5307	21.4192	21.6386	22.0971	22.1638	21.5826	21.7776	21.7716	21.771	22.1031	21.6271	22.0757	21.4788	21.6537	21.4946
PROT_0393	20.5419	20.685	20.9362	21.3205	21.0188	20.7062	21.3591	21.0706	21.4185	20.4867	21.0114	21.0203	21.285	20.6677	21.1666	21.4977		21.109	21.224	20.9349	21.4989	20.606	20.3701	20.3056	20.7385	21.2128	20.982	21.0047	21.1531	20.8922	21.384	21.2014	21.327		20.2506	20.8252	20.624	21.0506	21.8481	20.6821	21.1888	21.4752	21.5734	20.7583	20.7225	21.5819	20.796	20.8892	21.5804	20.9127
PROT_0394	26.1603	26.1619	26.0632	25.8203	26.194	26.288	26.0222	26.2006	25.5983	25.2484	26.1918	26.0626	26.2726	26.2261	26.3088	26.2657	26.1895	25.8051	26.4383	26.008	26.1735	26.2711	26.453	25.8164	26.2727	26.4238	26.6071	26.6188	25.9823	26.4461	26.1358	26.0315	26.1198	26.1414	26.2522	26.2467	25.554	26.0149	26.2403	26.0524	26.41	26.2565	26.1112	26.2125	25.7965	26.1571	25.9432	26.0214	26.0409	26.0682
PROT_0395	24.9582	25.1158	25.1272	24.6501	24.939	25.2338	24.7457	25.1409	24.755	24.8897	24.7181	25.3646	25.1793	24.8675	24.8	24.742	24.8395	25.1622	24.7414		24.8827	25.1318	25.2571	24.9497	24.8707	24.7683	25.1016	25.2356	24.761	24.7284	24.6382	24.7661	25.0533	24.5776	25.1391	24.8203	25.3515	24.8205	25.0369	25.0535	24.9464	24.9899	24.717	24.3181	24.5962	24.469	24.9857	24.973	24.6338	25.2076
PROT_0396				19.7061	18.534	18.3706	18.9956			18.3332	18.8659	19.6206		19.7258	19.5808	18.8091					18.6593	19.3423			19.0822					18.6524		19.1901		19.0416	18.8019	18.4495	18.9581		18.8236	19.2777	19.2135	18.9967		19.5174	18.6526		18.7191	18.29		
PROT_0397	21.8488	22.0488	20.644	20.8232	20.9257	20.7989	20.9107		20.9139	20.7236	21.1286	20.8339	20.4095	21.2811	21.0013	21.0832	21.2503	20.9979	20.4411	21.6263	21.0293	20.8779	20.9183	20.6358	21.3051	21.1182	20.5262	20.7023	21.8134	20.7638	20.6909		20.6056	20.281		20.8699	20.812	20.7306	21.8139	22.0429	20.7396	20.9686	20.6178	21.2001	20.5331	20.3326	21.1121	21.4876	21.3416	20.7941
PROT_0398	25.1083	25.1801	25.2802	25.6738	25.2604	25.0396	25.6009	25.2053	25.5246	25.5707	24.9151	25.1346	25.1918	25.1363	25.4675	25.1875	25.2708	25.4223	25.1882	25.1095	25.0967	24.9718	25.2748	25.0901	25.3315	25.2126	25.5322	25.2069	25.4377	25.1614	25.1789	25.0996	25.2051	25.3725	25.3309	24.9238	25.49	25.3725	25.1979	25.5392	24.9312	25.4912	25.0229	25.4624	24.9227	25.2322	24.641	24.9806	25.4327	25.1508
PROT_0399	24.986	24.5498	24.7423	25.0724	24.573	24.7674	24.9586	25.0229	24.8399	24.7949	24.7004	24.9258	24.8259	24.5191	25.0388	25.0797	25.1871	24.6769	25.0643	25.1828	24.5684	24.5789	25.0652		24.4762	24.6255	24.916	25.2699	25.4877	24.8291	24.6367	24.7561	24.6362	24.5614	24.6374	24.8746	24.913	24.7303	25.3665	25.0404	24.8524	24.9184	24.8351	24.8907	24.607	24.7441	24.8723	24.6572	24.9627	24.8775
PROT_0400	30.7549	30.485	30.3936	30.4221	30.7234	30.4685	30.5271	30.5478	30.7228	30.6126	30.3838	30.4357	30.636	30.685	30.5146	30.5263	30.4598	30.4325	30.5179	30.4151	30.581	30.4694	30.6328	30.4683	30.4772	30.5357	30.413	30.4498	30.531	30.6172	30.32	30.3506	30.5447	30.1357	30.5077	30.503	30.5597	30.5861	30.722	30.4829	30.0346	30.2175	30.5003	30.4462	30.4466	30.5655	30.2439	30.342	30.4269	30.531
PROT_0401	24.8164	24.4873	24.568	24.5493	24.5091	24.9016	24.9114	24.9546	24.7136	24.4271	24.9615	24.8893	24.7024	24.2097	24.644	24.3761	25.1408	24.6552	24.3942	24.4222	24.5992	24.6616	24.1951	24.3823	24.5803	25.0607	24.516	24.6425	24.4167	24.6527	24.7533	24.8964	25.6222	25.8383	24.7307	24.6294	24.423	24.6921	24.5729	24.7895	24.7121	24.9863	24.3411	24.3531	24.6357	24.896	24.7737	24.7403	24.3947	24.7817
PROT_0402	22.4455	22.7255		22.7833	22.384	21.9862	22.8129	23.0015	22.8015	22.7119	22.4407	22.4165	22.8023	22.3643	22.0314	22.7503	22.2483	22.3071	22.5826	22.9064	22.0813	22.5219		22.2629	22.532	22.2372	22.4405	22.4641		22.6532	22.5267	22.7852	22.4958	22.599	22.6069	22.6945	22.5584		22.4178	22.7263	22.4407	21.9784	22.6528	22.6411	22.6719	22.3666	22.8579	22.7469	22.5571	22.3837
PROT_0403	24.9334	24.6137	24.8737	24.9153	24.5063	24.7213		24.5494	24.6986	24.3824	25.0578	24.6476	24.6299	24.6444	24.7539	24.5773	24.9225	24.4999	24.4717	24.3902	24.4092	24.5299	24.5094	24.3972	24.4821	24.561	24.7272	24.4303	24.3603	24.6995	24.3364	24.5256	24.5225	24.9702	24.5397	24.3691	24.7454	24.4506	24.945	24.829	24.5758	24.6503	24.5054	24.8459	24.2817	24.7673	24.2505	24.2405	24.3449	24.4704
PROT_0404	24.8492	24.8513	24.8002	24.78	24.9772	24.768	25.1526	25.3051	24.3203	24.3975	24.71	25.126	25.1577	24.7597	24.7334	24.9796	25.2255	25.1302	24.7999	25.075		24.9268	25.0995	24.7059	25.8261	26.2052	24.7151	24.9944	24.5174	24.8276	24.677	24.7081	25.0899	24.709	25.2805	24.4906	25.008	25.5419	24.9386	24.6517	24.6303	24.8509	24.7082	24.5179	25.0239	24.9133	24.889	24.9357	25.0605	25.1067
PROT_0405	20.6978	20.7322	20.8689	20.7705		21.1669	20.7096	20.6971	21.1847	20.6801	21.0477	21.3295	21.0615	21.006	21.6583	21.5889	21.0609	20.8604	21.0411	20.8598	20.8922	20.1793	21.3134	21.1472	20.8383	20.9124	20.839	21.0062	21.3505	21.0547	21.3215	20.4633	20.0469	20.4931	21.0556	20.748	21.2062	20.8413	20.8847	20.6803	21.4234	21.1695	21.331		20.9285	20.981	20.966	20.5803	21.2483	20.5304
PROT_0406	21.9097	21.2623	21.6075	21.5532	21.6986	22.0371	21.8615	21.932	22.4903	21.6631	22.5269	22.6835	22.0232	22.2527	21.7734	21.9291	22.5874	21.9993	22.1594	21.6384	21.9954	22.1706	21.6265	22.2736	21.7969	22.1253	21.8421	21.7666	22.0773	22.4052	22.2982	22.22	21.9025	21.7592	22.1839	22.1466	21.9613		22.3926		21.5475	22.0422	22.6255	22.6209	21.463	22.2668	22.0493	22.309	22.2128	21.9568
PROT_0407		21.029			21.0508	21.204	22.1254	21.3697	20.9518	21.268	21.8947	20.7553	21.1871	21.0001	20.987	21.0935	21.2527	21.6701	20.6803	21.3032		20.5871		20.7895	21.0837	21.1094	21.3796	21.0856		21.2018	21.1926	21.0345		21.0811	20.916	21.2255	20.6622	21.1603	20.7336	21.0867	21.2508	21.7404	21.1735	20.8099	21.3537	21.1331	21.4402	21.3376	21.3253	21.0664
PROT_0408	20.7876	20.3231	20.9125	20.8025	20.8434	21.071	21.0133	20.582	20.8692	20.8197	20.5657	20.7792	20.812	21.0011	20.3653	20.9709	20.5105		20.7753	20.5203	20.6721	21.0434	19.9793	20.9966		20.7761	20.8849	20.9935	20.8296	20.6842	21.4629	20.3651		20.7449		20.7499	20.6031	20.0983	20.8875	20.2082	20.9012	20.579	21.089	20.4031	20.6818	21.3162	20.6541	20.4638	20.528	20.9681
PROT_0409	25.5199	25.1772	26.2534	26.3215	26.2729	26.0372	26.008	26.1816	26.2036	26.223	26.1134	26.0215	26.4092	26.3459	26.4985	26.1064	26.3117	26.1773	25.9954	26.2661	26.3233	25.9336	26.1843	25.9482	26.1187	25.9658	26.1274	25.9956	26.1066	26.711	25.9094	25.9807	26.0743		26.5507	26.4941	26.2791	26.2205	26.5863	26.4423	26.4966	26.0669	26.9763	26.654	26.7411	26.4486	26.4	26.2243	26.1619	26.6817
PROT_0410	19.6173	19.742	20.1487	19.7477	20.1539	19.5775	19.9923	20.2072	19.9502	19.4159		19.6579	20.0913		20.2524	19.749	20.5245		18.9248	19.8764	19.6344	19.8122	20.1732	20.1913	19.7553	20.2277	19.8191	19.9616	19.9018		20.203		19.86	19.5387	19.7962	19.3795	19.8021	20.5856	19.0307	20.1349	18.9926	19.8823	20.2319		20.108	19.8138	19.6506	20.1866	19.9672	19.8902
PROT_0411	22.8401	21.9987	22.5948	22.7654	22.4854	22.0022	22.1956	22.984	22.6719	22.2333	22.1541	22.6429	22.7228	22.8831	22.5375	22.3337	22.9304	22.4303	22.5698	22.9932	22.4732	21.9077	23.0936	22.5658	22.7994	22.6525	22.8883	22.5579	22.6766	22.5615	22.4979	22.7291	22.8	22.5259	22.5612	22.4322	22.7155	22.6652	23.0346	23.0778	22.367	23.1013	22.4588	22.5642	22.742	22.2619	22.6182	23.0073	22.6643	22.5768
PROT_0412	22.6886	22.6198	22.9275	23.1055	22.8673	22.7997	23.2225	23.3495	23.1835	23.4466	23.1747	22.8778	22.9948	23.0943	22.6672	23.0152	22.6534	22.6908	22.6013	22.5679	22.9632	22.7599	23.4658	23.0414	22.2435	22.067	22.7754	22.6828	22.9968	23.02	22.8861	22.7445	23.1534	22.59	22.6982	22.9861	22.4209	22.9663	22.8254	22.9432	22.7814	22.5595	23.1047	22.9211	22.9392	23.1202	22.4334	22.7949	22.6162	22.5971
PROT_0413	19.7976		18.9653	18.9308		18.9614	19.1945	19.5613	19.2077	19.052			19.6437	19.4116		19.9546	19.2191	19.5843	19.7524	20.0645		18.973		19.0407	19.3926		19.318			19.0964		19.093	19.3853			19.2612	18.9793		20.0155		19.2731	19.5002		19.27			19.4883	18.6973	18.9982	19.2347
PROT_0414	23.8094	23.031	23.2204	23.1025	23.638	23.1679	23.4416	23.1498	23.0441	23.4029	23.6416	23.4352	23.0977	23.3097	23.6729	23.3648	23.6945	23.2951	23.2619	23.2583	23.362	23.4796	23.0961	22.8958	23.2475	23.4075	23.1285	22.9342	23.1767	23.1672	23.5789	23.3573	23.3082	23.0201	23.5634	23.3487	23.7304	23.3074	23.3155	23.7814	23.4438	23.4977	22.9748	22.8669	23.2361	23.7209	23.1042	23.3798	23.5671	23.3346
PROT_0415	24.0027	23.5309	23.2437	23.2618	23.5562	23.3301	23.4892	23.5398	23.6238	23.9387	23.705	23.3551	23.7554	23.6973	23.7399	23.8737	23.5514	23.1013	23.5608	23.4219	23.8759	23.7411	23.7534	23.5281	23.6657	23.5699	23.2856	23.5368	23.7541	23.9756	23.5232	23.3805	23.232	23.2793	23.3608	23.9071	23.6826	23.6902	23.6311	23.4192	23.8889	23.5521	23.3758	23.7046	23.317	23.6772	23.8236	23.1953	23.5267	24.2235
PROT_0416	22.7511	23.2266	23.2995	23.1389	22.9726	22.9964	23.6061	23.4481	23.5755		23.1709	23.6024	23.5619	22.9239	23.3304	23.6698	23.5	23.1913	23.2253	23.2403	23.3263	23.4542	23.1113	23.0828	23.2813	23.1452	23.2816	23.378	23.4199	23.6596	22.8478	22.6662	23.399	23.1418	22.9693	23.1581	23.2852	23.7115	22.9192	23.3452	23.0643	23.5957	23.8321	23.5132	23.2788	23.2013	23.2083	23.3332	23.2014	23.3057
PROT_0417	22.3781	22.3439	22.6044	22.3351	22.8553	22.6306	22.4638	22.4692	22.4187	22.3238	22.6015	22.4363	22.6553	22.5392	22.9005	22.7837	23.0638	22.5886	22.3733	22.6209	22.2246	22.1013	22.2738	22.3469	22.4166	22.4719		22.1192	23.018	22.5231	21.7979	21.4979	22.5253	22.4145			22.3823	22.1557	22.7013	22.8876	22.4243	22.331	22.4078	22.3533	22.1571	22.3485	22.3968	22.4556	22.6283	22.9206
PROT_0418	25.9758	26.2657	26.1729	25.8506	25.5398	26.055	25.6361	25.8588	26.1703	25.7273	26.2016	26.2212	25.9277	25.8146	26.2815	26.0429	26.048	26.0852	25.9263	25.6958	25.9665	26.0259	25.7648	26.1077	25.9091	26.0174	26.234	25.9785	25.8894	25.9966	25.9893	26.0839	25.9886	26.0051	26.2639	26.0382	26.3374	26.2504	26.0905	26.0306	25.9395	25.7677	26.0806	25.9596	26.1745	25.7739	26.2094	26.0516	25.7357	25.7974
PROT_0419	23.4885	24.0652	23.7714	23.8134	23.9699	23.5272	24.0687	23.7976	24.0268	23.5542	23.7044	23.408	23.629	23.6219	23.8875	24.0484	23.8989	23.8039	23.7889	23.8724	24.0775	23.6584	23.546	24.0036	23.9581	23.6972	23.7901	23.7263	23.6486	24.2441	23.599	23.7048	23.9371	24.0621	23.8519	23.399	23.772	23.7046	23.5343	23.7633	23.559	23.7868	23.6861	23.7194	23.4033	23.6914	23.4946	23.7141	24.0102	23.7858
PROT_0420	30.1238	29.9122	29.6245	29.8789	29.8478	29.6806	30.2082	29.5921	30.108	29.9676	29.9913	30.0506	30.025	30.2237	29.9788	29.9858	29.8639	29.7524	29.6898	29.4714	29.5707	29.8051	29.9739	30.1378	29.7952	29.6806	29.6487	29.6947	29.735	29.7057	30.061	29.8738	29.7452	29.9948	30.1614	29.5642	30.017	29.9279	30.1027	29.8185	29.4644	29.79	29.9873	30.0712	29.717	29.8716	29.934	29.6497	29.9369	29.8158
PROT_0421	27.8426	27.8933	27.7965	27.6287	28.2545	27.6072	27.7916	27.9081	27.845	27.8216	27.9994	28.1042	28.1367	27.8119	28.1795	27.8859	27.8639	27.6687	27.9342	27.8854	28.1986	27.7706	27.8389	28.0874	28.096	27.8818	27.9308	27.7752	27.7374	28.0458	27.7876	27.8213	27.8183	27.6957	27.9924	28.3066	28.1115	27.7163	28.0751	28.0914	28.0108	27.8017	27.8216	27.8925	28.1419	27.8905	27.8882	27.8339	27.7524	27.8427
PROT_0422	26.6204	26.3011	26.0687	26.2779	26.4435	26.3292	26.1428	25.9809	26.1398	26.2626	26.2837	26.2109	26.1894	26.3597	26.1667	26.3212	26.0836	26.006	26.2744	26.483	26.4202	26.0199	26.4882	26.0799	26.4773	26.3848	26.0919	26.2588	26.2433	26.7885	26.0805	26.1685	26.2161	25.9916	26.4569	26.0971	26.2746	26.1287	26.3213	26.5638	26.4272	26.386	26.103	26.4968	26.3134	26.4002	26.1303	26.2844	26.2472	26.0703
PROT_0423	21.0431	21.9327	21.102	21.0413	22.2426	21.6266	21.5774	21.8857	21.6192	21.2357	20.9587	21.5494		22.0779	21.1123	21.2678	21.7094	21.5077	20.903	21.2627	21.8711	21.4926	21.76	21.0832	21.5134	20.8974	21.1929	21.8539	21.953	21.7299	21.5756	21.5682	21.7705	21.2107	21.5626	21.0899	22.0337	22.1233	21.508	21.4006	21.3289	21.3346	21.893		21.612	21.3172	21.5428	22.0655	21.3593	21.4168
PROT_0424	20.5301	20.402		20.3226	21.0944	20.7909	21.0043	20.3965	20.4116	20.6302	20.9215	20.3604	20.8407	20.627	21.1357	20.5218	20.4795	20.5048	20.5931	20.8874	21.4083	20.7356	20.6174	20.4906	20.7207	20.4846	20.7852		20.521	20.8447		20.6602	20.5897	20.3978	20.8018	20.3844	20.4643	20.9085	20.8336	20.6179	20.4824	20.6802		20.3757	20.5805	20.5225	21.0261	20.3572	20.9377	20.8407
PROT_0425	24.7314	24.5539	24.7685	24.6491	24.6088	24.696	24.8343	24.6119	25.0894	25.121	24.7172	25.0971	24.6204	24.8927	24.8646	25.1048	24.3172	24.6889	24.945		24.8488	24.7687	24.6879	24.6544	24.4684	24.2361	24.3564	24.8534	25.1824	25.0183	24.5143	24.7891	24.9244	24.8643	24.7379	24.6683	24.4519	24.5744	24.8221	24.9299	24.4953	24.8542	24.6546	24.8696	24.7318	24.6741	24.7347	24.6582	25.0284	24.9297
PROT_0426	27.1561	27.186	27.1534	26.9396	26.9869	27.1658	27.4385	27.0497	27.2848	27.4791	27.4035	27.1558	27.1195	27.2128	27.2869	27.296	28.3413		27.2134	27.0504	27.3679	26.9659	27.3008	27.3444	26.9551	27.35	27.4304	27.1025	27.2145	27.2666	27.5677	27.2575	27.5562	27.1686	27.4073	27.4185	27.3508	27.2396	27.5306	27.2181	27.6132	27.2834	27.1707	27.5559	27.1923	27.2221	27.1478	26.9853	27.2526	27.2801
PROT_0427	23.3121	23.1877	23.5077	23.0341	22.8612	23.0908	23.4963	23.3454	22.4653	22.7589	23.3576	23.2946	23.1003	23.1438	23.25	23.2766	23.7763	23.3861	23.0786	22.7459	23.1443	23.2622	23.2518	22.8196	23.0499	23.4808	23.0879	23.2575	23.1353	23.0541	23.1186	23.3957	23.1196	23.331	22.7993	22.7237	23.2983	23.2555	23.0596	23.1597	22.9941	22.9369	23.5181	22.8751	22.5321	23.0206	23.2207	23.4712	22.7439	22.7552
PROT_0428	21.6153	22.5551	22.1862	22.4069	22.0189	21.7861		22.5963	22.4161	22.5921	22.0064	22.4805	22.1987	22.8655	22.3404	21.7754	22.932	22.0785	22.518	22.4594	22.3033	22.5522	22.1406	22.9148	22.4846	22.091		22.4923	22.3096	22.6544	22.1741	22.6723	22.2949	22.1141	22.1146	21.8642	22.2232	22.2351	22.4969	22.6142	22.2138	22.7624	22.1324	22.3608	22.1621	22.3033	22.4836	22.658	22.9056	22.3476
PROT_0429	22.4251	22.4991	22.4404	22.4298	22.3392	22.3444	22.2817	22.3348	22.2953	22.7812	22.5664	22.4881	22.0022	22.3438	22.813	22.8683	22.5242	22.2161	21.8601	22.5909	22.3216	22.4329	22.1971		22.0721	22.3909	21.9585	22.0114	22.6589	22.5323	22.3158	22.3863	22.7507	22.5652	22.6336	22.0715	22.6203	22.5091	22.1762	22.7811	22.3744	22.3201	22.7329	22.2558	22.6665	22.0418	22.2136	22.4039	22.5221	
PROT_0430	22.5663	22.1231	21.7218	22.2663	22.0411	22.1822	22.3045	22.3093	22.476	22.1394	22.5764	22.5121			22.6061	22.2274	22.2987	22.6212	21.6368	22.5199	22.1252	22.3359			22.5178	22.2459	22.617	22.3939	22.2649	22.5247	22.1406	22.2039	22.1311	21.9502	22.6743	22.4693	22.2559	21.5141	22.3964	22.3022	22.1638	22.0728	22.1722	22.1854	22.3893	22.1465	22.5474		22.1817	22.6276
PROT_0431	22.7841	22.1048	22.5454	22.8721	22.4011	22.7776	22.4415	22.31	23.1552	22.6094	22.8029	22.2277	22.6353	22.4641	21.9947	22.7473	22.5262	22.3392	22.9863	21.9863	22.9875	22.3488	22.4852	22.2378	22.0119	22.668	22.3146	22.684	22.7179	22.5677	22.7568	22.3119	22.9694	22.6508	22.698	22.3946	22.4176	22.5957	22.9467	22.3775	22.48	22.2509	22.3976	22.5349	22.5509	22.5416	22.3857	22.6746	22.5076	23.0716
PROT_0432	20.802	20.1972		20.386	20.5292			20.1178	20.6263	20.2255	20.0383	20.305	20.2528	20.4246	20.4581	20.3326	20.4421	20.4363	20.7585	20.4351	20.6913	20.0643	19.5128	19.9188	20.2232	20.2019	20.49	19.7035		20.2893	20.2439	20.6713	21.1232	20.1789	20.3126	20.5761	20.5717	20.5032	20.556	20.1347	20.5632	20.9247	20.0223	20.4615		20.5023	19.9725	20.3295	19.8787	20.3926
PROT_0433	22.9099	22.5673	22.359	22.8293	22.9344	23.0208	23.0755	22.3347	23.1508	22.5466	23.2553	23.1833	22.4621	22.29	22.9994	22.5234	22.6552	22.3987	22.7569	22.4989	23.0639	22.6274	22.5942	22.668	22.844	22.8005	23.1952	22.4015	23.0532	22.6598	22.8412	22.819	22.7322	22.682	22.9352	22.8586	22.6031	22.2768	23.005	22.9406	22.544	22.6483	22.8208	22.6482	22.2887	23.4267	22.5428	22.5281	22.4239	23.0419
PROT_0434	22.4781	21.6387	21.8976	22.2148	21.5927	22.1078	21.9561	21.573	21.7124	21.4722	22.0393	21.9343	21.2332	21.7974	21.8803	21.6726	21.5952	21.5776	22.5675	21.7304	21.8867	21.5795	21.9356	22.5048	21.8097	22.58	21.9609	21.6369	21.8225	22.1158		21.4571	22.1257	21.5688	21.7853	21.8372	22.0121	21.75	22.1171	21.5219	21.6657	22.1629	21.9377	22.3955	21.8626	21.873	22.5249	21.4812	21.7492	21.9402
PROT_0435	21.5692	21.8434	21.7795	21.6568	21.6541	21.5436	21.8633	21.1767	21.9436	21.4938	22.1795	21.5594	22.0408	22.0432	21.717		22.0259	21.2464	21.7304	21.9949	21.8772	21.5329	21.7579	21.5838	21.232	22.0061	21.3776	21.1816	21.2878	21.7788	22.1804	21.6496	21.6617	21.5965	21.447	21.4143	21.9568	21.6921	21.6505	21.5739	22.5826	22.7865		22.0945	21.7989	21.8596	21.8484	21.5941	21.8988	21.4201
PROT_0436	21.3577	21.4079	20.9135	21.4722	21.5338		21.4112	20.965	21.5993	21.5867	21.7435	21.763	21.7966	22.2152	21.5232	21.6299	21.4272	21.3287	21.3046	21.2484	21.5986	21.0509	21.189	21.1436	21.7016	21.1334	21.4242	21.1563	20.7128	21.4186	21.1195	21.4509	21.279	21.0422	21.4326	20.7273	20.8999	21.4562	20.1767	21.2549	21.9152	21.31	21.2721	21.5448	21.4161	21.3647	21.4323	20.7831	21.5139	21.1088
PROT_0437	26.5661	26.1668	26.237	26.2884	26.5701	26.1163	26.5945	26.3983	26.3592	26.0441	26.28	26.2744	26.3575	25.8945	26.2797	26.4557	26.6877	26.1536	26.2813	26.3053	26.2942	26.4471	26.5468	26.3061	26.3948	26.1353	26.188	26.3668	26.2111	26.3492	26.0946	26.5353	26.2919	26.0951	26.4274	26.1447	26.2795	26.2569	26.1082	26.3333	26.5456	26.8849	26.2325	26.1675	26.146	26.2429	26.451	26.5908	26.1979	26.2237
PROT_0438		26.0167	26.2901	26.0374	26.1033	25.7013	26.2264	26.1914	26.3261	25.9714		25.8513	26.6728	26.007	26.1258	25.737	25.9616	26.0	25.5193	25.7998	25.7646	25.8998	26.1447	25.8625	25.761	25.5773			25.804	26.1811	25.7534	25.8492	25.9273	25.8255	25.8251	25.66	26.1475	26.5084	26.1419	26.1057	25.8025	25.9578	26.1521	26.0495	25.8683	25.9595	26.0183	26.2866	26.0275	25.8843
PROT_0439	19.9187	19.9693	19.9317	20.6191		20.3588	20.0902	20.2715	19.8525	20.7119	20.7288	20.2366	20.3777	20.1588	20.6247	20.7089	20.9067	20.3145		20.4182	19.9789	20.3604	19.7332	20.3552	20.9619	21.2773	21.3214	20.3858	19.9887	20.6409	20.3329	20.3655	20.3321	19.917	20.7756	20.1614			20.155	20.1599	19.9046	20.1161	20.9936	19.8117	19.9213	20.6919	20.1244	20.0579	20.4748	20.6296
PROT_0440	21.8263	22.5194	22.0911	21.9187	21.9585	21.4712	22.2715	22.1485	21.967	22.026	22.1523	22.7015	22.2959	22.2398	22.2791	22.0339	21.7878	22.3028	22.1177	21.9258	21.8293	22.0291	22.3668	21.6616	22.147	21.8898	22.1184	22.345	22.033	21.9802	22.0664	22.156	22.817	22.1925	21.7713		22.128		21.6693	22.5035	22.197	22.1676	22.5987		21.6541	21.6259	22.1835	22.0637	21.9193	21.7302
PROT_0441	22.6461	23.0696	22.8165	22.5521	22.635	22.9182	23.1067	22.9904	22.7684	22.7073	22.7698	23.0898	22.5871	22.7344	22.7923	22.8364	22.8573	22.5795	22.9098	22.6826	22.6795	23.1522	22.8775	22.7297	22.6267	22.8963		22.3239	22.7724	22.9904		22.8338	22.8566	22.4914	22.8312	23.0322	22.7556	22.7256	22.5153	23.2304	22.1688	23.0916	22.8125	22.7402	22.5652	23.0716	23.0162	22.7652	22.8215	23.0773
PROT_0442	26.0669	25.9778	25.5905	25.6662	25.2449	25.5875	26.1336	25.8989	25.445	25.3859	25.7487		25.787	25.6519	25.4884	25.7403	26.0227	25.2208	25.7936	25.1733	25.9145	25.4768	25.6211	25.8917	25.5898	25.6285	25.4325	25.1405	25.547	25.2326	25.739	25.4082	25.7174	25.3491	25.8782	25.8734	25.7055	25.5861	25.5256	25.4484	25.8139	25.6733	25.5481	25.4612	25.3398	25.663	25.8344	25.6069	25.8236	25.38
PROT_0443	23.1395	23.2251	22.9806	23.0049	23.3436	22.9218	23.2972	23.2223	23.6113	23.5695	23.0664	23.5551		23.1422	23.595	23.4436	23.3001	23.1551	23.5827	23.1677	22.3347	22.3419	23.0909	23.3836	23.2328	22.478	23.1725	22.866	23.5187	23.2773	22.4053	23.1983	23.2657	23.2579	23.0819	22.7414	23.2973	23.2736	23.4292	23.5403	22.9737	23.2744	23.3224	23.6808	22.7529	22.2842	22.7628	23.1949	23.0973	23.2963
PROT_0444	25.8152	25.429	25.9222	25.1275	25.534	25.6594	24.9836	25.6912	25.1754	25.1796	25.5463	25.1885	25.6813	25.3406	25.2662		25.1036	25.4332	25.1035	25.3866	25.5672	25.1602	25.5562	25.2606	25.5572	25.3492	24.8981	25.1801	25.2591	25.7237	25.1463	25.2554	25.7155	24.9855	25.2909	25.6378	25.0452	25.5668	25.0967	25.3655	25.702	25.1604	25.4893	25.1597	25.5237	25.4587	25.1461	25.2362	25.284	25.2502
PROT_0445	25.9655	26.4365	26.419	26.5079	26.3603	25.9244	26.4958	26.0246	26.3781	26.0454	26.1207	26.1834	26.3951	25.8639	26.306	25.9948	26.4691	26.2641	26.1559	26.355	26.4384	26.1879	26.4403	26.1904	26.2075	26.5712	26.1199	26.1499	26.3116	26.7667	26.2505	25.9958	26.0633	25.8923	26.5658	26.2596	26.196	26.1813	26.4091	26.1913	25.8443	26.3131	26.0632	26.0491	26.1191	25.8333	26.0101	25.9867	26.1549	26.2374
PROT_0446	22.4421	22.1426	22.2975	22.1975	22.0223	22.1971	22.5408	22.3594	22.2113	22.151	21.9045	22.2857	22.3035	21.9852	21.9958	22.477	21.9657	23.0111	22.0187	22.3979	22.5225	22.1732	22.9044			21.8891	22.2205	22.0728	21.6459	22.1734	22.1181	21.8887	22.4269	21.9437	22.361	22.1383	21.6415	21.9462	22.5886	22.1698	22.615	21.9795	22.3774	22.0708	22.053	22.5098	22.2382	22.289	22.3141	21.9176
PROT_0447	21.5926	21.344	20.7947	20.6162	21.3962	21.2979	20.9048	20.8463	21.8561	20.6908	21.316	20.6406	21.2978	20.9805	20.8491	21.5429	21.0759		21.1459	20.8905	21.8107	20.666	21.2345	21.6429	21.6668	20.913	21.4517	20.6461	21.0758	21.468	21.1013		20.956	21.4291	21.6036	21.0513	21.3194		21.2094	21.3454	21.2759	21.1672	21.3938	21.1515	20.6379	20.7769	21.2166	21.3925	21.1496	21.1568
PROT_0448	23.7052	23.5645	23.7986	23.8906	23.8345	23.8174	23.6638		23.9841	23.8647	23.5674	23.5611	23.5895	23.6883	24.0377	23.7231	23.7595	23.6311	24.4199	23.894	23.782	23.6336	23.8937	23.4738	23.7912	23.808	23.568	23.7372	23.7739	23.6275	23.8701	24.5001	23.9915	23.9283	23.8428	23.6721	23.8432	23.5134	23.6432	24.008	23.5929	23.553	23.6103	23.5986	23.8368	23.6944	23.5437	23.6597	23.5784	24.08
PROT_0449	22.2809	22.4692	22.3957	22.4263	22.4612	22.2822	22.1292	22.0547	22.2614	22.2192	22.6614	22.1815	22.2681	21.9889	22.4705	22.5449	22.2617	21.8888	22.0713	22.2337	22.8435	22.1642	22.4232	22.2709	22.5906	21.9606	22.2694		22.3507	22.3348	22.3612	22.4951	22.366	22.2483	22.9893	23.0891	22.3155	22.2063	22.3877	22.6325	22.0111	22.2446	22.0326	21.8443	22.4252	22.2057	22.021	21.4168	22.6007	22.218
PROT_0450	22.3167	22.7012	22.673	22.8947	22.7166	22.5787	23.0081	22.7925	23.1773	22.5528	22.7512	22.6389	22.7444	22.8904	22.8107	22.7751	22.9869	23.0041	23.1112	22.5235	22.5758	22.4042	23.0162	22.799	22.752	22.8419	22.8146	22.9218	22.6859	22.7977	23.7216	23.5056	22.5925	22.7301	22.5914	22.7138	22.9322	22.8466	22.6997	22.7333	23.0671	22.7427	22.9836	22.5696	22.1824	22.6812	22.6386	22.811	23.111	22.8725
PROT_0451	26.829	26.3132	26.6045	26.4978	26.665	26.6611	26.3922	26.525	26.76	26.7254	26.5683	26.4285	26.3545		26.5148	26.9309	26.666	26.9253	26.504	26.3969	26.8304	26.5901	26.4828	26.6407	26.4498	26.7948	26.358	26.6323	26.4097	26.4108	26.4376	26.544	26.7082	26.4897	26.5763	26.8098	26.2068	26.7142	26.7229	26.6104	26.7975	26.4476	26.9683	26.4829	26.5045	26.775	26.6201	26.5126	26.4905	26.5858
PROT_0452	21.7492		21.5271	21.3797	21.7234	21.6201	21.1434	21.9239	22.3167	21.0909	22.1454	21.8671	21.5788	22.297	21.5167	21.7904	21.725	21.9075	21.8696	21.6909	22.0132	21.6221	21.9766	21.765	21.2904	21.9441	21.8051	22.0302	21.5809	21.62	21.5826	21.458	21.9569	21.8571	21.8874	22.2035	21.7727	21.4543	21.9261	21.553	22.211	21.7626	21.4964	21.3485	21.8308	21.9475	21.6063	21.1748	21.8152	22.2183
PROT_0453	24.9063	24.9179	24.7721	24.9233	24.7909	24.4776	24.9016	24.8045	25.1669	24.876	24.9215	24.7637	24.7586	24.8943	24.8455	24.8252	24.5486	24.6516	24.9352	24.8118	25.1066	24.5564	24.9224	24.7312	24.7532	25.0998	24.6344	25.052	24.9607	25.0175	24.7698	24.6231	24.8889	24.9455	24.9662	25.1543	24.9612	24.7202	25.0829	24.7839	24.9756	24.8981	24.8243	24.9325	25.014	25.1783	24.9481	24.6478	24.5722	24.7358
PROT_0454	23.4093	23.5258	23.3975		24.0312	23.5758	24.3071	23.4925	23.3583	23.3657	23.1455	23.2626	23.3079	24.122	23.3878	23.7865	23.8438	23.8139	23.3038	23.4274	23.5037	23.5005	23.518	23.3263	23.3696	23.5314	23.4696	23.0466	23.1061	23.7599	23.1191	23.294	23.3406	23.3038	23.8366	23.6178	23.3895	23.2407	23.0779	23.7632	22.8346	23.2	23.1603	23.173	23.7007	23.2091	23.5763	23.3109	23.6067	23.6323
PROT_0455	24.9869	24.9451	24.5603	25.0131	24.7766	24.7746	24.8408	24.5995	25.0833	24.7475	24.6112	24.8062	24.7141	24.7056	25.0283	25.1273	24.9962	24.6702	24.9011	24.6234	24.6228	24.3948	24.7502	24.9047	24.8186		25.0156	24.4114	24.8264	24.7724	24.5273	24.6707	24.7638	25.0448	24.9898	24.8999	24.6787	24.6586	25.0555	25.4426	24.9445	24.8871	24.8999	25.3737	24.7575	24.8248	24.8167	24.9191	25.0309	24.6862
PROT_0456			20.1793	20.1142	20.2094	20.4849	20.5045	20.703	19.9941	20.2539	19.906	20.5616		20.4784	20.403		20.1019	20.2029	19.712	19.7447		20.2747	20.167	20.5714	19.7574	20.2929	20.199	20.4735	20.307	20.7169		20.3263		20.6945	20.2496	19.7043	19.8752		20.371	19.9637	20.8835	19.9575		20.1867	19.7896		19.9758	20.4709	20.0091	20.6414
PROT_0457	23.0977	22.9472	23.4015	23.1507	23.1008	23.336	22.8734	23.176	23.0981	22.6054	23.2463	23.0813	23.2063	23.1319	22.9568	23.3669	22.8074	23.3037	22.9448	22.9685	22.8801	23.2622	22.9343	22.6448	22.8715	23.1523	22.984	22.8901	23.1007	22.7735	23.1769	22.9641	23.233	22.7851	22.5021	23.2161	23.7024	23.4383	22.9397	23.1711	23.2123		23.4699	23.1396	23.0775	23.225	23.2392	22.8227	23.0052	22.9103
PROT_0458	18.2112						18.7939					18.5511											17.6327			17.8305						17.577	17.0182			18.0643		17.3168												
PROT_0459	24.0676	24.2386	23.8468	24.0279	24.6743	23.9399	23.9203	24.0353	23.97	24.2659	23.8259	24.1925	24.2556	23.9895	24.0288	24.0428	24.4358	23.6961	24.0195	24.4303	24.3036	23.8598	24.0668	23.8838	23.8658	23.9419	23.7972	23.4752	24.2375	24.5302	23.9688	24.3802	23.2086	23.3423	24.1283	23.4396	24.0993	24.1521	24.3595	24.5301	23.7551	24.383	23.6147	24.0283	24.4661	24.517	23.9337	24.1265	24.2345	23.9941
PROT_0460	23.2085	22.9257	23.3042	22.6336	22.767	22.9371	23.0042	22.9304	22.5367	22.8471	22.7929	23.1239	23.1332	22.6282	22.5409	22.7793	23.363	23.2547	22.6863	23.441	23.1781	23.1356	22.9973	22.633	23.0191	23.224	22.8779	23.1661	22.8565	22.9062	22.8415	22.798	23.2523	23.0412	22.8576	23.1422	23.2568	23.1121	22.7109	22.9345	23.038	22.7069	23.3111	23.4078	22.9576	22.836	23.4451	23.3874	22.387	23.0703
PROT_0461	22.2623	21.8485	22.0461	21.6504	22.3922	22.5105	21.8374	21.7553	22.1329	21.737	22.307	21.746	21.9294	21.8234	21.5632	22.0361	22.0597	22.2399	22.0179	22.3292	22.3048	21.694	22.3047	22.224	22.0175	22.2934	21.9328	21.9481	21.8084	21.9503	21.9616	21.713	22.1613	22.1253	22.2415	22.006	21.5366	21.571	21.5673	21.7429		21.3427	21.7817	21.8964	21.9351	21.6225	21.5688	22.0262	21.6902	22.0411
PROT_0462	26.6248	26.3918	26.6974	26.6371	26.8135	26.8962	26.7444	26.8263	26.7012	26.8274	26.547	26.5239	26.5593	26.5585	26.5019	26.8496	26.7083	26.8901	26.724	26.8192	26.5556	26.4518	26.8031	26.6742	26.9121		26.5196	26.511	26.4672	26.5489	26.5271	26.6582	26.6921	26.4338	26.4031	26.5757	26.3968	26.4082	26.4672	26.6807	26.7879	26.5463	26.6557	26.7743	26.6691	26.8318	26.6164	26.5659	26.4403	26.6587
PROT_0463	23.717	23.2971	23.3554	23.674	23.3241	23.715	23.9177	23.4304	23.6431	23.6779	23.5677	23.5162	23.2177	23.8542	23.7049	23.5911	23.2812	23.407		23.1375	23.4736	23.4259	23.4928	23.5989	23.2677	23.2235		23.0123	23.767	23.6074	23.7729	23.5785	23.4809	23.4871	23.3393	23.2736	23.7008	23.5255	23.5038	23.5232		23.3942	23.3906	24.0538	23.3573	23.4738	23.5437	23.364	23.7214	23.0373
PROT_0464	25.5456	25.4764	25.6726	25.6959	25.8678	25.1779	25.9831	26.0675	25.8415	25.7753	25.8892	25.762	25.7429	25.7511	26.2982	25.8355		25.9508	25.7092	25.73	25.6019	25.6518	25.6756	25.9341	25.4604	25.5917	25.689	25.7075	25.5869	25.8525	25.7953	25.2647	25.8872	25.6572	26.0746	25.6049	25.7893	25.9023	25.679	26.2846	25.3515	25.6616	26.0276	25.9029	26.0098	25.5985	25.548	25.5993	25.8523	25.8256
PROT_0465	24.0349	23.6017	23.7224	24.1703	24.315	24.246	23.8164	23.9095	24.3303	24.0969	24.0352	23.8312	24.089	24.0257	24.045	24.2519	23.8491	24.1433	23.5384	24.0053	24.3838	24.8076	23.85	23.6841	24.5177	24.2645	23.8418	23.2546	24.1498	24.2504	24.2905	24.0171	23.4771	23.4959	24.0339	23.2773	24.1145	23.9913	23.9268	23.8483	24.3807	23.9416	23.6288	23.8219	23.9904	24.6701	23.9131	23.7527	23.7939	23.9004
PROT_0466	21.9736	21.8347	22.2867	21.7551	22.1228	21.8717	22.2232	22.4969	21.8142	21.8624	21.7587		21.8489	22.3244	21.3304	22.2066	22.3089	22.1172	21.8583	21.7033	22.148		21.9203	21.9259	22.1121	22.1956	21.9216	21.9047	21.6891	22.1549	21.9885	22.041	22.6578	21.4639	21.7125	21.6979	21.9913	22.1737	21.7117	21.878	21.6166	21.939	21.7891	21.5737	22.3391	21.7364	21.892	22.0863	21.5006	21.6829
PROT_0467	23.8372	23.9388	23.5148	23.5311	23.5505	23.528	23.7308	23.3613	23.9387	23.882	23.6146	23.8037	23.8851	23.7656	23.3926	23.5311	23.3065	23.3849	23.651	23.7206	22.6805	22.5756	23.5431	23.6576	23.7009	24.0305	24.0512	23.8552	24.367	24.2422	23.8179	23.3836	23.554	23.6552	23.866	23.537	23.8721	23.7304	23.8525	23.7761	23.7585	23.9356	23.7475	23.601	23.7051		23.7861	23.1919	23.8995	23.3545
PROT_0468	23.014	22.6274	22.5392	22.2947	22.5862	22.7688	22.628	22.557	22.9372	22.9293	22.4325	22.7541	22.4672	22.3635	23.0493	22.8884	22.7268	22.7354	22.5604	22.3971	22.7042		22.4756	22.7185	22.785	22.8739	22.6781	22.0892	22.6389	22.3249	22.4127	22.6708	22.7997	22.2219	22.5424	23.2623	22.625	22.3374	22.9098	22.7657	22.7009	23.0856	22.752	22.7704	22.6007	22.5353	22.2777	22.2099	22.8119	22.9886
PROT_0469		18.0705	18.0174	18.1098	18.816				19.089			17.754		18.1353	17.7488	18.5805	18.2244		17.9792	18.3647						18.4469	18.6016	17.7205				17.7479	18.1893					19.3435	18.2002		17.3284		18.5771							17.8629
PROT_0470	25.4845	25.3213	25.5985	25.944	25.4825	25.5629	25.5981	25.5507		25.2124		25.4545	25.4523	25.715	25.3046	25.289	25.5	25.3113	25.5485	25.2599	25.4801	25.2147	25.2638	25.3258	25.2265	25.163	25.3135	25.6075	25.202	25.1314	25.4745	25.3358	25.403	25.6014	25.4415	25.3031	25.3163	25.306	25.4619	25.042	25.1515	25.4168	25.0057	25.4553	24.9055	24.8731	25.5675	25.1711	25.6104	24.984
PROT_0471	26.9903	27.1075	26.7565	26.7743		26.8463	26.6676	26.7736	26.8245	26.4114	26.8733	26.9518	27.3192	27.092	27.0295	27.1054	27.2036	26.9802	26.8178	26.852	25.9627	26.083	27.0351	26.7521	26.9817	26.6764	26.8174	26.7702	26.7152	26.7612	26.6431	27.0357	27.0957	26.712	26.773	26.6126	26.8473	26.8758	27.1265	26.8248	26.9487	27.065	27.0389	27.013	26.7883	27.0435	26.9291	27.048	26.7837	26.6066
PROT_0472	27.4668	27.8224	27.6278	27.4849	27.426	27.7005	27.834	27.6715	27.7228	27.4919	27.2785	27.7427	27.4685	27.6652	27.6131	27.4077	27.7154	27.1294	27.7815	27.9121	27.7351	27.4984	27.6043	27.3854	27.4692	27.3971	27.5194	27.3589	27.7364	27.6474	27.2427	27.5434	27.4585	27.8621	27.6036	27.5354	27.8144	27.6606	27.9528	27.5722	27.5245	27.5301	27.429	27.7242	28.4277	28.21	27.7275	27.4148	27.8444	27.595
PROT_0473	21.8354	21.6396	21.9652	21.7479	21.4776	22.1084	21.6921	21.6474	21.9407	21.4671	22.2514	21.8784	21.7528	22.0133	22.0641	21.6752	21.8827	21.4175			22.1022	21.3127	21.7908	22.2074	22.1362	21.8015	21.9147	21.6924	21.735		21.8686	22.1477	21.4157	22.2435	21.9833	22.0171	21.6095	22.0097	22.1966	21.6393	22.037	21.9955	21.9604	21.9884	21.3583	22.0778	21.6032	21.7223	22.0667	
PROT_0474	25.7569	25.8916	25.6921	25.7302	25.7698	25.7587	25.7288	25.7317	25.7676	25.4162	25.9612	25.8877	25.4305	25.57	26.0451	26.0474	25.8793	25.5187	25.658	25.904	25.798	25.4704	25.7233	25.9018	25.6596	26.0657	25.3638	25.3758	25.6571	25.7109	25.6478	25.3349	25.5036	25.5287	25.4517	25.7772	25.8054	25.4984	26.3339	25.6563	26.0693	25.6338	25.2387	25.724	25.538	25.9043		25.6242		25.2861
PROT_0475		19.9057		18.8754	18.703	19.8317		19.5643	19.5501		18.7571	19.8738	19.7101	19.323	18.6959	19.5233		19.5495	19.6485	19.3798	19.3603	19.4617		19.4067		19.6841		18.8089	19.2102	19.8624		19.3017	18.9464		19.4613		19.6895	20.0046	18.3128	19.2486	19.3357	20.518	19.4655	19.0878		20.4309	20.3739	19.9578	19.8847	
PROT_0476	26.0552	25.8875	25.796	26.2296	25.661	25.6285	26.2648	26.0816	26.2502	25.4803	25.9642	25.8871	26.2031	26.2241	25.814	26.1013	26.2269	26.0135	26.3769	25.759	26.1988	26.1585	25.8388	26.2311	25.9801	26.0661	26.0749	25.9575	26.1056	25.9754	25.8205	25.9207	25.8686	25.9959	25.9873	26.2167	25.7698	26.2471	26.0072	26.1004	25.4624	25.4089	25.3354	25.2556	25.46	25.754	26.1005	25.8529	26.4713	25.9561
PROT_0477	23.1024	23.4562	23.0662	23.1603	23.1386	23.4867	23.3745	23.7049	23.1971	23.5994	22.9785	22.9974	23.2498	23.066	22.9988	23.415	23.2609	23.6717	22.7085	23.3214	23.4093	23.415	23.5571	22.7617	22.9742	23.1986	23.1716	23.0079	23.1251	23.475	22.776	23.2134	23.5419	22.5754	23.1273	22.8055	22.7939		23.367	22.9254	23.1685	23.0155	23.5072	22.8427	23.1231	23.122	23.48	23.48	23.0821	23.1265
PROT_0478	26.5415	26.4631	26.6144	26.4863	26.5016	26.7152	26.4756	26.5373	26.7851	26.3579	26.4633		26.8872	26.5666	26.6254	26.5228	26.4044	26.1976	26.6424	26.2917	26.7198	26.6112	26.7552	26.399	26.7488	26.6271	26.4983	26.6561	26.7288	26.309	26.663	26.6341	26.7162	26.4839	26.5166	26.465	26.3469	26.578	26.3729	26.7568	26.6914	26.4894		26.454	26.1939	26.5871	26.8086	26.4884	26.6354	26.3974
PROT_0479	24.8023	24.5585	24.7512	24.7336	25.003	24.8327	24.5837	24.8466	25.0763	24.8813	25.0369	24.8025	24.9944	24.7309	24.9422	24.9052	24.7258	25.0533	24.9017	25.0484	25.1418	24.2819	24.9988	24.9059	24.8735	25.005	24.6163	24.5986	25.0271	24.9933	24.7566	24.8069	25.0692	25.1275	25.1556	24.9907	24.7724	24.671	25.3579	25.1791	24.9994	24.6835	24.9626	24.73	24.9976	24.9358	24.3276	24.7919	24.9493	25.0388
PROT_0480	20.0228	20.7522	20.032	20.5416	21.148	21.2161	21.2915	21.3439	21.1868	20.915	21.1964	21.1781	21.3464	21.0996	20.9299	21.0188	21.2404	21.6834	21.1396	20.9257	21.1752	21.0191	20.9301	20.9729	21.6123	20.922	21.2775	21.0009	21.061	21.0368	20.9296	20.9298	20.9763	20.9479	20.8838	20.8776	20.8344	21.1898	20.3759	21.2575		20.5706	21.1061	20.7735	20.4521	21.2805	20.9213	21.1915	21.6972	20.8405
PROT_0481	22.5099	22.3309	22.3617	22.3826	22.2088	22.2097	22.5513	22.0777	22.021	22.7836	21.8521	22.5744	22.3719	21.7315	22.8485	22.5222	22.243	22.3291	22.127	22.1578	22.313	22.3214	22.3162	22.5624	22.1741	22.0652	22.4077	22.1502	21.9639	22.6241	22.2343	22.0867	22.596	22.6481	22.7941	22.8828	22.7583	22.1807	21.8458	22.5044	22.442	22.4669	22.0158	22.1562	22.3257	21.8856	23.436	23.2556	23.3993	23.2876
PROT_0482	22.154	21.7645		22.0646	21.6699	21.8916	21.9333	22.0728	22.2687	21.9595	22.3317	22.4155	22.5229	21.6088	21.8226	21.9451	21.5294	21.4764	21.1643	21.5478	21.7447		22.6288	22.1839	22.3642		22.0069	21.9426	22.3111	22.5158	22.2892	22.0977	22.0546	21.8376	22.4886	22.1818	21.4846		21.9767	22.1336	21.7241	22.0589	22.3085	21.7194	22.1785	21.7474	22.3066	22.3719	21.7339	21.9232
PROT_0483	24.5947	24.3822	24.9847	24.6833	24.3525	24.7837	24.8854	24.9476	25.016	24.4263	24.6843	24.2612	24.5549	24.5364		24.7334	24.9217	24.5899	24.6805	24.1675	24.6524	24.7354	24.2016	24.6163	24.3695	24.8165	24.4565	24.3242	24.8873	24.1552	24.6838	24.4919	24.6676	24.592	24.4284	24.6245	24.434	24.6278	24.5912	24.4941	24.4097	24.5475	24.3153	24.8088	24.143	24.7452	24.3725	24.4059	24.9131	24.4587
PROT_0484			25.6934	26.1211	25.8289	26.0007	26.0832		25.9799	25.7245	26.0026	25.8757	26.1603	25.862	25.8681	26.3917	25.8224	25.9553	26.0154	25.8603	26.209		25.9464	25.7745	25.9144	26.5655	25.9595	25.6402	25.9154		25.9776	25.8477	26.0178	25.6737	26.4381	26.3311	25.9005	26.2502	25.8471	25.7221	26.078	26.2444	26.3761	26.0145	26.0186	25.9874	26.0527	26.1142	25.688	25.946
PROT_0485					18.5536	18.8246			18.8641				18.6883	18.8253	18.9681	19.282		18.177	18.6089	19.3845					19.4676		18.1265	18.3753					19.7753	18.6465	18.5632				18.9193	18.2887				20.0195	19.5978		19.1623	19.6265		18.5471
PROT_0486	21.7162	21.3695		20.9934	21.5696	21.0479	20.8785	20.8936	21.5847	21.215	20.7195	20.993	21.4088	21.6245		21.3959	20.9345	20.7197	21.0819	21.527	21.5837	20.8038	21.2897	20.4543	21.2666	21.6049	20.6685		20.6578	21.5567	21.4188	21.0883	21.3406	21.5296	21.9022	21.6621	20.7476	20.6962	20.4912	20.9763		20.4728	21.1654	21.0546	21.1308	21.5151	20.689	21.2634	21.4099	21.2385
PROT_0487	24.0987	23.8083	23.8551	24.121	24.3744	23.9654	24.6759	23.9891	24.307	24.2215	23.8558	24.2497	23.7522	24.3136	24.7882	24.4502	24.2857	24.1838	24.2354	23.9229	24.1682	24.2571	24.029	24.1838	24.4375	24.2006	24.1665	23.9096	24.4569	24.2361	24.0499	24.0008	24.0786	24.3144	24.5066	24.0121	24.4306	23.6569	24.2908	24.0298	24.2446	24.0615	23.8951	24.1285	24.2307	24.2907	24.1323	24.133	23.7772	23.9285
PROT_0488	21.8466	21.6409	21.5825	21.3822	21.1378	20.8301	21.6542	21.0158	21.1104	20.8906	19.9924	21.0939	21.4919	21.1301	20.9121	21.5162	21.6535	21.531	21.2802	21.0865	21.2491	21.6526	21.516	21.1803	21.3808	21.7973	21.9295	21.8126	21.2835	21.3282	21.0542	22.4502	21.0096	21.1955	21.7187	21.5946	21.6276	21.6802	21.0847	21.5232	21.6769	21.8231	21.5643	21.1349	21.1982	21.1951	22.0645	22.0685	20.9346	20.9029
PROT_0489	22.3989	22.3519	22.7683	22.5399	22.6752	22.5935	22.652	23.2935	23.2004	22.8811	21.5245	21.2487	22.9053	22.7469	23.0072	22.3108	22.3792	22.3205	22.9741	22.5873	22.2734	22.5453	22.3267	22.4907	22.536	22.4542	22.8065	22.4855	22.2739	22.5053	22.1718	22.3689	22.6846	22.8982	22.4986	22.5537	22.5372	22.575	22.7017	22.9289	22.2977	22.3933	22.8138	22.3574	22.3024	22.596	22.2848	22.5157	22.7822	22.1027
PROT_0490	23.2716	22.7266	22.5988	22.7694	22.5276	22.9101	23.0072	22.8946	22.5141	22.6018	22.5336	23.0006	22.9419	22.8427	22.9181	22.9499	22.687	22.6711	22.5879	22.6266	23.1292	22.7921	23.0214		22.6636	22.9096	22.3806	22.6767	22.8704	22.8143	22.7751	22.9294	23.5666	22.7377	23.074	22.9556	23.4569	23.2206	22.6959	22.8167	22.8112	23.2107	23.7577	23.8611	23.7354	23.2073	23.1507	22.8997	23.05	
PROT_0491	23.2825	23.8547	23.5653	23.6405	23.5437		23.4761	23.6743	23.8187	23.562	23.5448	23.5552	23.3278	23.3914	23.5961	23.6887	23.5866	23.6009	23.2451	23.6942	24.4722	23.9285	23.9048	23.9743	23.7057	23.3231	23.6594	23.5049	23.3678	23.714	23.1341	23.2791	23.7173	23.9989	23.5536	23.1782	23.9112	24.0359	23.3678	23.7672	23.5163	23.4741	23.405	23.5862	23.6759	23.5238	24.0412	23.5748	23.3543	23.775
PROT_0492	24.4913	24.3408	24.5692	24.5782	24.428	24.1558	23.937	24.3527	24.369	24.1586	24.2377	24.3114	24.4527	24.1479	24.19	24.5003	24.5484	23.9165	24.5799	24.3181	24.6047	23.8933	24.1805	24.0721	24.3454	24.2757	24.1144	24.0271	24.3848	24.7451	24.1552	24.0925	24.3144	24.3803	24.5554	24.2276	24.0743	24.5711	24.2817	24.5796	24.4596	24.6618	24.7522	24.4911	24.1925	24.0989	24.7892	24.5467	24.0938	24.2958
PROT_0493	23.4055	23.0119	22.8996	22.898	23.0012	22.651	22.8869	22.835	22.9522	23.346	22.8458	22.9974	22.9548		22.935	23.0964	22.9422	22.8002	22.6498	23.0102	23.0663	22.8275	22.7157	22.462	22.2722	23.0886	22.6851	23.2641	22.6235	22.682	22.8271	23.0677	22.9786	22.5535	23.0053	23.075	22.7913	22.997	23.0956	22.8288		22.7874	23.0356	22.6114	22.8872	22.8897	22.9599	22.9768	22.9882	22.7161
PROT_0494	24.0022	23.9787	24.2471	24.2232	24.0306	24.3601	24.4192		24.0222	24.0707	24.0767	23.885	24.2499	24.0758	23.7886	24.3641	24.2154	24.6407	24.0439	23.6469	24.0669	24.258	24.1524	24.0692	23.9716	24.3776	24.0264	23.8581	24.4369	23.7798	24.2862	24.1147	24.5738	24.0958	24.0492	23.9579	23.8897	23.8776	23.7828	23.8658	24.3538	24.1751	24.2046	24.0386	24.0708	24.55	23.8725	24.1507	23.9803	23.9188
PROT_0495		19.9497	19.2078	19.9237	19.9901	20.0048	20.1297	19.6703	20.5669			19.8902	20.31	19.9562	19.6494	20.0707	20.1633	19.6835	19.0653	20.5382	19.7991	20.0937	19.7103	20.1554	20.3634	20.5375		19.5346	19.5322	20.7106	20.0588	19.7786	19.9913	19.6518	20.6998	19.9898		20.3989	20.4555	19.5618	19.788	19.6627	20.3077	20.5741	19.7501	19.4552	19.749	20.1632	20.3976	19.7567
PROT_0496	21.8791	21.8678	21.7021	22.0918	22.5455	21.8882	22.0796	22.436	21.9208	22.0414	21.7324	22.0233	21.9247	21.7127	22.565	22.1012	22.0851	21.8721	22.2356	21.9252		21.6797	22.1022	21.9684	22.2517	22.3054	21.7533	22.0951	21.9776	22.3378	21.8867	21.9495	21.9825	21.5982	21.8661	22.0955	21.6681	21.7531	21.6138	21.8844	22.036	21.6892	21.8796	21.8617	22.4295	22.1846		22.1513	22.2734	22.2401
PROT_0497	21.8623	21.5396	22.1429	21.7331	21.5644	21.6399	21.4713	21.3044	21.5659	21.7179	22.1989	21.6395	21.7107	21.3348	20.8268	22.0002	21.6283	21.2734	21.9032	21.5249	21.5589	21.5754	21.4418	21.5938	21.2377	21.8963	21.8235	21.5863			21.377	20.8399	21.6145	21.3714	21.619	21.4921	21.798	21.7095	21.9473	21.4134	21.6577	21.712	21.4886		21.0762		21.6983	21.3828	21.9461	21.7471
PROT_0498	25.2709	25.5448	25.5175	25.4363	25.7462	25.2792	25.6805	25.4454	25.5147	25.8143	25.0649	25.4244	25.5235		25.6472	25.6228	25.4897	25.7012	25.5132	25.5855	25.5362	25.635	25.5786	25.3406	25.6175	25.289	25.5328	25.4751	25.4924	25.5834	25.2851	25.3915	25.7242	25.0847	25.7095	25.4616	25.4131	25.461	25.5405	25.6243	24.7458	25.5935	25.3787	25.4896	25.3705	25.1809	25.6951	25.7105	25.4018	25.1139
PROT_0499		22.5267	22.2025	22.3417	22.0943	22.0715	22.6581	22.0885	22.7813	21.6625	22.1759	22.1893	22.1602	22.2619	22.3544	22.3672	22.735	22.377	22.1306	22.1427	22.5938	22.5535		21.6985	22.3459		22.7293	21.9421	22.1904	21.654	22.3941	22.5228	22.4807	22.287	22.5595	22.4187	21.9908	22.5489	22.3005	22.3542	22.2572	22.3887	22.8116	21.7292	22.217	22.085	22.4808	22.156	22.3775	22.5468
PROT_0500	24.3827	23.8518	24.2794	24.4219	23.9273	24.2684	24.2739	24.2742	24.6301	24.2763	24.3721		24.3159	24.5296	24.0364	24.2631	24.2448	24.769	24.3899	24.3208	24.6341	24.0614	24.3952	24.358	24.3827	24.3375	23.8984	24.2965	24.5907	24.3935	25.2023	24.2426	24.2559	24.0906	24.1825	24.4588	24.3146	24.3013	24.6258	23.9666	24.5264	24.3643	24.0881	24.1335	23.9331	24.7751	24.3317	24.5762	24.6191	24.3712
PROT_0501				18.5271							17.7284	18.6886		18.1005		18.5512	17.4307										18.0194									17.9514													18.3524	
PROT_0502	19.5292	19.7396		19.0502	19.2124		19.6753	19.9906	18.7643	19.9725	19.4834	19.8145	19.0678		19.4438	19.7042	19.5689	19.7892	20.1642	19.438		19.3162	19.5042	19.3691		18.9158	19.8812	19.8042	20.2937	19.2722		18.7597	19.0245	19.9449	19.6354		19.8538		19.1133		19.6889	19.649		19.4485	19.8535	19.2735	20.0822	19.7847	19.4902	19.8765
PROT_0503		19.2299	19.127	19.4983	19.1537		18.9216			19.1101				19.655		18.9728	18.7446	19.6377	19.1081	18.5411			19.0568	19.0228	18.7438				19.0203	18.654	18.8297	19.4487	18.6551		18.8422	19.6687	18.9775	19.8431			18.9183	19.7437		19.4897	18.9799	19.0099	18.9531	19.1303	19.4477	
PROT_0504	24.0434	24.5292	24.2359	24.5622	24.487	23.9496	24.5488	24.1841	24.6043	24.6816	24.1865	24.1941	24.1678	24.6393	24.8636	23.9819	24.5202	24.3489	24.5978	24.2715	24.7805	24.4752	24.5151	24.6555	24.4157	23.8853	24.0661	23.8793	24.942	24.5686	24.3084	23.9281	24.3282	24.5796	24.7914	23.9664	24.2539	24.3042	24.3532	24.8274	23.9385	24.7717	24.0247	24.2054	24.3973	24.0348	24.7837	24.316	24.6127	24.4184
PROT_0505	21.447	21.2802	21.1582	21.1453	21.3181	21.2159	20.7831		20.9533	21.397	21.2823	21.1097		21.1649	21.1192	21.3687	21.4319	20.0578	20.9675	21.1598	20.7763	20.7214	20.2368	21.1871	21.0718		21.1944	21.0626	20.6541	21.0179	19.7302	19.7948	20.5295	21.0827	21.699	20.867	21.2298	20.7637	20.5718	21.0671	21.0381	20.6429	20.697	21.1854	21.0713	21.1901	21.0489	21.0137	21.2135	21.3767
PROT_0506	24.0027	24.0676	24.0008	23.8178	24.1991	23.9646	24.3922	23.8518	23.8033	23.8473	24.0911	24.0933	24.4168	24.1654	23.8722	24.183	24.0106	24.2138	23.97	24.1913	24.5559	24.2294	24.2839	23.7747	24.1103	24.2401	23.789	24.11	24.1356	24.1842	23.7543	24.2014	24.1963	24.0169	24.5852	24.3592	24.1172	23.7746	23.867	24.0539	24.0559	24.3701	23.6488	23.8572	24.0255	23.944	24.1876	23.926	23.9964	24.35
PROT_0507	20.5983	19.9824	21.0995	20.9637	20.8839	20.7799	20.8448	20.5352	21.0547	21.0227	21.394		20.7374	20.8397	20.275	20.6054	20.71	20.5354	20.7425	20.5711	20.9086	20.3828	20.903	20.9418	20.7791	21.0573	20.7337	20.374	21.2778	20.9962	20.2763			20.6174	21.2647	20.8604	20.5601	20.2543		20.4707	21.379	20.8632	20.9857	20.4197	20.7933	20.9381	20.632	21.0036	21.2385	21.0152
PROT_0508	23.1762	23.8499	23.4355	23.1518	22.8616	23.2515	23.7938	23.6626	23.6056	23.3027	23.0814	23.8149	23.1043	23.4601	23.6311	23.4162	23.8864	23.3366	23.5348	23.3391	23.2018	23.5646	23.6821	23.436	23.1106	23.4625	23.5725	23.3703	23.7596	23.6246	23.2089	23.9437	24.0376	23.2604	23.5738	22.9299	23.5593		23.6158	23.4249	23.6946	23.7874	23.285	23.3164	23.3473	23.2988	23.5821	23.3133	23.69	23.2695
PROT_0509	22.1706	21.6027	21.7897	22.3187	22.0122	21.5729	22.0674	22.2351	22.1914	21.3597	21.6112	22.2436	21.7113	22.0628	22.3987	21.5802	21.8506	21.975	22.0573	22.1283	22.0214	21.4604	21.4034	21.9581	22.0207	21.8895	21.9193	21.5156	22.0046	21.6664	21.5399	21.5139	21.2998	21.9335	21.9864	21.8953	21.9379	21.9917	21.8902	22.3888	21.5599	21.8036	21.816	21.8679	22.257	21.7941	21.7865	21.8972	22.4308	22.157
PROT_0510	19.4666			19.5265				19.6875		20.3288	19.8424	19.9577	19.5299		19.9635		19.5717	19.0705	20.3316	19.9144	19.7322	19.6467					19.5483			18.9152			19.1531	19.7791	19.4856		20.0731	19.1616	20.1079	18.5834	19.1402	18.9051	19.5499	19.2984	18.9988	19.3982		18.939	19.8541	
PROT_0511	25.1154	25.0487	24.6187	24.9651	25.0783	24.8384	25.2102	25.1841	25.349	24.693	24.7772	25.0895	25.2427	25.1917	24.9925	25.0752	24.8501	25.0881	24.8853	25.104	25.2118		25.188	24.9482	25.0269	24.8293	24.697	25.0543	25.3684	25.0653	24.9771	24.9663	25.1968	25.1354	24.9757	25.1118	24.9423	25.428	25.0694	25.1881	24.9957	25.2705	25.0378	25.0618	25.0362	24.9565	25.1532	25.1149	25.314	25.3247
PROT_0512	23.8886		23.4653	24.0154	23.803	23.9061	23.4598	23.7443	23.9928	24.211	23.4785	23.7626	24.0423	23.7826	23.6767	23.9917	24.111	24.115	24.1382	23.5308	24.2847	23.7753	23.8708	23.63	23.8622	23.7825	23.8796	23.6837	23.636	24.0244	23.7638	24.1075	23.7989	24.1343	24.0872	23.8079	23.8317	23.8621	23.8004	23.9452	24.1959	23.6713	23.7695	24.0043	23.7126	23.8684	23.8635	23.7262	24.1277	23.6317
PROT_0513	23.7689	23.4542	24.0014	23.568	23.3201	23.6672	24.2044	23.8516	23.8772	23.6283	23.9553	23.8825	24.013	23.8007	23.9099	23.9602	24.0515	23.5019	24.6539	24.6031	23.9323	23.595	23.5352	23.8272	23.8735	23.8689	23.5491	23.5184	23.4134	23.8196	23.5552	23.6203	23.8118	23.7515	23.5944	23.7933	23.6161	23.7177	23.8767	23.883	23.9422	23.7319	24.0451	23.6616	23.9351	23.7075	24.0129	23.7493	23.8975	23.3608
PROT_0514	23.5963	23.9305	24.3348	24.2227	24.168	24.0941	23.7794	23.6761	24.2855	23.7676	24.112	24.0875	24.0248	24.1871	23.9284	23.8973	24.2592	23.9712	24.1333	23.9459	24.2677	24.0112	24.1517	24.0253	24.0742	24.3647	24.0259	23.7117	24.1706	24.064	23.8308	23.9233	24.354	24.0816	24.0001	24.1483	24.382	24.0498	24.3817	23.7586	23.8278	24.2693	24.0543	24.2876	24.4223	24.1043	23.9435	24.0952	24.4286	24.0547
PROT_0515	21.4067	21.9685	21.5488	22.1194	21.6818	21.7708	22.103	22.153	21.6769	21.4214	21.2232	21.9222	22.4586	21.9011	21.606	21.5985	21.3316	21.6667	21.9792	21.418	22.0381	21.9379	21.4042		21.8075	21.9128	22.078	21.2802	21.5578	21.8786	21.8381	21.6886	21.8899	21.3798	21.8744	21.4799	21.4372	21.2493	21.7733	21.7015	21.5378	22.2723	21.9245	21.6786	21.729	21.6895	21.9423	21.3081	22.0304	21.8007
PROT_0516	23.1679	22.9037	23.6154	23.4565	23.3291	23.1222	23.2058	23.4155	23.2193	23.1557	23.2396	23.4447	23.5715	23.7167	23.4841	23.132	23.234	23.035	23.0233	23.1456	23.1912	23.5664	23.1864	22.9408	23.1062	23.5143	22.9349	22.9273	23.1871	23.2956	23.2009	23.1031	23.344	22.9787	23.0434	22.8083	23.2689	23.2486	23.1091	23.7222	23.1563	23.2733	23.0556	22.9818	23.3112	23.0898	23.1681	23.2548	23.4119	23.3017
PROT_0517		20.9721	21.4562	21.1364	20.9115	21.0692	21.5859		21.0775	21.3783	21.1908	20.9932	21.6464	21.568	21.4586	21.4386	21.1567	21.0565	21.3707	20.7664	21.4097	20.3019	20.5778	21.2528	21.2349	21.0302		21.0527	21.0046	21.014	21.2479	20.73	21.2278	21.1808	21.1026	21.2346	20.8577	20.9813	21.2316	21.1812	21.8099	20.7906	20.9777	20.5017	21.0328	21.2569		21.0217	21.578	21.5196
PROT_0518	24.6895	24.5023	24.5614	23.9656	24.3197	24.2309	24.5438	23.8831	24.1581	24.2039	24.4506	24.4899	24.2631	24.2619	24.4762	24.2761	24.5512	24.2354	24.2496	24.4948	24.1433	24.5224	24.5025	24.205	24.0966	24.3089	24.5731	24.4032	24.3757	24.5667	24.3762	24.6586	24.176	24.4865	24.4327	24.1691	24.5905	24.1632	24.4798	24.7311	24.4134	24.3966	24.334	24.445	24.4585	24.4058	24.8377	24.443	24.447	24.3372
PROT_0519		19.1831		19.9027	19.6256	19.913	20.5571	19.4666	19.4529		19.5347		19.1924	19.7187		19.0774	19.3877		19.6301	19.0801	19.2869	19.1254	19.1128	19.6017	19.605	19.4318	19.4065	18.8028	19.1207				19.3281		19.216		18.9547		19.5744	18.7129	19.7592	19.5947	19.0093	19.2805	18.8457				18.4016	19.0468
PROT_0520	28.0841	28.1547	27.9736	27.7853	28.0062	27.8964	27.8976	27.8188	27.8556	27.7785	28.1839	28.4187	27.7961	27.8124	27.8149	28.1922	27.7594	27.6602	28.0214	27.7552	28.0159	27.7845	27.7312	27.875	27.8307	28.0085	28.2092	27.6934	28.0047	27.8633	27.755	27.8055	27.7761	27.7652	27.8593	27.7716	27.7148	27.4555	27.9676	27.6542	27.9793	27.9008	27.9064	27.7951	28.103	28.0048	27.6761	27.5666	28.1454	27.9076
PROT_0521	24.8261	24.5398	23.7189	24.2974	24.1413	24.5165	24.8573	23.9385	24.5091	24.6006	24.5803	24.3626	23.9047	24.3667	24.3557	24.4566	24.9392	24.2269	24.7618	24.1643	24.6561	24.6621	24.1232	24.2574	24.502	24.205	24.0745	24.0424	24.1514	24.0652	24.1339	24.4959	24.3179	24.2426	24.4128	24.3417	24.4349	24.2926	24.482	24.5044	24.3157	24.0532	23.9021	24.2657	24.2221	24.4276	24.6053	24.1709	24.4636	23.9127
PROT_0522	23.7845	23.864	24.0915	23.9739	23.9876	24.0436	23.8378	23.619	23.6583	23.7437	24.5844	24.4465	23.6023	23.6936	23.6473	23.8438	23.8167	24.0363	23.9163	23.42	23.6635	23.9267	23.697	23.56	23.638	23.5221	23.6735	23.9288	23.8431	23.5628	23.5242	23.643	23.6169	23.5963	23.5642	23.8899	24.0001	23.9689	23.3708	23.8878	23.734	23.69	23.5858	23.566	23.4352	23.743	23.8558	24.4534	24.3144	23.8688
PROT_0523	20.3555	20.4759	20.4383	20.3252	20.762	20.8158	20.5345	20.9408	21.0532	20.3657	20.4625	20.3297	20.731	20.7658	20.861	20.2702	20.838	20.2264	21.0186	20.5596	20.4569	20.9153	20.1223	20.3637	20.211	20.9564	20.4131		19.9116	20.848	19.7558	19.6887	20.6461	20.3357	20.592	20.0879	20.8827	20.0187	20.9017	20.1793	20.451	20.7783	20.2348	20.9142	20.62	20.8192	20.7477	21.1073	20.603	21.1581
PROT_0524	27.3584	27.3245	27.4468	27.1096	27.8362	27.1322	27.3141	27.5984	27.6842	27.7157	27.2254	27.3635	27.397	27.5361		27.586	27.7088	27.5254	27.3781	27.6119	27.6124	27.2984	27.4685	27.2775	27.3933	27.4518	27.3097	27.2502	27.6326	27.4563	27.1914	27.1271	27.6604	27.4264	27.6667	27.2224	27.2973	27.4127	27.5863	27.6835	27.3106	27.5339	27.5089	27.1932	27.7121	27.5539	27.4154	27.6786		27.4229
PROT_0525	24.5714	24.6427	24.8726	24.3868	24.5157		24.6403	24.3809	24.2798	24.4483	24.7798	25.0336	24.9834	24.3197	24.6256	24.6219	24.5903	24.4007	24.2694	24.5286	24.9902	24.414	24.7634	24.2438	23.9752	24.4268	24.7592	24.7759	24.5171	24.5972	25.0165	24.4808	24.9676	24.4708	24.348	24.6438	24.6707	24.8044	24.6956	24.7678		24.5141	24.6318	24.3299	24.5221	24.8959	24.7334	24.7545	24.2104	24.8081
PROT_0526	25.4157	25.4803	25.7178	25.3725	25.385	25.0842	25.5545	25.509	25.5213	25.3329	25.1554	25.5349	25.352	25.2163	25.7242	25.4025	25.4028	25.4728	25.8919	25.7046	25.3676	25.4695	25.6062	25.4728	25.46	25.1487	25.1108	25.2834	25.5301	25.5846	24.9459	25.2699	25.2803	25.2147	25.5799	25.1812	24.7632	24.5222	25.5123	25.6721	25.5935	25.6076	25.3343	25.3958	25.2614	25.6258	25.2832	25.5965	25.6026	25.4992
PROT_0527	24.4793	24.4511	24.9963	24.7355	25.8699	25.9772	24.8698	24.7488	24.7503	24.2513	24.1618	24.6805	24.6252	24.8565	25.8042	25.4041	24.9409	24.6086		24.4875	24.561	24.2558	24.3509	24.9112	25.5616	25.3436		25.0364	24.825	24.7082	24.5094	24.4665	25.2855	24.8674	25.4716	25.6558	24.5993	24.8397	25.3443	25.1641	24.5211	24.5797	25.097	25.0668	25.3467	25.5316	25.0818	24.9666	24.6531	24.6496
PROT_0528	24.8399	24.7323	25.2521	24.9077	24.3699	25.0939	24.7039	25.0026	25.0031	24.4864	25.2107	24.8044	25.1162	25.2381	24.5995	24.8953	25.0463	25.061	24.6608	24.8854	25.1003	24.9504	24.8582	24.5711		25.3071	24.5199	24.8204	24.5897	24.7272	24.945	24.6427	25.1326	24.5275	24.8067	24.8394	24.8442	24.716	25.1055	24.553	24.7881	24.8459	25.1072	25.0941	24.2737	24.98	24.9214	24.7516	25.0925	24.8031
PROT_0529	25.8649	25.9761	26.2755	26.6224	26.3756	26.4283	26.3765	26.3183	26.5689	26.4176	26.5222	26.5455	26.746	26.4733	26.712	26.4847	26.4628	26.2726	26.409	26.6423	26.3239	26.1861	26.7227	26.4804	26.5203	26.5775	26.2297	26.3175	26.4921	26.8363	26.4055	26.2889	26.7966	26.4043	26.4754	26.46	26.3996	26.7291	26.5524	26.4542	26.117	26.5458	26.6261	26.6177	26.618	26.5901	25.8993	26.3401	26.3997	26.5582
PROT_0530	23.0888	22.6124	22.7796	22.8932	22.4912	23.224	22.7784	23.2535	23.2807	23.1686	22.9504	22.8934	23.5439	22.9052	23.7657		22.4095	23.1551	22.2167	22.082	22.7702	22.926	22.8896	22.6207	22.9522	22.7278	22.7065	22.7218	23.1014	23.1321	22.8553	22.5252	22.9977	22.4347	23.3232	23.2502	23.0513	23.0485	22.7674	23.0199	23.1296	23.3018	23.0097	22.8639	22.4962	22.8975	23.3042	23.3203	23.2221	23.4099
PROT_0531	23.9656	23.7809	23.4994	24.1913	24.2919		23.7803	23.898	24.0453	23.8346	23.8799	24.1492	23.8544	24.0614	24.0042	24.2081	23.9753	24.0069	24.1319	23.8025	23.3309	23.592	24.006	23.8857	24.0935	24.2114	24.1169	23.6996	24.0545	24.0726	23.804	23.7036	23.8452	23.9263	24.4495	24.0342	24.1732	23.8373	24.0323	24.2532	23.9169	24.0725	24.1352	23.9935	24.0058	23.8025	23.9061	23.8043	23.8033	23.8597
PROT_0532	22.4488	22.6859	22.7845	22.8858	22.6798	22.9993	22.8876	23.1159	23.0947	22.8708	22.4642	22.5977	23.102	22.8768	22.5828	22.889	22.5651	22.4457	22.8518	22.3763	23.3244	22.4107	22.7851	23.0852	22.8784	22.8227	22.5487	22.2805	23.0583	22.8313	22.9081	22.5365	22.9574	22.8879	22.7201	22.7235	22.6428	22.3772	23.0	22.8273	22.7984	23.0873	22.9894	23.1622	22.8929	22.7492	23.0225	22.5957	22.5891	22.2987
PROT_0533		23.4844	23.4262	23.2958	23.4399	23.6628	23.276	22.875	23.3993	23.3457	23.5539	23.4973	23.0297	23.037	23.4575	23.3973	23.9713	22.8978	23.0098	22.9997	23.7107	23.1657	23.2553	23.1112	23.2612	23.363	23.0701	23.3277	23.0761	23.5477	23.0865	23.6559	23.1975		23.274	23.0576	23.4345		23.4082	23.3046	22.9043	23.5649	22.9686	23.8758	23.4824	23.8421	23.6225		23.3161	22.9344
PROT_0534	25.41	25.5012	25.4194	25.8226	25.5321	25.3367	25.6952	25.3451	25.8115	25.3076	25.5703	25.354	25.8656	25.7729	25.4058	25.332	25.6138	25.2785	25.7398	25.5585	25.6499	25.4988	25.356	25.9287	25.4889	25.1456	25.794	25.4241	25.804	25.6444	25.2397	25.6889	25.5769	25.5841	25.4149	25.2646	25.4253	25.8994	25.5657	25.4485	25.4951	25.5661	25.5755	25.7065	25.4563	25.2736	25.4273	25.2765	25.8879	25.5812
PROT_0535	26.8154	27.0681	26.8174	26.7646	26.471	26.3005	26.6947	26.7673	26.6493	27.0977	26.9446	26.7402	26.901	26.7225	26.4831	26.6812	26.8946	26.7339	26.8936	26.678		26.972	26.9669	26.876	26.7329	26.7105	26.4982	26.5925	27.1435	26.8518	26.7421	26.4615	27.1328	26.656	26.382	26.5269	26.7723	27.0971	26.9505		26.8951	26.7746	26.6202	26.9046	26.5663	26.6902	26.9937	26.6504	26.8531	26.8341
PROT_0536	25.3934		25.1236	25.1887	25.5228	25.2994	25.245		25.3919	25.2066	25.1239	25.3367	25.3082	25.2696	25.2712	24.853	25.364	25.2281	25.0572	24.9016	25.1882	25.2913	25.6042	25.1475	25.4884	25.1025	25.1891	25.0043	25.1844	25.3692	25.1475	25.4489	25.3077	25.0573	25.2633	25.0232	25.323	25.2387	25.3592	25.1562	25.1513	25.3599	25.2767	24.9123	25.2294	25.2292	25.1316	25.3311	24.8641	25.307
PROT_0537	26.7902	26.7029	26.7956	26.4539	26.9069	26.1403	26.7023	26.6414	26.4652	26.5827	26.5515	26.7417	26.6261	26.5287	26.9433	26.3785	26.7587	26.5587	26.7148	26.7197	26.4957	26.6845	26.5812	26.5829	26.4212	26.5448	26.8847	26.3327	26.4699	26.6066	26.7953	26.6499	26.911	26.4171	26.7333	26.2708	26.5967	26.6952	26.6995	27.0577	26.523	26.5375	26.4699	26.5548	26.5572	26.9237	26.9003	26.4573	26.497	26.7267
PROT_0538	24.2723	23.9893	24.5975	24.3502	24.3541	24.3617	24.1845	24.3275	24.6425	24.0506	24.3929	24.1965	24.6428	24.0134		24.0557	24.0974	24.6093	24.17	24.3236	24.3292	24.1453	24.5876	23.8428		24.4042	24.1728	24.6895	24.0393	24.2481	24.2562	24.176		24.4653	24.2013	24.028	24.3863	24.2709	24.4285	24.5402	24.2005	23.8664	24.4005	24.2146	24.2014	24.1259	23.7124	24.5394	24.2121	24.0815
PROT_0539	19.9838	20.199	20.3857	20.7204	21.3946	20.9249		20.3821	20.6543	20.3804	20.8102	20.7258	20.9721	20.517	20.8157	20.8966	20.9176	20.6113	20.1807	20.579	20.2473	20.6872	21.0377	20.5753	20.7136	20.0858	20.5644	20.4126	20.7481	20.6253	20.6315	20.6897	19.9932	20.3209	21.2688	21.0729	20.6396	20.3296	20.0636	20.2908	19.7829	21.1159	20.5484	20.4909	20.8414	20.9083	20.1733	19.537	20.4701	20.5099
PROT_0540																						16.2221											17.0306										16.955						18.4998	
PROT_0541	21.9708	22.4348	22.1197	22.4179	22.3782	21.4796		21.8861	22.3545	21.5818	22.0156	22.0524	22.249	22.0587	22.3868	22.0004	21.7153	22.0559	21.8083	22.0414	22.3509	22.7376	22.4485	22.6008	21.9583	22.2832	22.2395	21.7527	21.814	21.742	21.8953	22.0703	22.1649	21.6016	21.9223	22.4215	22.4944	22.5858	21.8196	22.2931	22.1841	22.074	21.8036	22.0681	22.2561	22.1917	22.5942	21.6813	21.8268	21.8632
PROT_0542	21.4674	21.4808	20.4867	21.153	20.4299	20.0872		20.4403	20.0807	19.7407		21.1285	20.8238	20.0417	20.4444	20.0708	20.4947	20.6933	20.607	19.9579	20.5942	20.757	20.8481		19.9428	20.7095	20.6256	20.576	20.3779	20.5779	19.9122	19.9668	20.1319	20.3781	20.1978	19.9554	19.603	20.0594	20.7803		20.9993	19.7197	20.4627	20.3267	19.8052	20.5384	20.2444	20.7712	20.6648	20.0737
PROT_0543	17.6853	17.5473		17.275		18.3954	18.5367								18.0019						18.4831						17.7099	18.157	19.0631	18.226	19.1473						18.4672			18.2846		18.0428							17.6374	
PROT_0544	25.3634	25.5246	25.643	25.6436	25.6243	25.3359	25.9752	25.7248	25.8706	25.3234	25.6717	25.6278	25.3493	25.7855	25.9295	25.7031	25.509	25.1027	25.0071	25.3054	25.4318	25.4191	25.3479	25.4158	25.67	25.926	25.9669	25.4943	25.4284	25.5243	25.2417	25.1056	25.5345	25.5907	25.6814	25.7152	25.4129	25.5732	25.3053	25.2318	25.5808	25.8126	25.4559	25.6881	25.5348	25.5424	25.5749	25.2075	25.5182	25.2342
PROT_0545	24.0685	23.9489	24.4965	24.3183	24.3521	24.518		24.5946	24.3866	24.362	24.4411	24.2475	24.3576	24.5012	24.0769		24.3803	24.2509	24.3706		24.496	24.1962	24.3306	24.2246	24.6839	24.4251	23.9127	24.3032	23.8594	24.6159	24.4663	24.7229	24.6451	24.339	24.5667	24.6365	23.9591	24.4191	24.0513	24.4612	24.6012	24.301	24.1979	24.2816	24.4106	24.2116		24.4462	24.8725	24.6569
PROT_0546	21.9858	21.754	21.31	21.4888	22.1006	21.8841	21.8624	21.752	21.9717	22.3163	22.2527	21.9593	21.426	21.4932	22.4954	22.1207	21.9025		21.9253	21.9452		21.6108	22.2842	21.6642	21.9442	21.8978	22.5755	21.8739	21.3313	22.2121	21.9397	21.6791	21.7923	21.3461	21.937	21.9815	21.9157	21.7452	21.303		22.1913	21.9759	22.2942	22.3646	21.7735	21.7787	21.8504	21.9852	21.1774	22.01
PROT_0547																									16.6697																									
PROT_0548	21.3113	20.9898	20.9519	21.0127	20.7492	20.8857	21.4093	20.9562	20.826	21.0265	21.3961	21.0915	20.6258	21.1019	21.0832	21.5025	21.124	20.7822	21.1633	21.2411	21.5871	21.0324	20.9852	20.6573		21.237	20.8541	20.6184		21.556	21.2858	20.5773	20.5096	20.5285		21.0195	21.1475	21.0332	21.1017	21.0068	20.6453	20.8471	21.2339	20.8835		21.5412	21.1052	21.1822	21.2435	20.6665
PROT_0549									18.7336		18.093		17.7855	18.8987			18.6755				18.242		18.5354	19.2729					19.2788				19.0531		18.0797	17.8337			18.9448			19.2147	17.9989		18.4479				19.0285	19.3591
PROT_0550	25.5281	25.6399	25.4085	25.9203	25.5113	25.5208	25.7555	25.807	26.0287	25.7855	25.3543	25.2289	25.6993	26.0227	25.7816	25.6631	25.644	25.5075	25.6036	25.5115	25.7264	25.4911	25.8329	26.0748	25.6869	25.6814	25.5575	25.3019	25.9304	25.9793	25.4026	25.4055	25.4767	26.0057	25.6279	25.4342	25.646	25.8332	26.1212	25.8907	25.3567	25.5426	25.698	26.2649	25.6594	25.4388	25.6854	25.3543	25.7	25.311
PROT_0551	22.5366	22.009	22.5324	22.935	22.2261	22.2945	22.8793	22.1583	22.3021	22.0815	21.9024	22.3633	22.3126	22.748	22.1513	22.6662	22.5771	22.3909	22.0547	22.1656	22.6556	22.6232	22.0263	22.4221	22.2394	22.4491	22.9299	22.3558	22.3413	22.4808	22.1191	22.7089	22.4702	22.286	22.4045	22.3205	22.6649	22.4836	22.8739	22.4115	22.3412	22.4775	22.3406	22.2034	22.465	22.4088	22.3713	21.5906	22.8328	22.8577
PROT_0552	26.2087	26.0566	26.0642	26.0481	26.2329	25.7235	25.8046	26.1685	26.1182	25.825	25.9764	26.2445	26.0698	26.2098	25.9065	25.957	25.9645	26.0807	25.9628	26.2705	25.8394	25.7213	25.9417	25.6216	26.2162	25.9085	25.8254	25.9352	26.076	26.0574	26.3519	25.9617	26.176	26.1874	26.2813	25.7388	26.0398	25.9436	26.263	26.0562	25.8511	25.9199	26.205	26.5249	25.7379	26.0465	26.0123	25.9618	26.2682	26.4179
PROT_0553												18.2511			16.9396					17.8485																									16.6701					
PROT_0554	18.8268	19.4299		18.9574	18.7739		19.1456	18.7253	19.2041	18.5098	18.1146	19.3782				18.3928	18.6945											19.2019	19.3873		18.4832			19.3925	18.6329			19.1186	18.4408	18.6026		18.0455		19.4171		18.8939	19.2582		18.8713	19.0781
PROT_0555	24.4957	24.3499	24.3441	24.4342	24.4315	24.4945	24.5008	24.5844	24.7475	24.9374	24.503	24.4458	24.854	24.6303	24.4559	24.7776	24.4183	24.8917	24.3602	24.6587	24.6798	24.6892	24.6834	24.3733	24.4409	24.3557	24.572	24.5432	24.5853	24.619	24.4318	24.7742	24.8581	24.4542	24.3281	23.9902	24.6663	24.6208	24.6801	24.7537	24.5645	24.6884	24.4516	24.4961	24.218	24.7907	24.8068	24.5921	24.3977	24.5764
PROT_0556	24.4683	24.5515	24.3973	24.6927	24.9242	24.3689	24.642	24.4897	24.6492	24.6595	24.3552	24.8219	24.6679	24.9252	24.3955	24.5454	24.3723	24.7554	24.3789	24.3033	24.3646	24.3345	24.83	24.4466	24.1776	24.3616	24.501	24.1	24.6948	24.4705	24.1888	24.7406	24.5271	24.7243	24.4455	24.4929	24.6535	24.6542	24.9452	24.8388	24.1897	24.2573	24.615	24.8772	24.757	24.442	24.7201	24.6413	24.542	24.3263
PROT_0557	20.372	20.3653	20.7238	20.8332	20.6793	20.7692	20.8909	20.5595	20.4508		20.3628	20.5947	20.7397	20.0719	20.5763	21.2912		20.6917	20.5313	20.3552	20.8045	20.3327	20.663	20.1013	20.4431	20.2807	20.6499			20.3686	20.8047	20.9067	21.1985	19.9461	20.2438	20.502	21.0237	20.8208	20.093	20.9119	19.8591	20.2799	20.4276		21.0759	19.9957	20.5536	21.0302	20.6738	
PROT_0558	20.0402	19.8144	19.7518	20.5319		20.4232	19.9368	20.0372	20.3004	19.9659	20.4256	20.1042		19.8607	19.8918	19.906		20.6142	20.5133	20.1275	20.3717	20.6468			20.6526	20.1483		19.4691	20.0053	20.2927	20.3033	20.6279	20.2208	20.8691	20.1706	20.4313	20.2183	20.2987		20.0017	19.9991	19.9818		20.1091		21.3267	19.8368		20.6564	19.3576
PROT_0559	24.3768	23.9301	23.4828	23.2398	24.0126	23.9766	24.2209	23.7608	23.7665	23.7491	24.0701	24.1382	24.0174	23.3966	23.7893	23.9453	24.0287	23.9842	23.5634	23.4928	23.8304	23.857	24.3926	23.6436	24.1409	24.1532	23.923	23.8502	23.8337	24.0332	23.7139	23.7608	23.8112	23.9462	24.0549	24.1273	24.1585	24.2325	23.7097	23.9126	23.6936	23.8918	23.8913	23.4564	24.0889	24.427	24.0665	24.1335	23.7669	23.6737
PROT_0560	22.1873	22.1226	22.443	22.483	22.4613	22.517		22.0844	22.5286	22.3387	22.1891	22.1613	21.786	22.445	21.9866	22.4811	21.9829	22.6977	22.4208	22.4893	22.6514	22.3923	22.0407	22.6003	22.4077	22.3066	21.7796	21.8472	22.7632	22.9964	22.341	21.8647	22.1106	22.2052	22.433	22.6005	22.0228	22.8494	22.5921	22.7691	21.8863	22.0633	22.1481	22.7205	22.46	22.389	21.8626	22.5979	22.4107	22.2229
PROT_0561	21.094	21.3692	21.0193	21.1081	21.5894	21.5634		21.0005	21.1632	21.1288	21.7773	21.3719	21.1058	20.8122	21.5658	21.4454	21.3549	20.592	20.8852	21.3965	21.1734	21.0609	21.6835	21.2262	21.2425	21.27	21.2136	21.2238	20.9683		21.4839	21.4233	21.4098	20.707	21.5358	21.3292	21.2783	21.569	20.9769	21.6271	21.0891	21.22	21.2321	21.2809	20.8557	21.7394	20.9047		20.8321	21.3784
PROT_0562	20.3625		20.9381	20.8768		20.8845	20.8098	20.9431	20.0351		20.1464	20.2977		20.6104	20.354	20.6166	20.0789	19.4662	19.7325	19.6295	20.2094	20.4098	20.4108	20.9448	20.7615		21.1924	20.3291			20.642	20.6076	21.2768	20.8241		20.6181	21.5308	20.6982	21.0047	20.5593	20.3071	20.7824	21.2272	21.3266	20.0442		20.9602	20.9637	20.9718	20.7047
PROT_0563	24.3738	24.6174	24.4935	24.418	24.4931	24.531		24.5347	24.7722	24.3717	24.3519	24.6789	24.357	24.664	24.301	24.7985	24.2762	24.3674	24.9348	24.6444	25.0166	24.5708		24.725	24.4575	24.6867	24.3553	24.3447	24.7095	24.5811	24.9154	24.4197	24.5474	24.3991	24.8063	24.5802	24.2426	24.4684	24.628	24.701	24.3405	24.2172	25.0491	25.2252	25.3543	25.3803	24.824	24.5717	24.6415	23.9815
PROT_0564	24.904	24.7215	25.4158	24.959	24.9402	25.2436	24.8848	24.628	25.13	24.8627	24.898	24.9179	25.1961	24.8172	25.0186	24.9876	24.7755	25.2839	25.1596	24.7561	25.1297	24.9192	24.9107	25.0074	24.6533	24.5751	24.8732	24.8717	24.7397	25.3054	25.2637	24.9706	25.1308	25.1444	25.1529	24.9775	24.6413	25.354	24.7961	25.247	25.3312	25.0137	25.2023	25.1669	24.9004	25.1273	24.9934	25.1933	25.0514	24.8912
PROT_0565	25.9638	25.7211	25.4998	25.8702	25.7829	25.5185	26.0507	25.7737	25.8657	25.6885	25.7972	25.5529	25.8711	25.8206		25.7091	25.8313	25.5369	26.0816	25.5931	25.816	25.748	25.6224	25.8742	25.9047	25.6151	25.6841	25.4598	25.737	26.0165	25.4077	25.6935	25.5761	25.5362	25.4441	25.6752	26.016	25.685	25.7422	25.8055	25.9268	25.8636	25.8403	25.6193	25.8986	25.7455	25.936	25.7158	25.752	25.8758
PROT_0566	26.0299	25.8822	25.7711	26.0223	25.3605	25.6963		25.4283	25.9361	25.3373	25.5309	25.5228	25.1887	25.8535	27.2994	26.9151	25.6807	25.7094	26.1483	25.3095	25.7257	25.6869	25.5795	25.6028	25.7666	25.3276	25.3986	25.4845	25.9542	25.5851	25.2643	25.6607	25.3777	25.6578	25.5761	25.7165	25.6714	25.5298	25.9648	25.5239	25.6273		25.6611	25.8692	25.6035	25.9313	25.901	25.4803	26.0688	25.438
PROT_0567	20.3026	19.9532	20.4979	20.0903	20.8311	20.3568	19.8593	19.5793	20.0482				20.5563		20.6784	19.9528	20.0782		20.3576	20.5261	20.7531			20.4767	20.5006	20.1949	20.5182	20.5865	20.2256	19.822	19.906		20.693	19.9764		21.0588	20.9028	20.6743	19.7476	20.5785	20.2282	20.5606	20.2828	20.3695	20.0127	20.7824	20.3636	20.1796	20.9402	20.7382
PROT_0568	21.7527	22.078	21.2633	21.9352	21.5508	21.332	21.9272	21.799	22.1891	22.0033	21.4399	22.0409		21.7124	21.8344	21.9972	21.9655	21.7021	22.096	22.0679	21.6574	21.8948	21.5743	21.6148		22.2336	21.4166	21.4261	21.9667	22.0341	21.4423	21.7573		21.5528	21.9952	22.1354	21.537	21.9931	21.6916	21.7005	21.6648	21.8399	21.5639	21.6763	21.3303	21.2027	22.0726	21.3777	22.0291	21.8141
PROT_0569	25.9456	26.1457	26.2382	26.1052	25.8795	26.1443	26.6562	25.9548	26.2167	26.231	25.9936	26.2766	26.139	26.1341	26.0114	25.9859	26.2945	25.8624	26.2681	25.8815	26.3455	26.1259	26.0423	25.9282	26.442	26.3804	26.2184	26.1797	26.0881	26.3566	26.0926	26.1762	25.959	25.9103	26.4467	25.8176	26.1777	26.1178	25.9455	26.2959	26.2142	26.4857	26.1876	25.7159	26.239	25.9876	26.3333	26.0299	26.1637	25.8735
PROT_0570	21.0259	20.6989	20.4645	20.5285	20.432		21.0714	20.3985	20.3116	20.4576			20.0912	19.9909	20.4505	19.9581	20.4437	19.8485	19.8055	20.1035	20.1165	20.916	20.8639	20.4985	20.4176	19.9119	20.21	20.2266	20.1523	20.2295	20.5434	20.4296	20.5123	20.8222	20.1491		20.3927	20.3834	20.2656		20.1432	20.4052	20.2614	21.1459		20.6675	20.5292	19.8298		
PROT_0571	23.8162	23.8763	23.917	23.9311	23.7648	23.3907	23.9522	24.0266	24.2273	23.9339	23.81	23.859	23.8256	23.3509	24.2928	23.6479	23.6363	23.9715	23.9676	23.8688	23.962	23.761	23.5982	23.7364	23.9081	23.8126	24.2464	23.5383	23.765	24.1182	23.6253	23.7875	23.7871	24.033	23.8836		23.8336	23.547	23.5694	24.0054	23.7618	23.6924	23.9162	23.7016	23.8674	23.4105		24.1171	24.1217	24.0743
PROT_0572	24.4656	23.9299	24.0171	23.8259	24.1119	24.3016	24.0846	24.0369	24.0225	23.9086	24.2	24.1268	22.9907	23.3608	23.1022	23.1124	23.9647	23.5424	23.7853	24.099	24.3612	23.9014	23.6831	23.8084	24.0657	24.0224	24.2326	23.8554	23.9631	24.2141	23.9869	24.4726	23.928	23.8404	24.2416	24.0423	24.0564	23.62	24.0065	24.6719	24.3745	23.9332	23.7911	23.6849	24.0423	24.1748	24.1893	23.7835	24.1356	23.8134
PROT_0573	21.4684	20.9966	20.7068	21.25	20.9825	20.9757	20.9525	20.7313	20.9886	20.7907	21.1223		20.9165	20.4617	20.2026	20.3361	21.3119	21.0613	21.056	21.2241	21.3677	20.8672	21.1954		21.2997	21.3022	21.2579	21.2482	21.4562	21.691	20.9414	21.9096	21.2081	20.6989	21.1002	21.1	20.9374	21.4687	20.8973	21.4253	20.917	21.6573	20.6332	21.4263	20.8298	21.0271	21.414	20.547	21.0306	21.5642
PROT_0574	23.132	23.2866	23.2995	23.2985	23.237	22.9053	23.0195	23.2212	23.6077	23.665	22.9385	23.4214	23.0546	23.4494	22.8973	23.0271	23.3637	23.2107	23.2609	23.5001	23.5782	23.1926	23.3806	23.3209	23.4391	23.165	22.9564	23.2795	23.3027	23.4577	23.1983	23.2768	23.6699	23.2004	22.9717		23.2948	22.9585	23.2906	23.2038	22.7629	22.9926	22.8191	23.4482	22.8947	23.3512	23.2545	23.3198	23.2335	23.0909
PROT_0575	25.1887	25.11	25.3751	25.5175	25.2636	25.3656	25.3831	25.2587	25.4397	25.4193	25.1853	25.4123	24.8393	24.9716	25.2801	25.2965		25.252	25.2961	25.6219	25.3791	25.1673	25.4444	25.622	25.305	25.3065	25.2099	25.052	25.6237	25.6901	24.8384	25.0789	25.086	25.387	25.7176	25.246		25.4726	25.5041	25.297	25.3504	25.3299	25.146	25.3478	25.7031	25.5358	25.4098	25.3409	25.7206	25.3873
PROT_0576	27.669	27.5911	27.4995	27.1906	27.5184	27.755	27.8041	27.7778	27.5402	27.4692	27.5528	27.4571	27.6883	27.3839	27.4223	27.6577	27.5228	27.467	27.6161	27.3528	27.5721	27.3709	27.6877	27.431	27.6204	27.5028	27.5284	27.5264	27.261	27.6133	27.6733	27.9252	27.6393	27.4027	27.5012	27.563	27.5367	27.9146	27.2771	27.4126	27.8246	27.7593	27.5966	27.4851	27.1144	27.7084	27.5753	27.5796	27.1726	27.439
PROT_0577	21.7917	22.0604	22.1212	21.8273	21.6729	21.8199	21.54	22.1693	22.083	21.595	21.7828	22.1437	22.0361	21.8173	21.7961	21.8286	21.722	21.7971	21.4657	22.0454	22.0152	22.1021	21.6876	21.5125	21.7507	21.8075	21.8571	21.0773	21.9876	22.0321	21.7539	21.8469		22.0735	22.2301	21.9382	21.7731	22.2652	22.0629	21.9538	21.9707	21.6917	21.3592	22.0337	21.7867	21.5028	21.7258	21.6528	22.0025	21.9724
PROT_0578	21.8291	21.5066	21.9646	22.3889	21.8881	21.6671	22.3075	21.5571	21.9767	21.4347	21.7046	21.7175	21.9218	22.1055	21.885	21.9319	21.9909	21.4374	21.723	21.4294	21.7609	22.3318	22.0481	21.6498	21.2951	22.0598	21.7574	21.1123	21.8796	21.7719	21.8814	21.5674	21.6521	21.8284	21.8021	22.1636	22.0086		22.2953		21.6136	21.6004	21.8596		21.7326	21.7412	22.1234	21.7438		21.4008
PROT_0579	23.3772	23.4098	23.516	23.4763	24.0323	23.5269	24.0697	23.4265	23.7355	23.6776	23.8901	24.022	23.3963	23.3809	23.946	23.7546	23.7378	23.4757	23.8204	24.2262	23.2754	23.6429		23.6071	23.6742	23.0677	23.8084	23.5913	23.623	23.5703	23.6903	23.7046	23.8489	23.5801	24.0576	23.2514	24.0131	23.75	23.3763	23.9677	23.8928	23.8712	23.6216	23.6249	23.6334	23.4521	23.5522	23.7423	23.8326	23.7328
PROT_0580	18.359						19.5498	19.1804	19.0684	18.9703	18.8318	20.4768	19.6283			19.3756			18.8793	19.1575	19.2969	19.2569	19.295		18.7493	19.6122				19.2872	18.9583	18.8636			19.3725		19.134	18.8357	18.5658	19.6105	19.6586	19.8618	18.8341	19.7126			20.0946	19.4563		18.9874
PROT_0581	23.0376	22.8619		22.8943	22.9528	22.7332	22.9163	22.8151	23.6172	23.0028	22.5072	22.8867	24.2322	23.9044	23.809	23.6293	22.8365	23.0435	22.8592	22.9124	22.8194	22.6901	22.2544	22.5325	22.9493	22.9745	22.5444	22.5145	23.1382	22.9408	22.6729	22.6722	23.2672	23.0221	22.868	22.9017	22.4274	22.8963	23.2422	22.9165	22.9784	22.7458	22.8203	22.6751	22.7858	22.9602	23.4863	22.8319	23.1749	22.965
PROT_0582	19.5308	18.9529	18.6758	18.5495	19.3301		19.262	19.3356		18.9377		19.0985	18.834	19.5889	19.1751		18.8543				18.9242	19.9267	19.5834	19.6385	18.9445		19.5356		19.1525	19.5608	18.7151	18.7156	18.8991	18.7206	19.663	19.9981	19.3886	19.5065		19.6623	19.1917	19.4566	19.7106	19.3966	19.5884	19.7422		19.3954		
PROT_0583	24.8609	24.3855	24.4295	24.2264	24.6541	24.5414	24.8158	24.6622	24.7374	24.5436	24.6876	24.8347	24.8284	24.8656	24.6771	24.2818	24.9478	24.4609	24.333	24.8289	24.5335	24.4279	24.8053	24.2225	24.3507	24.9351	24.505	24.4778	24.3907	24.6196	25.0783	24.3435	24.8412	24.3229	24.8708	24.5206	24.8707	24.6277	24.5452	24.4455	24.6688	24.5267	24.5493		24.6963	24.7872	24.4212	24.4297	24.4888	24.4491
PROT_0584	21.8665	22.118	21.728	21.8892	21.6739	21.9641		22.0347	22.5473	22.388	22.0917	22.0463	21.9393	22.2059	22.247	22.0357	22.0788	21.7497	21.7561	22.1314	22.3053	22.2206	21.709	21.7981	22.3026	21.9028	22.2033	22.0028		22.2577	21.8783	22.0695	21.8911	22.0841	22.9128	22.4099	22.0993	21.9069	22.7274	22.563	22.081	21.7821	21.8914	22.0881	22.0866	22.2066	22.5315	21.8409	22.0935	22.5046
PROT_0585	25.9919	25.8172	25.4851	25.7785	25.9947	25.9702	26.3148	25.8085	25.6437	25.9665	25.9312	25.6993	25.457	25.3978	26.094	26.0152	26.2254	25.8789	25.7173	25.8435	26.0846	26.1211	25.8717	25.8189	26.0371	25.9178	25.7995	25.3682	25.7525	26.1244	26.0326	25.8117	25.8428	25.7046		26.0579	25.996	25.9723	25.3538	25.9853	25.8168	25.8639		25.4967	26.0534	26.0436	26.027	25.7352	25.3183	25.8463
PROT_0586	20.1466	20.6805	19.4814	20.0449	21.2401	20.3988	21.1428	20.452	21.1073	20.3045	20.1729	20.3569	20.6107	20.5698	20.9128	20.6442		19.7817	20.8712	21.3124	20.5523	21.1053	20.1169	20.821	20.4352		19.8354	20.4384	20.3026	20.8364	19.7949	20.449	20.8087	20.6238	20.2	19.951		20.456	20.78	20.7058		20.6946	20.6049	20.1332	20.0952	20.045	20.7098	20.6296	20.4531	20.8303
PROT_0587	23.3897	23.4199	22.9865	23.2079	22.7721	22.7571	23.2932	22.8185	23.3292	23.3721	23.0166	22.6928	22.9027	23.3859	23.1667	23.1569	23.3362	22.8625	23.0953	23.0645	23.1049	23.0385	23.3098	22.864	23.171	22.8865	23.1584	23.2489	23.1385	23.0756	22.9324	22.9455	23.5363	23.0162	23.1761	22.9891	22.6781	23.1477	23.2585	22.9225	23.4982	23.6232	22.9556	23.1535	22.5454	23.0457		23.2143	23.0047	23.3348
PROT_0588	22.7051		23.3255	23.2725	23.4892	23.2608	23.1751	23.5397	23.4207	23.0769	22.8481	23.0985	23.3575	23.2418	23.1913	23.4419	23.4456	23.5538	23.1873	23.0627	23.0414	23.178	23.3232	23.2116	23.2466	23.5065	22.8586	23.1173	23.3696	23.6674	22.9175	22.7955	23.9738	23.0953	23.4257		23.2926	23.2924		23.4395	23.4796	23.1231	23.0932	23.3508	23.2291	23.4178	23.0051	22.8519	23.2377	23.4454
PROT_0589	22.9165	21.8947	22.5277	22.6111	22.9844	22.2613	22.5298	22.4394	22.828	22.7258	22.1659	21.9583	22.4245	22.7195	22.4084	22.6975	22.3627	22.4132	22.8386	22.7754	22.6814	22.4377	22.4917	22.4106	22.1714	22.0972	22.4028	22.0521	22.5896	22.676	22.3369	22.507	21.941	22.039	22.5649	22.6367	22.5956		22.525	22.6352	22.7089	22.0281	22.3919	22.2949	22.5085	22.52	22.3816	22.5488	22.8041	22.5163
PROT_0590	24.9993	24.9962	24.7537	24.8695	25.5986	25.5059	24.9415	25.3602	25.2196	25.0576	25.1291	25.0415	25.1945	25.1608	25.0627	24.8581	24.7848	25.0213	25.2639	24.7643	25.1189	24.7113	25.0224	24.8354	24.8114	24.887	25.0671	25.0726	25.2806	25.1507	24.8899	24.7714	25.5656	24.8629	25.0021	25.2369	25.2606	25.3794	25.085	25.1591	25.3224	25.354	25.2059	25.1404	24.9507	25.3175	25.1129	25.1218	25.0449	25.0346
PROT_0591	20.753	20.9251	20.0894	20.3111	20.3616	20.4254	20.9551	20.8173	19.9971	19.7329	20.2439	20.7929	20.5367	20.5815	20.407	20.473	20.533	20.9989	20.4377	20.3595	20.8645	20.4008	20.3442		20.5039	20.2995	20.3632	20.697		20.2928	20.6915	21.4703	20.7099	20.6698	20.2122	20.1251	20.6579	20.6996	20.7958	20.6307	20.7613	20.7892	19.9639	20.3601	20.2291	20.3737		20.181	20.655	20.044
PROT_0592	23.2541	23.1312	23.4439	23.6011	22.9827	23.2649	23.0276	23.7277	23.8515		23.1749	23.404	23.957	23.3592	23.3124	23.3979	23.3404	23.6395	23.4382	23.3443	23.5667	23.177	23.252	23.6836	23.5507	23.4019	23.1396	23.3883	23.8413	23.1054	23.1045	23.0018	23.758	23.7105	23.3578	23.5628	23.0789	23.9044	23.6458	23.6754	23.8548	23.3157	23.6808	23.7089	23.4528	23.6289	23.3413	23.7205	23.4654	23.2874
PROT_0593	22.7726	22.5191	22.1437		22.8692	22.0898	22.2352	22.8419	22.6291	22.5035	22.4421	22.6605	22.6733	22.5158	22.1539	22.4397	22.5792	22.3409	22.2421	22.5278	22.9008	22.5271	22.3026	22.199	22.4315	22.5035	22.5338		22.5354	21.9606	22.3023	22.4658	22.3924	22.0013	21.9062	22.0092	22.3769	22.3544	22.3918	22.2584	22.4837	22.6137	22.194	22.5008	22.2477	22.4567	22.4036	22.1882	22.3866	22.0157
PROT_0594	20.9497	20.7972	21.0624	20.7677	21.3853	21.8168	21.3919	21.1688	20.9577	21.2832	21.6201	21.7058	20.8752	20.6139	20.7474	22.0553	21.5171	21.3286	21.4183	21.1002	21.0086	21.1575	21.324		20.5578	20.9946	21.1478	20.9075	21.0545	20.7773	20.9686	20.698	21.2368	21.0492	20.7624		21.0236		21.0199	21.5331	20.8616	21.392	21.5833	20.8788	21.0633	21.1064	21.2068	21.0269	20.7949	21.1094
PROT_0595	26.3036	26.5205	26.4822	26.1376	26.2331	26.4856	26.2852	26.3034	26.5265	26.6584	26.2727	26.3864	26.6117	26.4914	26.6136	26.3246	26.4404	26.4413	26.5998	26.4879	26.3802	26.5393	26.3452	26.5749	26.2966	26.4375	25.9136	26.2639	26.1683	26.5947	26.3244	26.2644	26.3829	26.1921	26.5388	26.7929	26.2616	26.1806	26.4342	26.5711	26.2312	26.2699	26.5861	26.5501	26.4954	26.4104	26.6359	26.5241	26.4294	26.7378
PROT_0596	22.4716	22.4649	23.2567	22.4723	22.1708	21.8459	22.2533	22.7562	22.5712	21.986	22.3966	22.4931	22.8381	22.2612	22.4183	22.6071	22.8028	23.2719	22.2231	22.0516	22.7023	22.4283	22.8294	22.1925		22.389	22.3698	22.6483	22.6988	21.9045	21.9902	22.6176	22.7836	22.6807	22.3838	22.7385	22.4377	22.6729	22.7677	22.4365	22.5342	22.6804	23.2065	22.1208	22.2758	22.5218	22.8369	22.5928	22.6852	22.3304
PROT_0597	21.2697	21.3059	21.9307	21.4208	21.3499	21.7234	21.3841	21.6955	21.8683	21.5796	21.6159	21.7463	21.4816		21.8702	22.1342		21.3193	21.2686	21.2694	21.728	21.4433	21.8253	21.3415	21.5771	21.8019	21.0487	21.8394	21.3779	21.2169	21.8952	21.239	21.8614		21.3138	21.802	21.4648	21.6474	21.5055	21.0148	22.0391	21.8676	21.7151	21.4192	21.5999	22.0652	21.5409	21.7326	21.8657	21.7278
PROT_0598	25.6257	25.3659	25.4228	25.4605	25.6004	25.7235	25.6512	25.7714	25.5959	25.7249	25.2927	25.7917	25.4228	25.3227	25.5175	25.7418	25.6364	25.513	25.1629	25.7561	25.5757	25.5339	25.4288	25.3995	25.6854	25.3546	25.4061	25.2772	25.4343	25.4968	25.7035	25.5108	25.8553	25.0849	25.788	25.6401	25.2805	25.419	25.7883	25.7573	25.5369	25.5064	25.4772	24.9843	25.4045	25.6487	25.6404	25.6249	25.4825	25.6507
PROT_0599	22.0015	22.2405	21.7619	21.4744	22.3274	21.8135	22.0033	22.4579	21.9407	22.5466	21.8129	21.5274	22.5987		22.4541	22.0327	22.0358	22.2015	21.7334	22.4966	22.4694	22.159	22.3686	22.1644	22.6862	22.3721	22.2864	22.1787	22.0971	22.5738	22.2767	22.2761	22.6906	21.8137	22.5437	21.8346	22.3119	22.4958	21.9212	22.5765	22.4016	22.225	21.6369	22.0986	22.4827	21.8939	22.3053	22.1741	22.0326	22.1695
PROT_0600	22.5606	22.8319	22.5114	22.6266	23.0478	22.8741	21.8469	22.4474	22.6847	23.0327	22.5614	22.4721	22.7033	22.1554	22.8834	22.4569	22.4709	22.2224	22.3236	22.3927	22.3245	22.4047	22.6442	22.5134	22.3543	21.9609	22.6823	22.7203		23.025	22.1887	22.6266	22.972	22.5547	22.773	22.2502	22.6094	22.9124	22.6001	22.2338	22.3505	22.806	22.3913	22.3907	22.6736	22.4438	22.5415	22.9567		22.3485
PROT_0601	21.1381	21.3265	20.8945	21.293	20.898	21.4419	20.4891	20.9478	20.9136		20.3323	20.5452	21.1565	21.0092	20.7647		21.1327	21.4777	20.8159	20.301	21.3641	20.7833	20.7104	20.9881		21.2662	20.5328	21.1158		21.0427	20.6283	20.8842	20.7365	20.6543	20.5468	20.5549	20.875	21.0668	20.4798	20.6243	20.6065	21.0464	20.809	21.4657	20.7263	20.3919	20.866	20.9264	20.7364	21.2965
PROT_0602	24.6655		24.6292	24.8414	25.0611	24.9072	24.6896	24.5513	24.7478	24.5484	24.2415	24.7663	24.7816		25.0452	24.5032	24.8574	24.6439	24.8308	24.4122	24.6042	24.8963	24.5706	24.3601	24.8143	24.5916	24.6641	24.3506	24.6312	24.775	24.4906	24.2639	24.4081	24.7879	24.8534	24.59	24.7319	24.6436	24.5217	24.9361	24.4911	24.6392	24.4253	24.5515	24.801	24.7349		24.5671	24.4368	24.8998
PROT_0603	24.8791	24.4195	24.3886	24.9135	24.5687	25.0681	24.482	24.5333	24.5098	24.2608	24.6502	24.5902	24.4876	24.5312	24.941	24.9089	24.841	24.574	24.5356	24.3595	24.7943	24.6279	24.7793	24.5157	24.2441	24.6664	24.4787	24.3406	24.7386	24.5494	24.7671	24.4049	24.3238	24.3092	24.6765	24.4644	24.4613	24.3302	24.5868	24.5763	24.3797	24.2944	24.5269	24.6438	23.9304	24.1876	24.4534	24.4955	24.8281	24.7392
PROT_0604	20.6914	20.1112	20.4676	20.3938	20.6765	20.7666	20.5825	20.4699	20.5933	20.0711	20.3394	19.904	19.8109	20.4787	20.3716	20.5929	21.1025		20.7327	20.6869	20.7176	20.2616	19.7158	20.4871	20.1298	20.1289	19.8304		20.6866	20.2994	20.417	19.9242	20.5464	19.995	20.3684	20.1147		20.8035	20.5103	19.94	20.8084	20.639		20.6379	20.6015		20.6045		20.8107	19.8866
PROT_0605		19.9605		20.3654	20.5559		20.6039		19.3454		20.7609	20.0241	20.0453			20.3012	20.3672	20.0633	19.8556	19.8557	20.0565		19.159		19.7571				19.6978		19.6656	19.6556	19.9899	19.9821	20.2747			19.6996	20.2779	19.7148		19.522	20.0462	20.371	19.8437	19.9876	20.0594		20.1087	
PROT_0606	23.8935	23.9988	23.7426	23.8512	24.8624	24.5025	23.5867	24.1014	23.8658	23.8405	23.8248	23.4529	23.6915	23.8739	23.8287	23.9768	24.2268	24.0075		23.7	23.6157	23.4344	23.7918	23.6847	23.9331	23.6332	24.2262	24.3581	24.6658	24.8658	23.6959	24.0329	24.0949	23.8202	23.9583	23.9747	23.6416	23.9797	23.605	23.9152	23.694	23.8599	24.04	23.9716	24.0463	23.9123	24.0738	23.7361	23.9483	24.1319
PROT_0607	24.7646	24.4073	24.2281	24.5772	24.5354	24.9157	24.6085	24.3205	24.5387	24.1572	24.1925	24.4229	24.4817	24.6258	24.3055	24.4756	24.7581	24.4513	24.3014	24.0632	24.7144	24.5102	24.087	24.3736	24.2904	24.4717	24.3698	24.0136	24.6767	24.0441	24.5324	24.2372	24.1791	24.3093	24.2884	24.4757	24.3127	24.0569		24.4263	24.4095	24.3511	24.6043	24.3275	24.0792	24.7475	24.8505	24.3816	24.4394	24.1249
PROT_0608	21.3085	21.5821	21.4276	21.9308	22.0012	21.7502	21.2993	21.9457		21.0115	21.2316	21.6929	21.7129	21.3697	21.6853	21.7921	21.9789	20.9517	21.9766	22.1128	21.5148	21.9657	21.537	21.8624	21.3529	20.657	21.3107	21.7691	21.9698	21.4063	21.7946	21.7937	21.7556	21.1857	21.7622	21.2163	21.8674	21.8843	21.3693	21.606	21.3335	21.8831	21.4124	21.9192	20.9814	21.1887	21.9378	21.8208	21.6679	21.6679
PROT_0609	23.6824		23.9775	23.943	24.7588	24.6874	24.1228	23.7576	23.5619	24.3812	23.9997	24.094	24.0064	23.9136	24.2384	23.9206	24.0244	23.6989	23.9039	24.3301	23.8075	24.1352	23.5879	23.775	24.4847	23.5011	23.936	23.5875	23.9407	23.9652	24.0612	24.1913	24.011	23.9385	24.8374	23.9046	24.2697	23.9239	23.9522	24.1958	24.3353	24.1527	23.9389	24.6778	25.2523	25.2145	24.2357	23.6994	23.8852	24.6232
PROT_0610	26.0782	26.1532	26.0128	25.6031	26.7941	26.5806	26.1145	25.8773	26.1145	25.9715	26.7167	27.1205	25.9106	25.8359	26.0468	26.1393	25.9306	25.8162	25.9943		26.0265	26.1172	25.8195	25.9097	25.8193	26.0134	25.9241	25.7794	25.7592	26.0059	26.0348	25.8552	26.2938	25.8415	25.8588	26.008		25.7692	26.2476	26.1572	26.1879	26.0185	25.9701	26.1352	25.8876	26.0319	25.9846	25.8302	26.2072	26.0399
PROT_0611	20.5436	21.1429	21.2306	20.8299		21.2469	21.3093	21.2254	20.912	20.7437	20.7776	21.0073	21.3851	21.5654		21.0137	21.1474	21.1915	20.8598	21.117	20.5553	21.0627	21.203		20.7869	20.4963	21.095	21.0473	20.405	20.6474	21.1952		21.8207	20.5947	21.1752	21.2619	20.8946	21.3759	20.64	21.1863	20.8689	21.0336	21.1083	20.9414		20.8033	20.8487	20.7217	20.4417	20.2126
PROT_0612	24.865	25.0288	24.9562	25.1783	25.5632	25.3824	24.8806	25.2872	24.9561	25.1704	25.1727	25.0672	25.1268	25.0945	25.5033	25.2676	24.8306	24.7363	25.1611	24.9209	25.3062	25.129	24.9518	25.1723	24.8236	25.2224	24.8815	25.1305	24.789	25.1707	25.0225	24.6134	25.2062	24.5542	24.8655	25.0122	24.6545	24.8748	25.0333	25.3269	24.8809	24.8767	24.9805	25.0523	25.2823	24.8353	24.5884	25.0506	24.8532	25.233
PROT_0613	20.9247	20.7896	20.8162	21.2895	20.7467	21.6718	21.1141		20.83	20.3087	20.9073	20.8596	21.0973	20.6754	20.6457	21.3249	20.8691	20.638		20.7362	21.3435	20.6654	21.497	20.8175	21.0349	20.3452	20.9881	20.5989	20.5968	20.8844	20.9254	20.8758	21.0496	20.9336	20.7598		21.4038	21.3663	20.854	21.0363	20.4441	20.6998	21.1636	20.4737	20.5893	20.4223	20.6195	20.7998	20.651	21.1757
PROT_0614	24.088	24.0653	23.6392	23.9515	24.3366	23.8826	23.9885		24.0164	23.7576	23.8085	23.7216	24.0287	23.8689	23.9494	23.7905	23.9964	24.1094	24.1222	23.9623	23.8037	23.754	24.3668	23.9282	23.6232	23.5628	23.4576	24.0814	23.8052	23.9141	23.6941	23.5949	23.9387	24.1341	24.1484	23.9172	23.8634	23.9554	24.0035	24.2976	23.7993	23.8092	23.7425	23.9315	23.8151	23.9742	24.1918	23.6409	24.0436	23.903
PROT_0615	22.4123	23.0182	22.4771	22.2739	22.82	23.1759	23.1573	22.4522	22.1298	22.3846	21.8864	23.0256	22.8341	22.4019	22.2771	22.2586	22.6759	22.6245	22.4184	22.3523	22.6597	22.5022	22.6766	22.7864		22.9487	22.7155	22.2504	22.5246	22.4554	22.593	22.4013	22.2544	22.6633	22.2746	21.8764	23.0554	22.8426	22.3925	22.6177	22.4586	22.712	22.6578	22.5192	22.5189	22.5926	22.7714	22.1931	22.0564	22.4777
PROT_0616	23.9068	24.2018	24.3248	23.6918	24.4998	24.164	24.3921	24.1148	24.1239	24.0469	23.8599	24.4787	24.1358		24.4059	24.2653	23.9184	24.0707	23.5639	23.8002	24.1248	24.4438	23.7674	23.3956	23.5307	23.9369	24.1283	23.7311	23.7465	23.7125	23.8618	24.0617	24.0916	23.9671	23.8543	24.2064	24.3555	24.2807	23.5465	23.7741	23.9115	24.4182	24.2788	24.0935	24.0903	24.3929	23.8193	23.7978	23.5865	23.6926
PROT_0617	26.9248	26.9226	26.4414	26.5648	27.2495	27.0882	26.994	27.0136	26.9483	26.7812	26.7856	26.8266	26.6775	26.9157	26.8453	26.5702	26.928	26.7794	26.6647	26.5198	26.9726	26.6308	26.841	26.58	26.7239	26.9228	26.494	26.6306	27.061	26.8994		26.7045	26.7523	26.804	26.8946	26.2943	27.0858	27.0637	26.8816	26.7979	26.7492	26.9515	26.8253	26.5129	26.8499	27.1518	26.8576	26.5285	27.0049	26.8749
PROT_0618	20.7929	20.4657	20.185	20.5476	20.7488	20.4674	20.7203	20.7916	20.2978		20.7384	20.1138	20.3503	20.1578	20.2739	20.2092	21.0406	20.702	20.8397	20.0878		20.7125	20.6422	20.3837	20.393	19.9818		19.9444	20.4387	20.5102	20.5988	20.2189	20.9171	20.8029	20.2389	20.1981	20.7825	20.1128	20.7267	20.2741	19.9616	21.0182		19.9541	20.4373	20.0993	20.744	20.042	20.8434	20.7268
PROT_0619			19.5379						19.4245				18.243	18.3207	18.7973			18.912	19.1603	18.9288	19.3843	18.9299				18.7139				18.3278		18.3698	19.6018	18.9514		18.8583	19.4648			19.3089	19.1276		19.7133	18.5532		19.0049				
PROT_0620	24.6755	23.7131	23.8627	23.533	24.2819	24.1237	24.2768	24.0756	24.4446	23.4822	24.3314	24.2154	23.9081	23.8743	24.422	24.4483	24.1686	23.9064	23.9787	24.144	24.328	24.0892	24.0621	24.1439	24.1096	23.942	23.7685	23.7972	23.8798	24.1496	24.1634	24.1895	23.8039	23.9551	23.9606	23.6154	24.2507	24.1638	23.9034	24.1576	24.3624	24.2137	23.8905	23.8926	23.8929	24.0346	24.3132	23.9258	23.7731	23.7093
PROT_0621		26.6337	26.5241	26.7429	26.7458	26.9797	26.9048	26.8869	26.9797	26.6087	26.5548	27.0128	26.9305	26.5379	26.5537	26.6498	26.932	26.6735	26.5878	26.575	26.7006	26.8531	26.6535	26.7032	26.5658	26.4473	26.9132	26.7541	26.2815	26.7573	26.7839	26.8317	26.8377	26.6933	26.6519	26.7309	27.076	26.7733	26.7511	26.2789	26.618	26.9614	26.5228	26.6952	26.4052	26.6016	26.8574	26.5193	26.5175	26.7632
PROT_0622	21.8966	22.4124	22.2759	21.9632	22.4638	22.52	21.9736	22.5463	22.335		21.9431	22.366	22.4033	22.3797	21.8625	22.0393	22.2379	22.0428	22.2314	22.4738	21.7629	22.0411	22.0043	22.4289	22.4019	22.2475	22.2368	22.0122	22.4052		21.8398	22.4057	22.2722	22.002	22.3222	21.8622	22.4845	21.9665	22.5215	22.498	21.7687	22.0856	22.4895	22.5651	22.4238	21.7669	22.1957	22.4531	21.9885	22.1052
PROT_0623	19.5758	19.4589			19.0116	19.6104		18.9591	19.7965	19.0558	19.8562	19.9178	19.3495	20.0177	18.6418	19.5819		18.5997	19.2465		20.1073	19.0961		19.4468		18.843	19.0512		18.5548		20.1106	19.0868		19.4906	20.0094	19.5305	19.1908	18.7322	20.3711		19.5244		19.8742	19.1387	19.0046	20.3508	19.8167	19.2156		19.3685
PROT_0624								17.1982																		18.0842				17.3068														17.716					17.4402	
PROT_0625	24.4665	24.6049	24.4688	23.9542		25.5163	24.8933	24.4083	24.7381	24.4915	24.819	24.5944	24.4504	24.5896	25.0223	25.4451	24.6843	24.5059	24.4306	24.2973	24.6626	24.7772	24.2142	24.4537	24.2863	24.3679	24.5848	24.188	24.6499	24.7818	24.2263	24.5508	24.5023	24.5774	24.5522	24.4693	24.5403	24.4407	24.124	24.5801		24.8804	24.3031	24.2343	24.0587	24.4553	24.6965	24.4401	24.625	24.2792
PROT_0626	26.3102	25.8775	26.3189	26.3142	26.6318	26.5098	26.1256	26.5587	26.2612	26.0977	26.1473	26.1114	26.4683	26.5188	26.3655	26.3191	26.157	26.3577	26.1987	26.2772	26.3806	25.9746	26.3103	26.2881	26.005	26.1205	26.0511	25.8907	26.4866	26.0523	25.897	25.9216	26.3562	26.0279	26.1382	26.2052	25.9924	26.4978	26.3237	26.0948	26.0331	26.0277	26.0619	26.1228	26.4441	26.2915	26.155	26.4492	26.5041	26.1082
PROT_0627	19.3396		19.2228		18.9613	20.2646	19.1924					18.437		18.8836	18.4381						19.951	18.5293	18.9279			18.8215		18.3837	19.5306					18.6903	18.775	19.2207	18.5733		18.7262	19.0115	19.5432		19.1219		19.5031	18.5838	18.3217		19.37	19.0259
PROT_0628	20.354	20.3468	19.9682	20.4503	20.7217	21.1717	20.8636	20.1148	20.7902		19.978	20.8472	20.4859	19.9849	20.5929	20.1848	20.8582		19.6099	20.8362	20.6496	20.4029	20.3255	19.9781	20.2387	20.4282	20.4661	20.8821	20.6595	20.8113	20.2874	19.7275	20.4672	20.5989	20.2683	20.1549	20.1833	20.6198		20.2711	20.3245		20.4224	20.648		20.2102	20.4447	20.3115	20.078	19.8506
PROT_0629	23.0758	22.5138	22.8848	22.8459	23.1367	23.0643	22.6881	22.753	23.1424	22.525	22.9556	22.8217	23.2563	22.6994	22.7907	23.2563	22.8445	22.7246	22.6883		23.2991	22.5421	22.8567	22.9235	22.721	23.5471	23.1975	22.6211	22.928	22.9365	23.2414	22.7162	22.5645	22.3986		23.0392	22.7472	22.754	22.4807	22.8174	23.1388	22.8283	22.6278	22.6675	22.7068	23.1937	23.0911	22.7474	23.0444	22.2841
PROT_0630	22.096	22.1798	21.3999	21.9859	22.8526	22.5635	22.1555	22.221		22.1047	22.2854	22.1921	21.8225	22.0015	21.9325	22.019	22.3972	22.0563	22.2975	22.4048	22.2057	21.9496	22.2135	22.2015	22.1046	21.7485	22.2757	22.1702	23.9284	24.0567	21.7273	22.2808	21.5396	22.1154	22.2551	22.3044	22.2577	22.2093	22.6974	22.2304	21.9732	22.0669		22.1157	21.923	21.585	22.1949	21.8745	22.1615	21.7327
PROT_0631	24.9527	24.7342	24.8187	24.718	25.0594	25.4646	24.6766	24.8588	24.4967	24.4173	24.5025	24.7801	24.7848	24.4138	24.6971	24.5	24.7306	24.6023	24.6819	24.3198	24.7824	24.3303	24.6974	24.4171	24.5805	24.6224	24.4386	24.6103	24.858	24.8083	25.1157	24.8196	24.417	24.3254	24.9343	24.9069	24.7969	24.8796	24.6657	24.6752	24.7212	24.6792	24.7894	24.8098	24.541	24.9023	24.7669	24.8428	24.4637	24.6949
PROT_0632	25.5467	25.3939	25.5506	25.6759	26.0854	26.081	25.5007	25.4055	25.6127	25.7361	25.7276	25.4492	25.5683	25.5993	25.4375	25.8034	25.6111	25.3959		25.5257	25.5887		25.6617	25.7115	25.8777	26.0669	25.8104	25.4535	25.4057	25.5241	25.6323	25.2209	25.5074	25.4332	25.4236	25.8585	25.398	25.7363	25.3286	25.6709	25.681	25.581	25.4922	25.4997	25.7226	25.8283	25.442	25.6152	25.5031	25.6133
PROT_0633	26.6593	26.695	26.819	26.6018	27.2339	27.0155	26.5906	26.4868	26.5525	26.0431	26.6512	26.7967	26.481	27.0379	26.7223	26.7977	26.7115	26.4565	26.7138	26.6922	26.6196	26.9677	26.6942	26.7952	26.8597	26.632	27.6038	27.691	27.8106	27.9316	26.2924	26.8025		26.6262	26.8831	26.219	26.8332	26.8636	26.7518	26.9528	26.4494	26.7897	26.7388	26.806	26.5019	26.4236	26.6809	26.6482	27.0615	26.6989
PROT_0634			20.4402	20.7401	21.0026	20.877	20.2414	20.7326	21.127	21.0994	21.1005	20.8882		20.5868	21.4226	20.3384	20.9257	20.3464	20.8568	21.0454	20.7392	20.9055	20.2993	20.7046	21.0853	20.8292	19.9255	20.605		20.5981	19.6471	20.7866	20.1995		20.7635	20.783	20.7839	20.3702	21.3659	21.5573	20.8227	20.6602	20.7088	20.9113		20.783	21.1558	20.1558	21.0851	
PROT_0635	22.8654	22.075	21.9601	21.9912	22.8568	23.0745	22.0139	22.3306	22.0678	22.0988	22.444	22.2553	22.2854	22.5065	22.3659	22.218	22.298	21.989	21.6822	22.6119	22.3431	22.4113	22.689	22.063	22.1575	22.3115	22.461	21.9923	22.6928	22.5248	22.1922	21.9833	22.2394	21.68	22.3438	22.1455	22.5138	22.489	22.5525	22.4085	22.7983	22.3542	22.2434	22.2951	22.5232	22.5899	22.6814	22.0807	22.3117	22.3574
PROT_0636	25.6545	25.7178	24.5156	24.4892	26.1779	26.1805	26.0718	25.5845	26.3592	25.7449	25.7481	25.7984	26.3768	26.6202	26.5793	26.3269	25.7525	25.6778	25.9793	25.7661	25.9943	25.5295	25.5846	25.7655	25.9486	25.6199		25.5889	25.7271	26.1131	25.8736	25.5357	25.6654	25.572	25.6063	25.6211	25.2966	25.1019	25.2835	25.1815		26.2574	25.5155	25.8332	25.7745	25.8177	25.5269	25.4699	25.3577	25.3411
PROT_0637	22.1021	21.9735	22.1574	22.2429	23.9514	24.0256	22.3272	22.5509	22.3021	22.0589	21.8816	22.6717	22.4179		22.4927	21.7952	22.4528	22.2039	22.2883	22.3274	22.2022	22.2958	22.4724	22.2269	22.259	22.3746	21.8429	22.5285	22.2395	21.9682	22.2184	22.0138	22.3258	22.6831	22.1832	22.5517	22.564	22.3188	21.9867	22.2344	22.2574	22.1268	22.2535	22.6021	22.2225	22.4228	22.7199	22.4308	22.6112	22.6115
PROT_0638	23.1766	22.8787	23.2443	22.9636	23.8173	23.5956	22.7557	22.7856	23.0738	23.3415	22.8491	23.0673	23.0608	23.0689		23.243	22.814	22.8823	23.1269	23.0015	22.886	22.9768	21.9994	21.9579	22.7898	22.9469	23.0362	23.054	23.0705	23.177	23.0761	22.8806	23.354	22.9571	23.2916	22.4977	23.1588	23.0735	23.1847	22.9646	22.9788	23.1415	23.2247	23.3305	23.1658	22.9992	22.8031	23.2137	22.6001	23.0352
PROT_0639	23.1369	22.5112	21.878	22.2135	21.2912	21.4396	22.0276	21.8109	22.8384	22.5241	23.041	23.0007	21.7038	22.0629	20.8897		22.1227	21.8621	22.543	23.01	23.3424	23.0331	21.7582	21.9769	20.4984	20.9138	22.1384	21.6175	22.4831	23.1012	22.9123	22.9011	21.7242	21.5435	20.9519	21.0844	22.0376	21.4975	22.6105	23.1549	23.1991	22.6326	21.5607	22.2349	20.3675	20.9403	21.8462	21.6193	22.9047	22.623
PROT_0640	26.7299	26.7372	26.7874	26.9619	27.7222	27.3922	26.9037	26.7608	26.9821	26.6598	26.7744	26.9052	26.7897	27.1853	26.8839	26.8709	26.9818	26.7416	26.9598	26.8793	26.9838	26.9098	26.8196	26.9968	26.9145	26.7543	26.8309	26.7716	26.8711	26.7206	26.698	26.9042	26.7474	26.6903	27.1411	26.876	26.9471	27.0763	27.1869	27.298	26.7441	26.5912	27.2268	27.6135	26.748	26.7907	26.4676	26.7443	26.858	26.7059
PROT_0641	28.4473	28.464	27.876	27.8252	29.0257	28.7817	28.2947	28.3325	28.1469	28.1215	28.2419	28.4667	28.3262	28.1671	28.3752	28.2108	28.3637	28.0542	27.9153	28.2234	28.3883	27.8847	28.3993	27.8064	28.1808	27.9401	28.1072	28.0679	27.9743	28.1092	28.0177	27.83	28.2178	27.9702	28.5016	28.3564	28.0614	28.1522	28.2836	28.3297	28.2278	28.0883	27.9955	27.8423	28.1638	28.4357	28.1832	28.1272	27.9045	28.0153
PROT_0642	21.8039	21.7217	21.0735	20.8785	21.0381	21.3133	20.9438	21.108	21.6175	21.6948	21.2239	21.5631	20.7513	20.8801	20.1431	21.0187	20.6397	20.8981	21.5701	21.4622	21.7021	21.467	20.8705	20.9323	20.1197	20.6252	20.9244	20.8519	21.4099	21.6697	21.2094	21.4621	20.9786	21.0574	20.9641	20.6229	20.7349	20.67	21.3384	22.0253	20.9343	21.3209		21.0165	20.8036	20.9483	20.2938	20.66	21.362	21.8728
PROT_0643	27.1711	27.2381	26.9299	27.3215	27.3863	27.6548	27.5459	27.3011	27.2319	26.8732	27.3948	27.0076	27.1497	27.1128	26.8434	27.4232	27.0531	27.1883	27.4535	27.203	27.4151	27.6151	27.0521	27.321	27.4172	27.3711	27.0753	27.0666	27.2742	27.1547	27.3791	27.021	27.4045	27.225	27.2925	27.5629	27.2483	27.4138	27.488	27.0147	27.2207	26.9192	27.1212	26.8978	26.9813	27.3512	27.0757	26.9151	27.3249	27.0244
PROT_0644	20.1026	19.7302	19.0041	19.3644	20.2371	20.4047		19.9161	19.7024	19.7175	19.339	19.4548	19.7613		19.1188		20.1894	19.8726		19.8415	19.7558	19.5322	19.5415	18.891	19.4922	19.1712	19.3097	20.1837	19.2816	20.3191	19.853	19.5011	20.0982		19.8224		19.7865	19.8096	19.0033	20.1456	19.4163	19.52	19.4493	20.3693	19.3071		19.9062	20.2617		
PROT_0645	22.4729	22.8311	21.9366	22.2947	23.1444	22.4579	22.9138		22.4019	22.1149	22.4556	22.4293	22.4168	22.6114	22.0202	22.2645	22.6428	21.9626	22.2137	22.0128	22.1396	22.9642	22.0956	22.616	22.3533	22.3792	21.8019	22.3065	22.3386	22.4337	21.6976	22.747	22.4851	22.3017	22.3904	22.178	22.7454	22.959	22.4545	22.648	22.0423	22.1001	22.2579	22.2309	22.2779	22.4151	22.4872	22.3226	21.9386	22.4802
PROT_0646	23.9558	23.486	23.5446		23.929	24.0077	23.7395	23.3594	23.7753	23.3643	23.8141	23.5363	23.3872	23.4831	23.6608	23.858	23.8303	23.75	24.2547	23.349	24.1411	23.404	23.6156	23.8088	23.6404	23.6554	23.473	23.3822	23.4297	23.8112	23.7257	23.271	23.2533	23.7629	23.8127	23.79	23.231	23.4609	23.6455	23.6297		23.3043	23.5003	23.5313	23.533	23.647	23.914		23.3886	23.6496
PROT_0647	22.3032	22.8078	22.3478	21.8905	23.1413	22.861	22.7396	22.3914	22.6181	22.539	22.8838	22.5778	22.3924	22.638	22.5174	22.9663	22.704	22.1122	22.7068	22.5409		22.2515	22.0715	22.4081	22.5213	22.5172	22.614	22.4364	22.6034	22.5513	22.0769	22.6086	22.5665	22.4596	22.3857	23.0074	22.8061	22.7253	22.3758	22.3468	23.0036	22.1591	22.4514	22.3931	22.9309	22.9285	23.1431	22.6092	22.486	22.4255
PROT_0648	21.3628	21.3666	21.2853	20.8515	21.1272	21.7594	21.0735	21.1963	21.2022	20.5918	20.5314	21.0868	20.9945	21.5689	20.8473	21.2062	21.2937	21.3347	21.5925	20.7666	20.8852	21.2265		21.4585	20.792	20.6483	20.8585		20.6737	20.5201	21.3375	20.5528	21.5821	21.0281	20.786	21.568	20.9265	21.4776	21.1446		21.3768	21.1545	21.5339	21.1765	20.6494	21.0175	21.2469	20.9923	20.8712	21.0434
PROT_0649	20.5721	20.2514		20.4577	20.7377	20.5826		19.6388	20.6965		20.3271	20.7068	20.0904	20.1733	20.7962	20.082	20.4277	20.452	19.5449	20.2728		19.8932	19.8224	20.6428	19.6753	20.0334			19.8575	20.6611	19.9115		20.5232	20.4167	19.6692	20.3928	20.4381	19.8735	19.9471	20.2233		20.0397	20.7896	20.0852		20.2302		19.6992	20.3982	
PROT_0650							19.1442		17.4649								18.5356					18.078	18.5837			18.2764			17.7154	17.8715			18.3225	18.0207		17.7691												17.8787		
PROT_0651	25.9594	26.2106	26.1526	26.4092	26.7727	26.5009	26.0857	26.5633	26.3146	26.3286	25.9069	26.3282	26.2492	26.5492	26.2758	25.9704	26.2662	26.293	26.052	26.1865	25.3991	25.368	26.3693	26.0201	26.0869	26.0832	25.8315	25.9482	26.107	26.3509	26.452	25.9976	26.1986	25.904	25.9381	25.8175	25.9795	26.0182	25.9356	26.5473	25.8856	26.0042		26.1771	26.2923	25.765	26.1788	26.5538	26.2486	25.9509
PROT_0652	27.6069	27.9578	28.0029	28.1289	28.7685	28.4275	28.0127	28.4364	28.0004	27.9535	27.7055	27.7655	27.9237	28.0784	28.2039	28.2207	27.8038	27.9807	27.8023	28.0626	27.7425	27.5382	27.8983	28.0485	28.3079	28.1211	27.7572	28.1362	27.8809	28.3299		27.8368	28.2272	27.957	28.4534	27.9874	28.1163	28.1232	28.4956	28.641	28.2458	27.8809	28.2151	27.8211	28.2463	28.1288	27.9756	27.9656	28.3613	27.8438
PROT_0653	21.638	21.9338	22.0539	22.2597	22.6071	22.0875	22.1792	21.8093	21.965	21.8641	21.9509	22.0422	22.3102	22.1591	21.7503	21.9857	21.7084		22.2948	22.511	21.4665	21.8437	21.8368	22.2623	22.2851	22.2976	21.9691	21.6283	22.3925	22.0563	22.0582	21.7356	22.0019	22.4602		22.3491	21.8648	22.0423	22.2988	22.3372	21.7103	22.0876	21.9156	21.8687	22.0448	21.8007	22.0616	22.2273	22.0794	22.1517
PROT_0654	26.5882	26.2075	26.5464	26.3973	27.1449	27.1294	26.6273		26.3981	26.4223	26.3483	26.4041	26.8989	26.6564	26.846	26.7534	26.6411	26.6842	26.7446	26.8354	26.8163	26.4962	25.9928	25.741	26.8166	26.7	26.3938	26.7161	26.6205	26.794	26.6737	26.8032	26.6819	26.6343	26.7969	26.7401	26.4429	26.2755	26.3975	26.8659	26.8039	26.3731	26.6534	26.6404	26.7018	26.6453	26.5581	26.3059	26.6237	26.5546
PROT_0655	26.8929	26.8225	26.6771	26.6717	27.1864	27.1382	27.0181	26.807	26.7739	26.9232	26.7159	26.7998	26.772	26.7627	26.8577	26.8438	26.7954	26.7	27.0494	26.7452	26.6162	26.3979	26.5974	26.8425	26.6369	26.9443	26.5672	26.7354	26.2624	26.8571	26.4733	26.5014	26.5036	26.6663	26.7298	26.6869	26.6061	26.3995	26.771	26.8571	26.75	26.5609	27.0175	26.7912	26.8091	26.7251	26.975	26.741	26.6732	26.8006
PROT_0656	26.5955	26.611	26.8049	26.2346	27.0442	27.1202	26.8804		26.6985	26.5901	26.4567	26.8122	25.7342	25.116	26.691	26.6969	26.3942	26.7362	26.306	26.6468	26.5637	26.1616	26.6697	26.5277	26.6557	26.4868	26.6335	26.836	26.0986	26.4845	26.5503	26.4894	26.7197	26.3616	26.4024	26.4505	26.8416	26.8549	26.6822	26.7796	26.5476	26.5866	26.504	26.4783	26.389	26.6496	26.3591	26.8778	26.1341	26.3188
PROT_0657	18.3818				19.5077	17.6715	18.2714				18.6931				18.2577					18.024	17.3571													16.8272	17.1688		16.913			19.9232			18.2614				18.299	17.6634		
PROT_0658	23.8607	23.9645	23.9274	24.2917	24.4176	24.3267	24.1224	23.8325	23.6499	23.6675	23.6863	24.5246	24.1823	24.1862	24.1322		24.0743	23.6913	23.819	24.4663	23.8604	23.9806	24.5218	23.9096	24.2066	24.1601	23.9275		24.0538	24.2171	24.4028	24.2088	24.5204	23.7032	24.3326	23.862	23.8625	23.6291	23.9873	24.2172	24.1996	24.3344	23.9824	23.8368	24.0448		23.8972	24.0743	24.1037	24.0643
PROT_0659	28.1498	28.2793		27.9043	28.7934	28.789	28.304	28.3286	27.917	28.0195	28.0706	28.1594	28.3132	27.6744	28.0669	28.0873	28.2581	28.0186	28.1198	28.3414	28.2555	27.9696	28.3042	28.1443	28.2766		27.9439	27.8801	28.0283	28.4078	28.1561	28.3006	28.3372	27.9665	28.3881	28.0466	28.0277	28.1223	27.973	28.0115	28.2773	28.2246	28.1794	28.2601	28.3761	28.3011	28.3465	28.0209	27.9875	28.2355
PROT_0660	22.8495	22.493	22.4922	22.4954	23.0826	22.9772	22.7634	22.4491	22.2289	22.6662	22.7663	22.8713	22.6482	22.2971	22.9033	22.5525	22.497	22.2931	22.6214	22.1387	22.7767	22.6549	22.9147	22.7653		22.3533	22.2646	22.8597	22.7728		22.2106	22.6018	23.0306	22.3205	22.714	22.4179	22.6051	22.561	22.4951	22.8089	22.2853	22.9759	22.385	22.9449	22.6779	22.6801	22.4795	21.763	22.6059	22.9085
PROT_0661	25.0394	24.7309	24.8684	24.722	25.14	25.3547	24.4664	24.9583	24.7251	24.5812	24.4513	24.2804	25.1112	24.6959	24.6202	24.9066	24.8542	25.0005	25.0154	24.725	25.0236	25.014	25.1056	24.9446		24.6252	24.7423	24.7804	24.5915	24.7561	24.7821	24.5879	25.0017	24.7668	24.7954	24.8323	24.9263	24.7215	24.3814	24.6835	24.507	24.8356	24.7638	24.4426	24.893	24.8258	24.5672	25.0191	24.8472	24.6561
PROT_0662	22.7791	22.4213	22.9922	22.9509	23.0236	23.2747		22.784	22.7079	22.7436	22.658	22.3808	22.6744	22.8503	22.5065	22.3949	22.7663	22.6716	23.0143	22.7083	22.5904	22.6039	23.0043	22.5527	23.0255	22.5327	22.5694	22.8146	22.2409	22.599	22.5739	22.6327	23.0434	22.4295		22.7928	22.4402	22.5036	22.9541	22.8786	22.7136	22.485	22.7531	22.4679	23.11	22.5576	23.0062	22.5224	22.5711	22.9798
PROT_0663	25.4114	25.548	25.631	25.6416	25.9241	25.7271	25.4994	25.4003	25.8342	25.4142	25.7433	25.6042	25.4373	25.1073	25.71	25.4392	25.7532	25.6216	25.5417	25.5113	25.6621	25.2094		25.4832	25.5447	25.2222	25.3302		25.4452	25.5356	25.2933	25.4317	25.4292	25.4349	25.4483	25.332	25.5137	25.6885	25.4961	25.613	25.7235	26.0491	25.3059	25.6212	25.3866	25.2991	25.7446	25.4876	25.8212	25.8822
PROT_0664	19.1119			19.5703	19.5062	19.112		17.9318	19.1695									19.4042	19.6702	19.8537	19.2667			19.255	19.5742	19.0779	18.2237		18.8326	19.6378		18.8597					18.8535		18.7181	18.4672	19.3404	19.1022			18.7825			19.4992	19.0557	
PROT_0665	18.3397					18.9825	18.2354				18.0058			19.2439			18.3015		18.54			18.1495	18.5191	18.4319		18.7531							17.961			18.5013				18.3821		18.8027						17.7157	18.2306	19.4712
PROT_0666	22.579	22.4121	22.4754	22.84	22.8781	22.7372	22.7309	22.258	22.4726	22.3254	22.635	22.324	22.405	22.4457	22.4222	22.6494	22.5826	22.5522	22.5604	22.7103	22.7102	22.5919	22.5233	22.5903	22.5703	22.9704	22.7255	22.4271	22.6587	22.7811		22.4689	22.1692	22.5187	22.7221	22.8395	22.3819	22.2455	22.6263	22.5967	23.2154	23.414	22.54	22.4235	22.2773	22.4027	23.0565	23.0314	22.6713	22.1519
PROT_0667	26.6028	26.6358	25.9093	26.3726	26.8132	26.5922	26.0433	26.0441	26.2051	26.0196	26.1869	26.3619	26.081	26.1823	26.3314	26.2829	26.0839	26.1287		26.0782	26.084	26.0814	26.1233	25.9381	26.0999	25.896	26.1107	25.7601	26.1444	25.9948	25.8501	26.0723	26.094	26.1157	25.9835	26.0532	26.5044	26.2441	26.3422	26.2804	25.9979	26.2479	25.7202	26.2009	26.0829	26.0697	26.0182	26.0498	26.3941	26.2981
PROT_0668	22.5956	22.9377	22.3983	22.7219	23.2163	23.0063		22.6493	22.6433	22.5045	22.7935	22.5393	22.543	22.8273	22.5686	22.347	22.7143	22.5261	22.8787	23.3325	23.2291	22.8344	22.6598	22.2972	22.6307	22.6605	23.0771	22.4479	22.7148	22.3578	22.4658	22.4994	22.7554	22.5877	22.7238	22.2427	22.7493	22.6345	22.429	22.5067	22.1902	22.8001	22.6967	22.5485	22.6909	22.7196	22.6464	22.4367	22.724	22.8071
PROT_0669	19.0611			19.044			18.4244	18.2162		17.716	18.5463	19.3784		19.4003			18.8653		19.6843	19.0688	18.7981	19.2898	18.159	19.5549	18.8106			19.0998	19.7768	19.3163	19.6051		19.3076			18.8086		19.2374	19.1597	20.0118		19.2229	18.375		19.9915	18.9753	18.9928		19.0216	19.2448
PROT_0670	25.5677	24.9661	25.6189	24.9275	25.515	25.4075	25.1579	25.4661	25.1402	24.6948	25.1412	25.1857	25.3228	24.8732	25.1287	25.1074	25.1708	25.4104	24.9804	25.0806	25.1819	25.1515	24.932	24.849	25.281	25.0301	25.2771	25.1422	24.8141	25.2279	25.1867	25.1264	24.9773	24.7877	25.2518	25.229	24.9146	25.0609	25.0015	25.1437	25.5211	25.0271	25.1919	24.933	25.0547	25.1221	25.1897	25.2899	25.2008	25.3007
PROT_0671		24.2057	23.9485	23.8957	24.1529	24.2113	24.0085	24.1827	23.7285	23.8518	24.0494	23.8438	23.5697	23.9002	24.0832	24.089	23.9781	23.6918	23.5749	23.8041	23.8277	23.9006	23.6737	23.8757	23.6357	24.1852	23.9322	24.2929	23.5022	23.9455	23.8179	23.754	24.0647	23.6134	24.2847	24.5563	23.8268	24.0513	24.0737	23.6466	23.8131	24.0403	23.6553	23.4921	23.8833	23.8312	24.0869	24.1689	23.8879	23.6683
PROT_0672	20.3298	20.4364	20.4655	20.7652	20.8039	20.4812		20.839	20.2954	20.5708	20.4372	20.8734	20.6648	20.3955	20.8225	20.2428	20.3131	20.6985	20.4772	20.8765	20.7069	20.4151	20.4663	20.6246	20.8142	20.1689	20.059		20.5495	20.4027	20.0436	20.5317	21.0042	20.7207	20.6272	19.7993	20.8418		20.9609	20.5521	21.2828	21.3422	21.5031	20.7338	20.51	20.4657	20.9838	20.1253		20.7758
PROT_0673	23.9452	24.469	23.9875	24.2034	24.0121	24.6179	24.4611	24.1962	24.2728	24.3921	24.3106	24.4779	23.6702	24.344	23.7543	24.1286	24.5257	24.669	24.2493	23.8185	24.4065	24.5368	24.1647	24.2145	24.389	23.839	24.2325	24.2143	24.1399	24.5594	24.0508	24.1314	23.9151	24.1241	24.004	24.0922	24.5244	24.238	24.2235	24.3199	24.1548	24.3286	24.2039	24.1812	24.156	24.0207	24.3426	23.7482	24.6017	24.1443
PROT_0674	27.0365	27.8105	27.6049	27.599	28.0489	28.0508	27.7618	27.9533	28.0327	27.5681	27.512	28.0352	27.6965	27.7217	27.7555	27.7295	27.8212	27.3705	27.9247	27.8924	27.6399	27.5189	27.9625	27.6645	27.7268	27.7597	27.8034	27.622	27.8473	28.068	27.6617	27.6023	27.522	27.5041	27.6545	27.4951	27.7846	27.8622		27.8442	27.6132	27.803	27.8018	27.7342	27.7648	27.7102	27.9033	27.7454	27.6252	27.4745
PROT_0675		19.3894	19.4968	19.7664	19.8486	19.9221	19.1342		20.1367		19.5355	19.7428		19.2442		20.1152	19.6847	18.8878	19.6595	19.5384	19.4789	18.897			19.4412	19.564	18.6308	19.8628	20.1247	19.6492	19.1854	19.6555	19.1583		19.3207		19.6282				19.6376	18.8278	19.138	19.8631	18.9919	19.3406		18.7652	19.2303	18.7725
PROT_0676				17.8893	18.228			17.3241	18.413				18.222	17.8698						18.5556				17.9238	18.0404	17.7102					20.2082	18.5567	17.5959			17.5766				18.8749			17.6562		18.702		18.2113	18.1163		17.7433
PROT_0677	20.305		20.0778	19.6973	20.823	20.7325	20.1863	20.1108	19.8278	19.9174		20.2599	19.3374		20.5754	20.3689			19.7912	20.266	19.8446	20.1935	20.524		19.9316	19.712	19.8914	19.6805	20.3566				20.3721		19.8105	19.6064	19.9105	19.5973			19.9209	20.6819	20.7989	19.7482	19.7783		20.4088	20.0873	20.1927	19.6263
PROT_0678	21.0209	20.852	21.1259	20.9524	21.9309	21.1554	21.3943	20.9392	20.8135	20.7712	20.7427	21.2036	21.4698	21.1222	20.9931	21.3555	20.8635	21.5968	21.101	21.2585	21.5209	20.8767	21.5432	20.8768	21.2248	20.345	21.0634	20.9841	20.871	20.7337	20.7836	20.6929	20.8749	21.2304	21.1859	21.1814	20.931	21.3088	20.9809	20.5395	20.7589	21.429	21.5359	21.2692	20.9332		21.2465	21.014	21.3986	20.8709
PROT_0679	24.0824	24.0179	23.9922	24.189	24.5302	24.7116	24.2365	24.0215	24.4368	24.3518	24.3101	24.0863	23.9571	24.1051	23.7616	24.4195	24.2223	24.1359	24.0688	24.0739	23.9647	23.9966	24.2231	24.3184	23.7865	24.0086	24.0985	23.8009	24.2447	24.0244		23.7589	23.9333	23.9069	23.8515	24.1485	23.9194	23.9977	24.1045	24.1567	24.1726	23.8216	24.0812	24.0279	23.9068	23.9101	24.2006	23.6925	24.215	24.0587
PROT_0680	24.536	24.4248	24.5685		25.2475	25.2381	24.496	24.5897	24.5605	24.2829	24.1827	24.2482	24.3044	24.3857	24.5526		24.2974	24.3093	24.4882	24.5478	24.7957	24.4161		24.2092		25.0751	24.4577	25.1193	24.3886	24.8611	24.3459	24.1407	24.4792	24.4165	24.4146	24.5049	24.4991	24.6479	24.3167	24.7519	24.7384	24.7187	24.1938		24.2806	24.6029	24.5401	24.7965	24.63	24.6009
PROT_0681	20.3044	20.6227	19.9857	20.5021		21.464	19.9932	20.2404	21.0532	20.6973	20.9685	21.0828			20.1899	20.1351	21.0975	20.3348	20.2665	20.1894	20.9387	20.4825	20.3433	20.6551	21.0037	20.3284		19.8827	20.925	21.8208	20.7732	20.8283	21.3137	20.3164	20.2456	20.984	20.4976	20.7058	20.8305	20.2883	20.3568	20.7128	20.385	20.3861		21.0541	20.5281	20.3902	21.1545	20.653
PROT_0682		19.5217	20.112	19.6026			19.7611	19.668	19.2415	20.0103	19.4243	19.8679	19.3092	19.7033	19.6173	19.2059	20.0778	20.2152	18.9017	18.9372			20.2134	19.9386	19.6307	19.843	19.3455	19.5224	19.7782	19.8097	20.4693	19.6905	20.4745		19.5433	20.0178	20.0134	20.0063	19.5693	19.677		19.5864	19.9872	19.1028	19.624	19.4309	19.6249	20.0867	19.8234	19.5209
PROT_0683			18.0837	18.5494		18.8356					17.8894	18.4659			18.5812	18.5435	18.0932			18.3485						18.2058	18.5384				17.4278		17.7516							18.5862										18.3025
PROT_0684	27.1965	26.8455	26.6739	26.9427	27.5392	27.2947	27.2835	26.7514	27.0858	26.6966	26.9618	27.2078	27.0305	26.8816	27.3086	27.189	27.1138	26.8321	27.0865	26.9915	27.0412	26.8034	26.6588	26.9075	27.1276	26.9275	26.8019	26.722	26.9013	26.982	26.8772	27.2412	27.1968	26.6032	27.0274	27.1081	27.0816	26.8767	26.9068	26.9397	27.3768	27.1093	27.0925	27.1013	27.123	27.1149	27.0387	26.7077	26.7203	26.6743
PROT_0685	28.4552	28.6386	28.5126	28.4728	28.9046	28.7569	28.3584	28.6396	28.3239	28.2256	28.3025	28.8287	28.2387	28.3362	28.6268	28.3529	28.8094	28.6246	28.4672	28.0752	28.3723	28.434	28.4565	28.5082	28.4538	28.2547	28.5585	28.2314	28.4596	28.4007	28.5451	28.4715	28.4102	28.3181	28.5194	28.1316	28.7038	28.5427	28.2946	28.3526	28.1342	28.4072	28.3541	28.3828	28.6632	28.4062	28.5416	28.3525	28.5207	28.2484
PROT_0686	23.1541	22.3539	22.5023	22.9328	22.682	23.0136	22.4183	22.2389	23.1171	22.5922	22.8836	22.6635	22.65	23.0167	22.8563	23.2233	22.8141	22.6954	22.9654	22.7936	23.2051	22.7589		23.0694	22.748	22.6185	22.7035	22.2425	22.3879	22.7374	21.8669	21.4783		22.8359	22.6516	22.557	22.4862	22.4211	23.0461	22.7087	22.6012	22.5724	22.5566	23.1522	22.5911	22.8475	22.5014	22.3087	22.4626	22.3061
PROT_0687	25.611	25.7024	25.4022	25.7602	25.5192	26.1813	25.8538	25.3273	25.7292	25.5197	25.3977	25.6561	25.3247	25.5291	25.8237	25.4973	26.0102	25.3106	25.6734	25.5569	25.2343	25.5233	25.0753	25.409	25.2221	25.3889	25.2474	25.3856	25.3752	25.5408	25.5346	25.6443	25.3571	25.7212	25.3896	25.5158	25.7939	25.601	24.9501	24.8683	25.5572	25.7551	25.0723	25.5079	25.2722		25.9731	25.4523	25.688	25.4799
PROT_0688	24.2683	23.7298	23.5868	23.4857	24.101	24.1259	23.6979	23.7536	23.5413	23.0534	23.8221	23.8927	23.4987	23.6756	23.4344	24.1759	23.5593	23.2861	24.0807	23.6606	23.6396	23.6045	23.425	23.9082	23.5653	23.8669	23.6666	23.5377		22.5976	23.5671	23.6827	23.7633	23.8954	23.8159	23.3148	23.4062	23.312	23.8186	23.3907	23.6026	24.3464	23.5626	23.4941	23.4594	24.2454	23.7181		23.8454	23.472
PROT_0689	23.1743	22.7168		23.0718	23.12	23.4807	22.8825	22.8873	22.9998	22.6455	22.853	23.2539	23.1462	22.9811	23.0542	23.5028	22.9332	22.9965	23.0171	22.8268	23.3498	22.7751	22.7454	22.5994	22.641	22.8022	22.7125	22.7427		22.8907	23.089		22.9425	22.8166	23.0572	23.1683	22.9596	22.725	22.3829	22.4355	22.9868	22.6235	23.1588	23.2928	22.5784	23.026	23.4252	23.0568	22.9534	22.7635
PROT_0690	18.8814	19.6882	19.1188		19.1741		19.0683		18.783	19.2776	19.4936	19.1518	19.5403			19.6192	19.4646	19.618		18.7791	19.0774	18.4855				18.936	19.1358			19.8741		19.033		18.7347	19.2664	19.2749			18.4812	19.3114	19.3827	19.3838		19.2596	18.985	18.8717		18.7455		
PROT_0691	20.869	21.0776	20.2875	20.5254	20.35	20.2152	20.948	21.0512	21.6913	20.6713		20.9346	20.6499		20.6326	21.1301	21.1014	21.4527	21.4592	20.7447		20.9256	21.0004	21.2136	20.5131	20.6253	20.9081	21.2785	20.6737			20.6931	21.3667	21.2043	21.1705	20.384	20.9559	21.0304	21.2214	21.1063	21.9055	21.2463		20.4966	20.6088	20.9216	20.3882	21.212	20.9312	20.7456
PROT_0692	21.8626	22.0734	22.156	21.632	21.5824	21.9664	21.5327	21.8114	21.5722	21.3858	21.8693	21.7844	22.3135	21.4751	21.7117	22.4247	21.6063	21.6706	21.5443	21.5732	21.9559	21.9838	21.3048	21.5183	21.7193	21.7825	21.637	21.6082	22.0691	21.8538	21.7516	21.7986	22.1709	21.7063	20.4778	21.1371	21.8523	22.0484	21.8914	21.8511	22.0875		22.0556	21.3793	21.4063	21.9708	21.9958	21.7997	21.8432	21.5907
PROT_0693	26.3969	26.7589	26.6461	26.6612	26.4278	26.456	27.0143	26.5321	26.4617	26.5625	26.7804	26.6578	26.5886	26.6125	26.7817	26.5674	26.8638	26.8335	27.2281	27.048	26.7697	26.5366	26.5515	26.502	26.4294	26.452	25.8472	25.9016	25.8727	25.8127	26.4483	26.3926	26.9363	26.3983	26.5061	26.2143	26.6732	26.779	26.6212	26.3232	26.5015	26.5996	26.7836	26.7162	26.5082	26.4934	26.3831	26.592	26.298	26.055
PROT_0694	23.9776	24.018	23.8603	24.2843	24.3569	24.2822	23.9135	23.9153	23.9598	24.1288	24.186	24.1811	23.7891	23.8213	24.163	24.1101	23.9193	23.6406	23.778	23.9074	24.0129	23.6105	23.954	23.7235	24.066	24.0741	23.8268	23.7399	24.1799	23.9639	24.0618	23.928	23.9231	23.5968	24.1197	24.2086	24.1257	23.8699		23.9792	24.2607	23.6903	23.9613	24.1374	23.4444	23.9151	24.3001	23.9211	23.8105	23.945
PROT_0695			20.7625	20.8141	21.1272	21.0242	20.9192	21.2429	21.2007	21.5821	20.8922	21.4116	20.6999	20.7749			21.3157	21.4406	20.8102	21.407	20.5355	21.1556	20.6248	20.9808	20.9573	20.9492	20.8958	20.6466		20.8122	21.172	20.7026	20.5579	21.0281		20.7933		20.5882	21.2232	21.3447		20.8244	21.0543	21.178	21.7958		20.4292	21.3039	21.7594	21.1384
PROT_0696	26.8094	26.6962	26.7147	26.7935	26.7522	26.8583	26.9654	26.856	26.5648	26.6407	26.7113	26.6917	26.9252	26.3899	26.4234	26.6487	26.7985	26.6632	27.265	27.5644	26.8952	26.259	26.7053	26.552	26.7908	26.8917	26.687	26.5433	26.3407	26.5011	26.6621	26.6838	27.0204	26.9611	26.9201	26.4227	26.741	26.9185	26.5554	26.8831	26.941	26.7255	26.5821	26.5587	26.8563	26.8196	26.0824	26.1576	26.0375	26.0337
PROT_0697	20.4444	20.8374	20.0854		21.1057	20.1695	20.8208	20.2194	21.3211	21.396	19.8515	20.7093		20.3064			21.0091	20.4886	20.4501	20.6901	21.0008	20.6114	21.4403	20.3403	20.9939		20.6803	20.1441	20.7778	20.7925	20.4981	20.4649	20.8822	20.1346	20.8113	20.5428	20.7232	20.8714	20.7753	21.0491	20.3236		20.7007		20.3692	20.2162	20.799	20.5395	20.553	20.6243
PROT_0698	22.7701	22.6273	22.7301	22.8299	23.1688	22.5831	23.0	23.0491	23.3598	22.597	22.7145	22.725	22.7495	22.9714	22.9495	22.8539	23.3349	22.7243	23.0274	22.6398	23.247	23.0445	22.8821	22.9736	22.9128	22.9892	23.1823	22.5782	23.1398	22.6848	22.7055	22.9596	23.0363	23.1469	22.9648	22.7029	22.9263	23.1143	22.7939	22.7407	22.6143	22.9807	22.5092		22.77	22.7141	23.0286	22.9739	23.386	22.6199
PROT_0699	20.2503	19.9892	20.4422	21.4786	21.5347	20.7047	19.9433	20.4972		20.494	20.5736	20.7975	20.4083	20.4199	20.9974	20.6532	20.5617	20.8903	20.8035	20.0541	20.4754	21.0363	20.387	20.6036	20.6472	20.5662	20.9385	20.3095	20.98	21.1027	20.6738	20.271	20.8874	20.812	20.9235	20.5669		20.8657	20.6473	20.5403	21.153		20.9312	21.4255	20.1004	20.3606	20.5164	20.5016	21.2578	
PROT_0700	27.4372	27.4927	28.0415	27.8703	27.6335	27.2547	27.4766	27.9376	27.5879	27.5484	27.4969	27.8083	27.7145	27.4236	27.8828	27.7751	27.5974	27.8901	27.4635	27.6088	27.6824	27.7143	27.9268	27.3203	27.5872	27.671	27.443	27.7341	27.4342	27.6984	27.3579	27.3521	28.0121	27.8628	27.7795	27.4892	27.5948	27.8234	27.7393	27.7351	27.4669	27.2826	28.0233	27.645	27.444	27.6596	27.579	27.675	27.2759	27.3961
PROT_0701	23.8484	23.9072	24.2647	24.4271	23.9341	24.486	24.1159	24.1986	24.4219	23.7097	24.1162	24.1597	24.1905	24.3675	24.2019	23.9715	24.4623	24.2112	24.4884	23.8433	23.8618	23.8968	24.3544	23.8056	23.8008	23.7565	23.95	23.753	24.2013	24.2054	23.8535	24.523	23.6917	23.8792	23.8932	24.1833	24.2773	24.4239	24.1798		24.1659	24.5522	23.9278	24.1967	23.5181	24.1925	24.5868	23.9436	24.3394	23.956
PROT_0702	20.444			19.699				19.7685		19.7523		19.8536	20.4653	19.6178	20.2041	19.9045	20.4556	19.4468	20.1586	20.3211				19.7324	19.9518	20.0886	19.899	20.4271	20.4381	20.1043	19.3977	19.0839	19.7861	20.1498	20.4701	19.3588	19.509	20.1587	19.268		19.632		19.8553	20.2296	19.8597		20.1586		20.0093	19.4244
PROT_0703	22.0955	21.7985	22.0029	22.0535		21.9653	21.9541	22.2055	22.142	22.4087	21.7252	21.7292	22.3647	22.0221	21.9469	22.0581	21.909	21.9865	21.7519		22.3228	21.9981	21.8363	21.8003	22.0679	21.5421	21.826	21.9006	22.042		22.1457	21.7202	22.2319	21.9577	22.457	21.8176	22.0729	22.88	21.8859	21.9165	21.9553	21.9625	21.8656	21.8868	22.4478	21.9678	21.9695	21.699	21.9892	21.8586
PROT_0704	20.6985				21.2922	21.1052	21.1454	21.3962	21.5918	21.506	21.3468	21.1305	21.5515	20.9165	21.3103	21.5954	21.3706	20.9423	20.8263	21.0999	21.5686	21.5047	20.6859	20.7698	20.9832	21.1241	21.4405	21.054	21.2389	21.0874	21.5956	21.2031	21.3889	21.4948	21.0853	21.1297	21.7988	21.8353	21.9828	22.1389	21.0971		21.3409	21.0111	21.5078	21.5017	21.6435	21.0347	21.0798	21.2806
PROT_0705	22.6694	22.5888	22.4753	22.4226	22.9461	22.7485	22.8775	22.5402	22.8445	22.553	22.7642	22.0771	22.4051	23.0486	22.8795	22.2853	22.6368	22.7524	23.1041	22.4292	22.5748		22.6675	22.6805	22.1561	22.6367	22.5975	22.3861	22.5478	22.8643	22.6755		22.5646	22.596	22.5875		22.5423	22.6338	22.5617	23.2603	22.9176	22.5252	23.0745	22.4607	21.8861	22.325	22.3839	22.8546	22.6051	21.9142
PROT_0706		19.6039	18.9814	19.4362	18.5094		18.8951	19.0362			19.0871		18.5695	19.4139					19.3419		18.492		19.3122	18.8366	19.8044	18.8549		20.0593		19.2	18.4972	19.0307	19.5334		19.3561		19.2524		18.7865	19.3392		19.4037	18.9057		18.7006				19.0771	19.5799
PROT_0707	23.3666	23.5113	23.2591	23.0408	23.4092	23.325	23.5027	23.6167	23.3866	23.342	23.3847	23.6404	23.5694	23.0835	23.2373	23.0941		23.1759	23.2958	23.5231	23.5759		23.4013	23.4057	23.1338	23.5653	23.0625	23.0543	23.2391	23.3991	23.4845	23.6901	23.4033	23.4358	23.0216	23.4622	23.9316	23.2816	23.4025	23.0975	23.3471	23.382	23.2194	23.632	22.9706	23.116	23.4924	23.766	23.4785	23.3516
PROT_0708	22.7971	22.8289	22.7563	22.9592	22.4674	22.5304	23.1766	22.8349	23.1441	22.9823	22.7411	23.0014	22.6151	22.754	22.9529	22.446	22.7626	22.636	22.9574	23.1474	22.6605	22.8631	22.6167	22.6437	22.5232	22.872	22.9821	22.6375	22.773	22.9369	22.4736	22.9387	22.7929	23.0154	24.1748	24.1736	22.9113	22.5782	22.8218	22.9715	22.2342	22.8423	22.5762	22.7104	22.7351		23.1486	22.4003	22.5077	23.1273
PROT_0709	24.1304	23.8862	24.4538	24.0312	24.1721	23.8149	24.2906	24.2711	24.4357	24.3256	24.2019	24.5255	24.0602	23.8738	24.1982	24.4137	24.0778	23.9579	24.3423	24.1402	23.8333	24.1691	24.4468	23.7914	23.9984	23.8701	24.1539	24.0143	23.8906	24.3918	23.8364	23.9896	23.9756	24.0633	24.4123	23.7396	24.0414	24.2471	24.0766	24.0867	24.0449	23.9588	24.1098	24.1062	24.2664	23.7081	24.2437	24.2268	24.1664	24.0994
PROT_0710	22.473	22.2211	22.2994	22.1299	22.125	21.8607	22.1139	21.9744	22.3872	22.5678	22.0123	22.3337	22.0567	21.9138	21.9764	22.1651	22.2719		22.1035	22.0837	22.6422	22.3161	21.8525	22.2397	22.2683	22.4917	22.0316	22.3694	22.2678	22.1702	22.0541	22.4783	21.7762	22.4711	21.9353	22.2024	22.2859	22.1524	22.1469	21.9885	22.0351	22.5467	21.6928	22.0671	22.6304	22.4719	21.861	22.3312	22.2895	22.1681
PROT_0711	20.4828	19.3849	19.6495	20.0152	20.6977		20.2159	19.7509	20.2801	20.4791	19.871	20.1408	20.2245	20.2217	20.405	19.9689	20.3797	19.4236	20.5312	20.6048	20.1656		19.7143	20.1585	20.5047		20.7732	20.0386	20.5147	20.8464	20.4783	20.4551	19.729	19.6381	20.5861	20.796	20.5942		20.1356	20.7835	20.0059	21.1924	20.5632	20.6001		20.9039	19.939	20.2657	20.2148	20.432
PROT_0712	22.5237	22.5038	22.6611	22.6665	23.0086	22.7038	22.4713	22.7388	22.687	22.5562	22.9871	22.3314	22.684	22.7795	22.5253	22.5696	22.7981	22.7316	22.2551	22.508	22.7057	22.5111	23.0565	22.7327	22.6853	22.6143	21.9742	22.7432	22.7147	22.9415	22.8301	22.8421	22.8402	22.7216	22.5842	22.6943	22.4713	22.4649	22.687	22.8704		22.6606	22.6457	22.486		22.6433	22.4992	22.3679	22.9391	22.5341
PROT_0713	29.1339	28.9601	28.903	29.2271	29.2368	28.9436	29.1984	29.1556	29.0487	29.1099	28.9699	29.117	28.8345	28.7123	29.2321	29.1252	29.015	28.6565	29.1337	28.9918	28.9272	28.7585	28.85	29.2227	29.1609	28.8593	29.015	28.9502	28.9239	28.9106	29.1374	29.1093	28.8936	29.2693	29.0407	29.0044	28.9167	29.0387	29.046	29.1645	28.7566	29.0452	28.8429	28.9189	29.0365	29.0968	28.8403	28.9997	29.0778	28.6903
PROT_0714	21.0249	20.2946	20.9226	20.1967	20.4662	20.4922	20.655	20.0512	20.4555	20.6413	21.04	20.4147	20.4025	20.8393	21.0805	20.8459	20.5987	20.6219		21.0726	20.688		20.4634	20.8831	21.1805	21.2193	20.915	20.9882	21.0075		20.4601	20.6745	20.8183	20.267	21.0686	21.0244	19.7993	20.6659	21.8584	20.8471	21.0164	20.451	20.9142	20.8064	20.6493	20.5411	20.4429	21.4316	20.3321	21.0947
PROT_0715	23.4322	23.4415	23.7302	23.645	23.4177	23.7604	23.5679	23.5146	23.5113	23.2595	23.196	23.7655	23.102	23.5155	23.7644	23.5656	23.4958	23.5278	23.5408	23.3568	23.4239	23.2146	23.9098	23.6024	23.6107	24.0158	23.0911	23.3368	23.6723	23.3051	23.6497	23.2516	23.8813	23.6623	23.4068	23.6345	23.6398	23.9792	23.3787	23.711	23.3576	23.9033	23.7101	23.779	23.4739	23.5571	23.1866	22.9752	23.695	23.5419
PROT_0716	25.3676	25.0444	24.8518	25.2654	25.1275	24.7961		24.281	24.5307	24.6513	25.011	25.0878	24.6216	24.7829	25.1862	25.1106	25.0078	24.6183	25.1146	25.0178	24.9501	24.376	25.0278	24.9624	24.8345	24.9441	24.914	24.7398	25.2071	25.1266	24.8816	24.9233	24.6059	24.7344	25.0148	25.0011	24.9383	24.8422	25.0671	25.293	25.0222	25.2115	24.9338	24.8054	24.9454	24.9479	24.7408	24.8897	24.9474	24.9279
PROT_0717	22.4967	22.2207	21.7644	22.2176	22.2702	22.6904	22.2616	22.6428	22.3334	22.0636	22.4287	22.2821	22.4785	22.5424	22.2985	22.5615	22.6984	22.8654	22.2223	22.1161	22.4332	22.4538	22.1677	22.2767	22.0209		21.7653	22.0128	22.8895	22.1746	22.0172	22.0208	21.9988	22.22	22.4049	22.3805	22.0444	22.3119	22.2926	22.3169	22.4346	22.4431	22.1606	22.499	22.8051	22.7491	22.0064	22.1712	22.2648	22.1954
PROT_0718	26.2301	26.4465	26.4939	26.2332	26.4201	26.4157	26.7868	26.5221	26.459	26.4995	26.1827	26.2351	26.679	26.3408	26.375	26.5325	26.4501	26.8445	26.5447	26.3126	26.4139	26.3865	26.2691	26.4698	26.1875	26.0099	26.4288	26.6459	26.5562	26.4065	26.195	26.4011	26.7238	26.2979	26.3689	26.0045	26.663	26.4507	26.5969	26.5154	26.1791	26.6168	26.1895	26.4636	26.3174	26.439	26.4045	26.1591	26.362	26.3911
PROT_0719	27.3565	27.5493	27.5043	27.4933	27.2177	27.434	27.2689	27.3259	27.569	27.5153		27.2136	27.4658	27.5637	27.4996	27.2709	27.2913	27.4779	27.6314	27.1758	27.499	27.1602	27.3321	27.1786	27.1839	27.1016	27.1752	27.3525	27.4307	27.6072	26.6503	27.131	27.6464	27.4543	27.7973	27.1683	26.6944	27.1714	26.8531	27.0865	27.0529	27.4	27.4176	27.4367	27.5074	27.3395	27.0883	27.2926	27.4492	27.6828
PROT_0720	22.4694	23.1962	22.3702	22.9165	22.8483	22.6263	22.5684	22.7957	23.1187	22.394	22.5624		22.9018	23.225	22.9776	23.0072	22.5519	22.6021	22.8898	22.8887	22.1866	22.7551	22.5522	22.4492	22.6189	22.349	22.6375	22.4542	22.717	22.9189	22.5833	22.556	22.7507	23.1415	22.9932	22.4115	23.1464	22.6619	22.6549	22.639	22.6349	22.8017	22.5078	22.9874	22.8511	22.5207	22.6597	22.7708	23.1397	22.7252
PROT_0721			19.7604	19.5975	20.6097	20.797	19.6851		20.6833	19.5326	19.6068	20.2278	20.3751	20.1391	19.7419	20.072	20.5831	20.6431		20.3389		19.8311	20.8661	19.5689	19.9649	19.7687		19.7553	20.6189	20.3972	20.2604	19.7861	21.1909	20.5584	20.5822	20.131	20.992		19.7971	20.3904	20.3434	20.1404	19.8025	20.3043	19.8786	20.1399	20.4793	20.622	20.0531	20.1628
PROT_0722	23.0183	22.3753		23.1619	22.4779	23.2305	23.1023	22.3413	23.064	22.5797	22.9916	22.679	22.458	22.7356	22.7978	23.1755	22.6974	22.7973	22.9723		23.2951	22.346	22.874	22.8415	22.5474	22.8871	23.0104	22.9192	23.0077	22.9765	23.1872	23.0072	23.1617	23.17	22.383	23.3587	22.8636	22.9994	23.0554	23.0225	22.7763		22.9456	22.8321	22.8826	23.1403	22.8762	22.5389	23.0831	22.4718
PROT_0723	22.9675	23.1445	23.127	22.7041	22.6373	23.1561	23.8273	23.344	22.9342	22.8312	23.0466	23.3171	23.3734	22.94	22.7504	22.7286	22.998	22.9855	23.1173	22.8378	22.8341	23.2864	23.1216	23.2119	22.8678	22.7095	22.9402	22.8954	22.9548	22.8972	23.219	23.0266	23.4647	22.7542	23.1351	22.4911	23.2674	23.1714	22.7277	23.028	22.6871	23.0083	23.2556	23.0976	22.7649	22.949	23.2331	23.22	23.1556	22.8048
PROT_0724	24.8956	24.6402	24.7462	24.5865	24.6687	24.5533	24.6879	24.3502	24.9003	24.7827	24.5679	24.8297	24.8753	24.7415	24.8432	24.8807	24.7313	24.5205	24.8715	24.8026	24.5252	24.6079	24.6045	24.6396	24.8181	24.8251	25.103	24.5786		24.8853	24.5297	24.3628	24.8912	24.7789	24.5892	24.4963	24.8806	24.494	24.761	24.7671	24.323	24.725	24.2995	24.6315		24.5984	24.4906	24.241	24.6818	24.7657
PROT_0725	25.9599	25.5738	25.9567	25.4458	25.8273	25.8521	25.4103	25.8107	26.1759	25.7173	26.0453	25.4174	25.665	25.7158	25.8951	25.8221	25.5407	25.6206	25.8004	26.256	25.692	25.4079	25.8459	25.7524	25.9995	25.7017	25.4892	25.666	25.7812	26.1651	25.9493	25.6735	25.9971	25.4442	26.0952	25.8728	25.5452	25.9392	26.0848	25.7917	25.8555	25.554	25.8901	26.0508	25.6267	25.6992	25.4273	25.7678	25.5383	25.6566
PROT_0726	26.0108	25.7688	25.9069	26.2164		25.7303		25.8078		25.8	25.1625	25.6277	25.7826	26.0007	26.1464	26.1863	26.1014	25.6632	25.9809	25.9595	25.7092	26.0342	25.801	25.9135	26.0758	25.8452	25.9638	25.7546	25.9582	26.0031	25.9308	25.7125	25.8522	26.073		25.4796	25.7774	25.8218	26.3943	25.907	25.6993	25.9541	25.9812	25.8571	26.049	25.7746	25.9215		25.9939	25.6622
PROT_0727	25.7948	25.6938	25.3876	25.8847	25.6767	25.5191	25.9836	25.7968	25.8351	25.8458	25.7569	25.5224	25.782	25.6609	25.5652	25.695	25.8311	25.8131	25.4628	25.7191	25.9418	25.5536	25.9158	25.546	25.9854	25.9201	25.746	25.3421	25.4421	25.9796	25.484	25.5821	25.5663	25.4517	26.1434	25.8387	25.8542	25.9934	25.6433		25.7867	25.8806	25.0506	24.9568	25.9214		26.0173	25.9577	25.7198	26.052
PROT_0728	24.9599	24.7397	25.0869	24.3811	24.7079	24.7769	24.9191	24.9783	24.7542	24.6716	24.7264	24.8149	24.8284	24.5909	24.645	24.9286		24.9958	24.8706	24.6012	24.9654	24.9944	24.8761	24.611	24.7169	24.6986	24.8048	24.4754	25.0389	24.6699	24.7463	24.4177	25.0613	24.8726	24.9557	24.7426	24.9092	24.9442	24.6065	25.0611	24.7559	24.8138	24.6947	24.4331	24.5939	24.9107	24.7382	24.7666	24.8196	24.7087
PROT_0729	18.5332		17.7006				18.7847		17.5769		17.7363		18.1568			18.8058	18.2672						18.8729																18.7965		18.1454		17.9363		18.3119		17.689			
PROT_0730	20.5899	20.1289	20.4174	20.4345	20.5695	20.2091	20.1011	20.3361		21.1884	20.809	20.7379	20.3012	20.6391	20.7271	20.4527	20.4216		20.2399	20.3935	20.8552	20.2348	19.6834	20.4773	20.7375	20.1828	19.9011	20.1071	20.5223	20.6524	20.523	20.8232	20.3042	20.3891	20.9044	20.4854	20.5825	19.7104	20.0488	21.0262	20.9934		20.0426	20.8968	20.2137	20.7771	20.8398		20.5046	20.045
PROT_0731	21.7634	21.1825		21.3271	21.5623	21.6146	21.1827	21.2565		21.4453	21.6693	22.0195	21.762	21.362	21.7587	21.8865	21.4744	21.869	21.4889		21.4863	21.1962	21.3407	21.4173	21.0165	21.8823	21.2476	21.4445	21.8301	21.4703	21.4645	21.5985	21.5668	21.4185	21.0317	21.6324	21.4463	21.9274	21.117	21.8265	21.6432	21.3557	21.7421	21.6584	21.4749	21.5468	21.7323	21.2414	21.6705	20.8747
PROT_0732	21.0011	20.8312	21.1414	20.8285	20.795	21.1257	21.2978	21.7006	21.147	20.6837	20.924	20.7511	20.9163	21.1538	20.5802	21.5191	21.0901	20.9826	21.2241	20.4975	20.6558		21.0757	21.2693	20.2939	20.7567	21.0	20.9146	21.1537	21.221	21.2454	21.3645	21.1163	20.6988	21.1293		20.6072	21.2354	20.782	21.0888	20.8509	21.3646	21.3072	20.4866	20.9385	20.9766	20.4194	21.394	20.9997	21.4769
PROT_0733	20.2769	20.0642	20.6997	20.3786	20.9133			20.6071	20.37	20.6936	20.8365	20.8747	21.6975	19.8718	20.1706	20.8461	21.0586	20.4195	20.1824	20.3543	21.077	20.542	21.0848	20.3222	20.7475	20.8567	19.955		20.5138	20.7873	20.6684	20.5413	21.4306		20.7594	21.0703	20.6746	20.4169	20.9934	20.5857	21.3439	20.7812	20.3529	20.8436	19.8918	20.4609	21.0926	20.3201	20.6736	20.6441
PROT_0734	24.5998	24.6465	24.9605	24.651	24.7019	24.951	24.8839	25.4131		24.7821	24.6377	25.2047	25.0667	24.8965	24.9251	24.5564	24.7585	24.7303	24.6643	24.5348	24.4848	24.8087	24.7993	24.6526	24.6496	24.4005	24.9212	24.8038	24.8812	24.6915	24.517	24.8116	24.9258	24.8053	24.8825	24.6532	24.5187	24.8643	24.7595	24.7907	24.8506	24.7831	24.8569	24.6604	24.7319	24.3094	25.1748	24.6005	24.7058	24.5494
PROT_0735		21.167	20.9328	20.699		20.8202	20.7081	19.7053	20.936	20.6709	20.4311		20.6585	20.5285	20.7932	20.7514	20.6184	20.5975	20.3468	20.1088	20.3864		20.6149	21.2171		20.985	20.6142	20.6331	20.9589	20.5938	20.2567	20.7603	20.4897		20.9854	20.6454	20.1945		20.3767	20.8262		20.6524	20.2472		20.3994	20.12	20.8304	19.898	20.6005	20.4705
PROT_0736	19.0269		18.7036		18.1639	18.7798	18.9814	19.216				18.2265					18.6779				18.1949			18.9836	19.8872	19.4082	18.7891	18.656		19.0752		18.8411			18.8483	18.5431	20.0226	18.7514				18.4542	18.0719			18.8645	19.1522			
PROT_0737	27.5524	27.5503	27.7158	27.7498	27.4885	27.58	27.9376	27.7477	27.5303	27.4431	27.2163	27.4942	27.4461	27.4089	27.6953	27.6716	27.6248	27.5306		28.4166	27.4736	27.7262	27.6497	27.6795	27.5975	27.3081	27.5533	27.698	27.4877	27.5338	27.2559	27.3639	27.5725	27.3561	27.639	27.4786	27.5901	27.6102	27.5696	27.4318	27.3134	27.7146	28.0646	27.6843	27.6828	27.1762	27.8621	27.3966	27.5777	27.7965
PROT_0738	24.4152		24.0807	24.57	24.2481	23.8693	24.1418	24.5272	24.555	24.5572	24.108	24.3815	24.6233	24.4328	24.6005	24.3525	24.8773	24.3909	24.335	24.4107	24.2392	24.0121	24.0407	24.51	24.6051	24.3783	24.2081	24.502	24.3667	24.6918	24.2147	23.74	24.3602	24.1752	24.8694	24.0142	24.3162	24.6615	24.2701	24.4658	24.6319	24.2297	24.2629	24.7486	24.5486	24.0438	24.59	24.5461	24.3438	24.3111
PROT_0739	23.4191	22.8044	23.9189	23.5476	23.695	23.4179	23.5931	23.4325	23.4593	23.1751	23.6229	23.4641	23.5888	23.4463	23.5341	23.6622		23.6752	23.9275	23.7319	23.5154	23.2512	23.5225	23.3022	23.5821	23.0804	22.9921	23.5955	23.2463	23.2642	23.6296	23.2225	23.619	23.5053	23.5709	23.5937	23.3939	23.6206	23.7246	23.6699	23.5933	22.9212	23.3601	23.3903	23.6922	23.4381	23.3684	23.5249	23.4964	23.6318
PROT_0740	20.7893	19.8115	20.243	20.3083	20.4161	20.3403	20.5206	20.3209	20.7413	21.0176	20.1753	20.5784		19.8912	20.2014	20.4164	20.2455	20.2275	20.3447	19.932	20.4932	20.7502	19.8906	20.3417		20.267	20.146	20.5797	21.2066	19.8309	20.3156		20.505			20.3161	20.1091		19.9156		20.3559	19.6657	19.8199	20.3938	20.3906	20.4455	19.9431	20.8577	20.5446	19.7596
PROT_0741	23.424	23.3733	23.3567	22.9821	23.4494	23.2123	23.1024	23.6156	22.8316	22.8541	23.225	23.5709	23.2064	23.3306	23.38	23.4072	23.3071	23.0039	22.5427	22.8761	23.3616	23.2475	23.3148	23.0381	23.0669	23.1562	23.0586	22.825	22.9984	23.3843	23.4534	23.4481	23.4856	23.4185	23.2467	23.0892	23.24	23.3098	23.0009	23.5234	23.1474	23.7005	23.2722	23.1183	23.212	23.2111	23.2853	23.2	23.1268	22.9377
PROT_0742	25.3265	25.3957	25.5487	25.3447	25.2808	25.1209	25.2218	25.1958	25.8781	25.3177	25.4107	25.3091	25.7298	25.8775	25.5336	25.4062	25.3397	25.7614	25.519	25.2133	25.606	25.1697	25.5835	25.4619		25.0246	25.7248	25.5486	25.4662	25.3173	25.0325	25.3842	25.0878	25.4228	25.4275	25.5092	25.3363	25.3003	25.2875	25.3541	25.2858	25.394	25.4466	25.6736	25.3825	25.3443	25.096	25.1771	25.7032	25.2573
PROT_0743	21.5325	21.7318	22.0512	21.5103	20.9947	21.6045	21.587		21.4124	21.2493	21.2432	21.7125	21.7597	21.13	21.5321	21.3052	21.784	21.4132	21.6058		21.6818	21.4671	21.2358	21.3042	21.2311	22.1428	21.2392	21.6787	21.5357		21.7883	21.612	21.9252	21.3605	21.6819	21.7213	21.6297	21.69	21.6519	21.8248	21.6747	21.7047	21.5428	21.6208	20.8448	21.1879	21.2602	21.7948	21.6903	20.9373
PROT_0744	22.9455	23.2396	22.8405	22.8992	22.8777	22.7985	22.9495	22.8126	22.8062	23.0436	23.0616	22.958	23.1465	23.2916	23.2266	23.048	22.7814	22.9301	23.3255	23.3484	23.0446	23.337	22.918	22.7858	22.9352	22.5349	22.7504	23.3161	23.1945	23.2055	22.8184	22.5016	22.7293	22.7098	23.4151	23.216	22.5806	22.5848	23.1856	23.0067	22.9397	22.6124	22.6048	23.1084	22.6261	23.1166	23.294	23.2024	23.4303	22.8753
PROT_0745	19.7778		19.8804		19.995	20.2995	19.5502	19.5608	20.2264	19.2962		19.488	19.4102	20.1871		19.7077	19.8713	19.3814	19.2804		20.1237	19.525	19.6563	19.4844	19.8985	19.0101	19.322			19.8963	19.4958		19.9758			19.4641	19.6013	19.9374		19.7293	20.0164	19.5691		20.763	19.4625			19.5157		19.3784
PROT_0746	25.5442	25.6916	25.431	26.0333	25.4129	25.2073	25.5963	25.2097	25.7283	25.6304	25.5641	25.7301	25.5159	25.5551	25.3244	25.4158	25.7299	25.0277	25.5663	25.4511	25.4605	25.406	25.2146	25.6977	26.2708	26.0644	25.7384	25.48	25.6482	25.382	25.2374	25.4144	25.6829	25.3679	25.5847	25.58	26.0634	26.0485	25.4266	25.4399	25.5482	25.4493	25.3236	25.4238	25.5217	25.6776	25.8444	25.3443	25.5841	25.3362
PROT_0747	22.7914	23.3191	23.5539	23.4727	22.7621	23.1362	23.168	23.1917	23.3329	22.7718	23.0887	23.411	23.1644	23.1348	23.4154	23.0054	23.3865	22.6116	22.818	22.5891	24.5745	24.0136	23.1393	23.0473	23.1909	22.8831	23.427	23.2564	23.741	23.2518	23.0275	23.5545	23.1778	23.2365	22.6973	23.0176	22.7301	23.0471	23.4346	23.5189	22.9334	23.4625	23.3587	23.4414	23.0601	23.0354	23.1417	23.0353		23.3681
PROT_0748	23.2842	23.2698	23.4975	23.3083	22.9597	22.5982	23.3363	23.3241	23.5211	22.9115	23.2963	23.1056	23.1014		22.9489	23.536	23.4141	23.1441		23.2007	23.3644	23.2488	23.5208	23.1904	23.2548	23.4617	23.3167	23.4516	23.6708	22.7616	23.2681		23.2095	23.2067	23.1088	23.4605	23.1586	23.7156	23.219	23.2273	23.2746	23.2616	23.0707	23.387	23.129	23.5731	23.1957	23.2061	23.5946	22.373
PROT_0749	24.3512	24.5247	24.676	24.4256	24.6067	24.4061	24.4627	24.9306	24.768	24.6924	24.2971	24.4633	24.5004	24.2785	24.481	24.0622	24.9327	24.7152	24.544	24.6988	24.2985	24.7262	24.4198	24.1239	24.4205	24.1012	24.9154	24.6063	24.4801	24.5746	24.1257	24.4611	24.7973	24.6549	24.7659	24.3287	24.9897	24.8753	24.5932	24.5649	24.3381	24.3882	24.6198	24.0014	24.3554	24.4315	25.0202	24.9051	24.2314	24.5102
PROT_0750	25.5572	25.2764	25.1472	25.2301	25.0351	25.0347	25.4113	25.3066	25.5258	25.1386	25.0418	25.918	25.2516	24.9342	25.2378	24.9237	25.3016	25.4506	25.1296	25.1075	25.006	25.527	24.9102	25.118	25.1928	25.3263	25.576	24.912	25.5433	25.7338	25.2394	25.5138	25.3305	25.1762	25.3455		25.3243	24.9597	25.0749	25.4879	25.29	25.3357	25.3215	24.905	25.4538	25.1819	25.4405	25.5103	25.0652	25.3704
PROT_0751					19.0541		18.3629	17.6304				18.5544			17.9274	17.9854	18.938			18.1571	18.4523					17.6321	17.9287	17.8293	17.7273	18.1958		17.7835	18.3811				18.5316										18.2396	17.9324	18.1167	
PROT_0752	20.1991	18.7242								18.1782	19.0984	17.8975	18.5874			19.0319		18.3874	18.5356			18.1212		18.1844								17.3108	17.5783			19.1404	18.2892		18.8478		18.6954	17.7451	18.287	18.4801		18.9364	18.8881	18.3458	18.3438	
PROT_0753	25.8754	25.9031	26.0176	26.0012	26.4082	25.9369	26.0284	26.1856	26.2808	26.0643	25.8781	25.9259	26.2717	26.3991	26.0467	25.9036	26.3877	25.9595	26.058	25.8944	26.1959	25.922	26.0874	25.9368	26.2054	26.1301	26.0169	25.9079	26.1775	26.0631	26.164	26.0386	25.965	25.8578	26.5292	26.0504	26.164	26.1676		26.5428	25.9969	25.8461	26.2	26.7792	26.3607	26.1009	25.8495	25.8478	25.9231	25.9264
PROT_0754	28.5501	28.3473	28.1222	28.4955	28.3611	28.4656	28.505	28.3836	28.6099	28.4374	28.5461	28.4241	28.4235	28.4029	28.4191	28.4454		28.0103	28.4863	28.3597	28.2556	28.2596	28.3067	28.8465	28.418	28.6062	28.4295	28.1978	28.7187	28.7756	28.5121	28.3591	28.4738	28.3865	28.571	28.4744	28.3192	28.2871	28.5935	28.4189	28.4715	28.3555	28.194	28.3793	28.5846	28.3788	28.3216	28.0356	28.2424	28.6848
PROT_0755	21.94	21.5382	21.7715	21.8221	22.2107	21.7523	21.7243		21.9357	21.9757	21.7832	21.8625	22.0237	21.8662	22.2444	21.8795	22.1822	22.0508	21.5619	21.768	21.4246	21.779	21.5426	22.1865	21.7356		21.6752	21.4205	21.9841	21.8301	21.4546	22.014	21.9632	21.761	21.6338	21.301		21.9048	22.2113	21.7746	22.0049	22.119	21.8412	21.4445	21.7773	21.9051	21.946	21.0778	21.5704	21.9907
PROT_0756	22.3729	22.5781	22.1502	21.7561		22.1135	21.7876	21.8196	21.9855	22.1775	22.4648	22.0057	22.3027	21.4424	22.2596	22.5847	22.0187	22.0734	21.7484	21.9316	22.466	21.792	21.7033	21.8988	22.5683	21.8721	21.7731	22.0224	21.7866	22.116	22.246	21.7818	22.4552	22.6136	22.0772	22.1475	21.8411		21.7368	22.4678	21.7851	21.8469	21.6304	22.2786	21.993	22.0733	21.7664	22.1574	21.9169	22.4247
PROT_0757	25.8596	25.9394	25.8617	25.9967		25.7957	26.2644	26.1063	26.3099	26.1334	25.6883	25.9603	25.8239	26.1196	26.2051	26.1145	26.1211	26.101	26.0701	26.2581	26.3101	26.1422	26.0538	26.2531	26.3463	25.856	25.9491	25.9533	26.1507	26.0843	25.7476	25.9428	26.127	25.8084	26.1505	25.8839	26.2316	26.441	26.1609	26.1229	25.8487	26.0288	26.0286	25.9544	26.2911	25.6646	25.7134	25.8625	26.2359	26.0864
PROT_0758	27.9191	27.4619	27.5309	27.8479	27.8827	28.2314	27.7864	27.5879	27.7399	27.5157	27.5181	27.9429	27.4883	27.9757	28.1462	28.1567	28.111	27.4476	27.744	27.5073		27.4215	27.4255	27.5071	27.8971	27.7171	27.7907	27.5126	27.6158	27.7396	27.4136	27.5551	27.8467	27.7934	27.9884	28.3237	27.7799	27.467	27.7142	27.5557	27.7373	27.8444	27.4471	27.9065	27.8305	27.9036	27.5178	27.4941	27.8715	27.6785
PROT_0759	24.0144	23.9243	23.889	24.2583	24.228	24.2278	23.9002	24.2845	24.1675	24.0311		23.8226		23.8112	24.0642	24.1565	24.2217	24.3737	24.0997	23.9872	24.7664	24.4861	24.1697	23.8103	24.0971	24.3174	23.9525	23.9473		24.1726	24.5599	23.9506	23.8359	24.2545	23.8365	24.6195	23.649	24.3955	24.3848	24.4746	24.2902	24.0097	23.7053	23.8348	24.4124	24.181	24.0422	24.057	24.4329	24.0508
PROT_0760	21.9966	21.7622	21.6546	21.7969	21.5737	21.3971	21.854	21.8354	22.1114	22.016	21.9527	22.4711	21.7488	22.0782	21.7619	21.3615	21.9882	21.6135	21.6853	21.5269	22.0976	21.0894	21.9753	21.8924	21.6246	21.9467	21.2293	20.829		21.0796	21.8972	21.6987	21.6238	21.6332	21.395	20.9942		21.7318	21.7232	21.8356	21.4145	22.102	21.8777	22.1086	21.7557	21.9367	21.6581	21.7622	21.4455	21.639
PROT_0761	23.3064	22.9699	23.31	23.1487	23.5598	23.3448	23.1327	23.2277	23.1027	22.7894	23.2572	23.2952	22.9523	22.8277	23.1737	23.5082	23.111	23.1906	23.3419	23.1257	23.5906	23.4018	23.0748	23.1065	22.9574	23.3125	23.2228	22.9464	23.2254	22.92	23.0226		23.5563	23.4183	23.5322	23.3004	23.2604	23.7207	23.5324	23.2984	23.5609	22.7424	23.3774	23.1686	22.9092	23.2907	22.5277	22.6899	22.2955	22.4758
PROT_0762	26.9314	26.9744	26.9929	26.6039	26.4532	26.2962	26.8727	26.8462	26.7503	26.8354	26.5714	26.6562	26.8307	26.612	26.7903	26.6367	26.7054	26.439	26.6384	27.0227	26.8105	26.7467	26.4772	26.8252	26.8487	26.5816	26.5622	26.8215	26.721	27.1443	26.5777	26.6057	26.8645	26.9046	26.8611	26.77	26.7342	26.8368	26.9032	27.0726	26.4074	26.8062	26.7837	26.913	26.8092	26.9002	26.708	26.7153	26.8735	26.6552
PROT_0763	22.3416	22.2766	22.1392	22.3545		22.2059	22.3347	22.0072	22.1338	22.382	21.8143	21.9511	22.151	22.2078	21.9868	22.6676	22.2683	22.0152	22.6567	21.6451	22.4531	21.9606	22.2856	22.1057	21.5833	21.7361	21.9495	21.6607	22.181	21.8463	21.2732	21.841	22.3017	22.3845	21.8878	22.192	21.7625	22.2463	22.0425	21.8742	22.3495	22.3322	22.368	22.4874	22.2231	22.3922	22.2161	22.2684	21.9816	22.0074
PROT_0764	24.2397	23.8076	23.9438	23.9427	24.0688	24.1688	23.6163	24.1086	24.1102	23.968	24.1689	23.9546	24.0688	23.8834	24.0439		24.0252	24.008	23.7233	23.4971	24.1678	24.1229	23.8962	24.0821	23.9689	24.0508	23.5901	23.9495	23.7393	24.028	24.1434	23.9906	23.6233	24.1917	24.3696	23.7823	23.5519	24.1794	24.1606	23.8851	23.4974	23.8806	23.7927	23.5356	23.1501	23.7804	23.868	24.0825	24.1525	24.1045
PROT_0765	27.2786	27.3698	27.1141	27.5324	27.4834	27.1482	27.2667	27.3463	27.8145	27.5455	27.421	27.5466	27.3519	27.3116	28.1461	27.4305	27.3567	27.1478	27.2921	27.4087	27.4903	27.1815	27.5464	27.4632	27.6281	27.4671	27.6314	27.4688	27.7626	27.6763	27.1461	27.347	27.5144	27.3813	27.6298	27.2134	27.7031	27.4217	27.3339	27.4695	27.5561	27.6068	27.5024	27.5624	27.5208	27.4935	27.3479	27.2938	27.3651	27.4491
PROT_0766	21.1685	21.2484	21.2094	20.5458	20.4191	20.9919	21.1754	20.9792	21.6052	21.09	20.6354	21.3901	20.8562	20.8288	20.9267	21.0318	20.6505	20.9534		21.2006	20.7425	21.1261	21.3207	21.343	20.3687	20.7534	21.1707	20.2363		20.833	21.1795	20.8468	20.4891	20.4998	21.3604	20.8403	20.8936	20.4665	21.291	21.0125	21.1386	21.4257	20.982		20.0473	19.9326		20.9485	20.9085	20.7677
PROT_0767	24.2919	23.743	23.3815	24.1539	23.8194	23.7744	24.0507	23.5023	24.1264	23.5758	23.7879	24.3985	23.6454	23.7373	23.5919	23.791	24.367	23.7173	24.2196	23.5067	23.9525	24.1191	23.5652	23.6356	23.9555	24.1566	24.0346	23.7133	23.8299	23.995	23.3279	23.809	23.3388	23.8102	23.7984	23.5779	23.6914	23.511	23.9078	23.6151	23.7292	23.8266	23.6396	23.6981	23.3537	23.6561	24.1634	23.5686	23.8097	23.8378
PROT_0768	27.4452	27.3671	26.5736	26.7876	26.8517	26.5186	26.5802	26.6461	26.9794	26.5513	26.7406	26.8416	26.6755	26.7336	27.1062	26.5984	26.9284	26.8611	26.8224	26.6097	26.791	26.7708	26.776	26.7918	26.7547	26.5314	26.4194	26.4762	26.738	26.7506	26.4758	26.4848	26.4599	26.7675	27.14	26.8245	26.6843	26.4675		27.1172	26.6917	26.6966	26.5471	27.2267	26.4558	26.6	26.6235	26.4951	26.746	26.7552
PROT_0769	21.1877	20.3802			20.735	21.1115	21.0423	21.4504	21.5719	20.1399	20.9535	21.2454	20.8447	20.8537	20.8422	20.9366		21.249	21.113	21.3291	20.9471	21.1771		21.0179	20.4988	21.2649	20.8224	20.6033	21.4156	21.449	21.2524	20.8588	20.7424	20.5644	20.6159	21.1772	20.4205	21.2262	21.1793	20.5364	21.4479	21.001	20.9231	21.119	21.1073	21.3688	21.0921	20.994	20.5825	21.1462
PROT_0770	27.6304	27.6971	27.7301	27.6141	27.8692	27.4067	27.8795	27.8285	27.6079	27.4257	27.593	27.6113	27.7552	27.551	27.6781	27.4381	27.7972	27.6429	27.5841	27.5979		27.9291	27.8312	27.7678	27.5308	27.2916	27.5545	27.5913	27.8899	27.9392	27.4919	27.6929	28.1428	27.8663	27.6391	27.7627	27.8762	27.7851	27.7849	27.4968	27.5875	27.6551	27.6891	27.891	27.9059	27.553	27.8128	27.9438	27.877	27.7772
PROT_0771		18.4395	18.7511	19.1247		18.6666	18.3474		18.5935	17.2639				18.7321	18.4798	18.0187		18.8438			18.9331				19.21	18.4703	18.3779						18.6924	17.8992	18.7811	17.8043							18.1045				19.4213		18.3741	17.7424
PROT_0772	22.9905	23.1712	23.1155	22.9985	23.0355	23.0479	23.0271	23.1039	23.1732	23.1484	22.9912	23.228	23.3259	22.8344	23.2756	22.9946	23.4604	22.9765	23.0838	23.3787	23.1996	23.195	23.142	22.7124	22.8924	22.9265	23.0927	22.6847	22.6938	23.1774	22.9839	22.5745	22.9001	23.0418	23.1636	22.5858	23.4641	23.5867	23.3086	23.3415	22.8382	23.0555	23.5887	23.2525	22.7522	23.1253	23.0757	22.8759	22.9028	23.0032
PROT_0773	22.4308	21.963	21.7943	21.9782		22.2711	21.9624	22.2725	22.24	22.2641	22.2453	22.0742	21.9195	22.2179	22.0107	21.6809	21.7624	21.7285	22.0158	21.8637		22.0487	21.9288	21.614	22.1701	21.627	21.8399	21.7115	22.0548	22.273	22.1848	21.8381	22.0487	21.9891	21.7458	22.0694	21.7819	22.21	22.0612	22.2439	22.1854	21.7157	21.5015	21.0882	21.8939	22.181	22.271	22.2021	22.3809	22.2061
PROT_0774	22.6741	22.2417	22.4923	22.5004	22.544	22.3513	22.6594	22.3739	22.7205	22.5711	22.1004	22.4174	21.6938	21.6727	22.6691	22.0142	22.5772	22.6052	22.5084	22.6805	22.6819	22.5341	22.732	22.3235	22.4922	22.2636	22.6922	21.9934	22.3834	22.6935	22.949	22.7054	22.5967	22.7324	23.118	22.4935	22.559	22.8489	23.073	22.2873	22.5051	22.8798	22.4489	22.7813	22.5019	22.3677	22.9393	22.6947	22.6067	22.6652
PROT_0775	23.0568	23.16	23.1434	23.089	23.2654	23.3794	23.5025	23.3362	23.2988	23.0111	22.9692	23.2096	22.9271	23.304	24.0739	24.0264	23.4288	23.1219	23.1335	23.0252	23.0562	23.2107	23.1258	22.9916	23.1422	23.1319	22.9874	23.1049	23.0776	23.1455	23.1032	23.1945	23.3044	23.0382	23.2137	23.245	23.0012	23.3576	23.5385	23.4812	23.0765	23.258	23.4512	23.0635	23.2769	23.5052	23.3832	23.0223	23.4913	23.0437
PROT_0776	21.1059	21.3319	21.3575	21.3653	21.4833	21.0419	21.6948	21.5698	21.5844	21.639	21.4581	21.3728	21.5542	21.4595	21.732	21.7936		21.415	21.6303	21.377	21.2159	22.0964	21.8132	21.6297	21.887	21.6672			21.7312	21.6044	20.9475	21.3203	20.9518	21.4626	21.1724	21.7702	21.0621	21.3791	21.9675	21.0737	21.5228	21.7382	21.7928	21.2433	21.3362	21.724	21.7494	21.464	21.8892	21.4267
PROT_0777	22.1505	22.0281	21.3253	22.1042			21.7393	21.8202	21.8438	22.0406	21.2705	21.6624	21.6408	21.4585			21.9016	21.9986	22.03	22.2773	21.8169	21.5635	21.7652	21.864			21.4654	21.9025	21.5585	22.2215	21.9805	21.5869	21.8817	21.9148		16.3801	21.5743	21.6964	21.8666	22.2661	21.5911	21.8492	21.8227	21.535			21.589	21.726	21.9347	21.7873
PROT_0778	24.2489	23.8688	24.0595	24.4188	24.0105	24.3047	24.611	24.2601	24.7022	24.338	24.2301	24.3115	24.084	24.1014	23.7091	24.3042	24.4022	24.3055	24.0987	24.2035	24.4478	24.1657	24.4805	24.1105	24.2004	24.296	23.8811	24.2207	24.4146	24.2543	24.2792	24.5286		24.1836	23.9292	23.9967	24.0156	24.2871	24.3022	24.4548	24.3347	24.3834	23.9092	24.4707	24.0112	24.1903	23.9112	24.3705	24.3863	24.2961
PROT_0779		21.6448	21.2992	21.5589	21.7109	21.7461	22.1911	21.841	21.7057	21.5621	21.9193	21.9959	21.8481	21.499	21.9088	22.0358	22.0867	22.0821	21.825	22.0129	22.3728	21.8917	21.7163	22.0166	21.7204	21.916	22.0192	21.6312	21.9661	21.9404	21.8598	21.7012	22.0491	21.7673	21.9398	21.857	22.1039	22.2083	21.98	22.0095	22.2823	21.8663	22.0076	22.2755	21.7357	22.1745	22.0415	21.8979	22.1834	22.0753
PROT_0780	24.5935	24.4823	24.7824	24.5816	24.8179	24.5364	24.6421	24.767	24.7397	24.3351	24.3867	24.3363	24.8571	24.7502	24.5077	24.7359	24.3848	24.5185	24.8465	24.38	24.7337	24.7079	24.3934	24.2947	24.5681	24.3713	25.353	25.6761	25.3226	25.7385	24.3651	24.2508	24.1483	24.478	24.6593	24.4407	24.5871	24.4654	24.4084	24.7401	24.6151	24.3032	24.6316	24.7453	24.6441	24.6762	24.2625	24.3497	24.8215	24.2864
PROT_0781	24.3863	24.4247	24.0874	24.3796	24.6852	24.1225	24.8355	24.6129	24.2925	24.1159	23.931	23.9422	24.0188	24.2353	24.4656	24.6454	24.3483	24.0138	24.4122	24.5283	24.4749	24.5713	23.968	24.5896	24.2881	24.3169	24.1451	23.9884	24.2051	24.3755	24.2593	24.5928		24.4644	24.2428	24.3675	24.0276	24.3391	24.5137	24.7982	24.0018	24.1332	24.3038	24.4411	24.1807	24.383	24.4037	24.1463	24.4031	24.3168
PROT_0782	25.8699	25.5801	25.514	25.5223	25.5032	25.6835	26.0715	26.1267	26.0549	26.0913	25.7736	25.5385	25.8118	25.4196	25.4501	25.8701	25.495	25.6607	25.7589	25.5648	25.496	25.5326	25.5524	25.0735	25.3971	25.5252	25.5519	25.7038	25.6925	25.628	25.5058	25.253	25.7247	25.4719	25.6363	25.7336	25.4322	25.3216	25.2029	25.621	25.7524	25.5101	25.6119	25.6908	25.3203	25.6024	25.2964	25.6126	25.2368	25.5048
PROT_0783	23.5264	23.2622	23.2708	22.9713	23.1627	23.4511	23.3906	23.3453	23.2464	23.1487	23.4132	23.6107	23.3593	23.0376	23.4745	23.1171	23.7212	23.4132	23.3849	23.1144	23.82	23.4407	23.2708	23.3423	23.3568	23.6056	23.4806	23.181	23.3496	23.1554	23.5315	23.1058	23.2762	23.0268	23.3364	23.2516	23.3799	23.1795	23.216	23.3379	23.2624	22.8035	23.649	23.3895	23.1919	23.5045	23.1496	23.4506	23.5341	23.1124
PROT_0784	19.2953	18.2488				18.2912		19.2434	18.402			18.8358		19.0313	17.7142		18.5307	18.1266			19.4223	18.4174		19.2761	18.1919	18.5238	18.0914	18.858	18.7476	19.1726	18.5674	18.3832			18.5536		18.5833	18.4341		18.7644	19.2132		18.8581				18.0472	17.8377		17.929
PROT_0785	21.1488	20.97	21.1768	20.6324	21.0307	21.1251	21.2477		21.0718	20.619	20.8091	21.0761	21.0813	20.761	20.5288	20.9066	21.4417	21.4599	20.9124	20.4998	20.9014	20.9444	21.363	21.2985		21.2555	21.4493	20.6429	21.04	21.0354	20.9839	21.6313	20.8757	20.7352	21.1037	21.2446	20.8961	21.1699	20.8538		21.4443	20.9427	20.8571	21.1685	20.7477	21.6093	21.3502	21.1764	21.3384	21.1855
PROT_0786	25.4953	25.0331	24.8582	24.8735	25.2443	25.3626	25.4767	25.3088	25.511	24.9893	25.4204	25.6066	25.0501	25.4219	24.8624	25.2639	25.6913	25.0951	25.1678	25.2748	25.3114	25.2357	25.1836	24.9101	25.2789		25.277	25.0623	24.7395	25.2631	25.5424	24.7987	25.2084	25.0413	25.1406	24.9944	25.2669	24.9054	25.3595	25.1159	25.395	25.4584	25.0423	25.3433	25.0378	25.3579	25.4356	24.9936	25.0049	25.2796
PROT_0787	22.7264	22.5848	22.1761	22.6052	22.5131	22.832	22.7439	22.5051		22.8868	22.698	23.0701	22.535	22.4797	22.3156	22.8963	21.9061	22.3402	22.094	22.3624	22.5158	22.6709	22.431	22.7701	22.8506	22.543	22.207	22.4165	22.2802	22.4988	22.7681	22.8171	22.376	22.3937	22.6275	22.7116	22.4801	22.5441	22.3258	22.5785	22.6402	22.8073	22.452	22.7001	22.3888	22.9766	22.5685	22.911	22.9123	22.3557
PROT_0788	23.535	23.6024	23.2496	23.6357	23.2275	23.235	23.3707	23.1593	24.0088	24.1904	23.3815	23.6414	23.7305	23.3096	23.6508	23.5783	23.2359	23.338	23.2707		23.6486	23.5397	23.2404	23.6202	23.031	23.4295	23.6839	23.2798	23.7902	23.7167	23.4712	23.7954	23.4004	23.3153	23.3781	23.5046	23.296	23.3203	23.8048	23.6704	23.2789	23.8396	23.1832	23.602	23.2789	23.4858	23.3482	23.1317	23.4867	23.1527
PROT_0789	23.2452	22.9114	23.2742	22.6013	23.2679	22.681	23.1323	22.9157	23.2054	22.849	23.0811	23.541	23.3386	23.0182	23.0298	23.0824	23.1246	23.2646	22.8008	23.0234	23.1946	22.7105	23.2236	22.8892	22.7344	23.1076	22.8652	22.9474	22.7988	23.164	23.0092	22.9843		22.4631	22.9961	23.0807	22.9315	22.8192	22.8412	23.2992	23.1723	23.0423	23.0	23.3796	23.1732	22.6996	22.6145	22.8334	22.9239	22.7821
PROT_0790	22.4547	22.2737	22.1353	21.9637	22.1436	22.3443	22.4569	22.0802	22.4298	22.0843	22.5978		22.0912	22.482	22.3246	21.8614	22.0666	22.1615	22.1964	22.3364	22.0576	21.7809	22.0557	22.1008	22.3282	22.3356	22.3656	22.3234	22.2644	22.2733	22.2413	21.895	22.6903	22.4152	22.3729	22.6653	22.5069	22.4018	22.133	22.4813	22.451	22.3181	22.5445	22.0487	22.7555	22.4239	22.3089	22.1925	22.0589	22.2418
PROT_0791	24.9645	24.8201	24.7108	25.2571	25.0234	24.9334	24.8975	24.9335	24.946	24.7657	24.4311	25.0238	24.7798	24.9137	24.7614	24.5832	25.2779	24.7899	24.7572	24.8073	24.4555	25.0043	24.9654	24.8725	24.8008	25.1502	24.8549	24.5801	24.9115	24.778	24.4912	24.7411	24.7518	24.7768	25.0569	24.7243	24.65	25.0045	24.6817	24.9062	24.8303	24.9711	24.9232	24.8116	25.0149	24.7511	24.7194	24.8639	25.3942	24.9122
PROT_0792	20.8143	21.5173		21.6806	20.8725	20.5562	20.8814	21.2125	21.0195	20.9671	20.3314	21.0205	21.3753		21.6447	21.3843	21.0195	21.1626	20.9521	20.9085	21.2239	20.8384	21.047	20.423	21.436	20.4363	21.2524	21.3255	20.4205	21.1896	20.8343	21.4235	20.7076	21.4942	21.3123		21.4001	20.31	20.8177	20.9025	20.939	21.2258	20.7769	21.2156		20.9292	21.0441	20.7469	21.4869	21.0661
PROT_0793	19.5243	19.8696	19.6535	19.8245	19.4796		20.862	19.6656	20.2727	20.2288	19.2081	19.8995	18.9966	19.8524	19.9296	19.6655	19.264	19.4706		20.2263				19.1826	20.5326		19.6889	19.2519	19.3536	19.5851		19.8844			19.684	19.3818		19.5617			20.0574	20.0448		19.3579	20.0845	19.4713	20.1007	19.7146		
PROT_0794	20.1376	19.5457	19.5064	19.8616	19.9592	19.3623		19.2909		19.0184	19.5779	20.0163				19.5614				20.0825	20.3103	20.0349	20.0571	19.6253	19.9526	19.8262	19.9049	19.5265	20.7399	20.2961	19.6793	20.4574	19.0389		19.3161	19.7058	20.3727			20.2131	19.2511		19.4139	19.4091	20.0316	19.1754		19.4596	19.3696	19.7789
PROT_0795		17.7954				18.3291				17.9758		18.5457	17.459		18.2459		19.1141	18.5663	17.2178	18.502		17.5107	18.7656							18.2468	18.5432	18.133	18.739	18.878	18.9707					19.312	18.6287	18.3967			17.456				18.6143	
PROT_0796	23.1641	23.6366	22.9786	22.9712	23.5691	23.0757	23.5095	23.3345	23.342	23.4724	23.1054	23.3016	23.2246	23.0854	23.3518	23.5166	23.5315	23.0879	23.021	22.9889	23.7386	23.1364	23.1534	22.8678	23.2813	23.3172	22.9022	23.2467	23.0795	23.3047	22.9736	23.2642	23.5598	23.0994	23.75	23.0408	23.1215	23.1848	22.7035	23.0333	23.3159	23.7277	23.0658	22.9277	23.0151	23.6779	23.6108	23.3483	23.0648	23.4176
PROT_0797	26.4738	26.4781	26.3186	26.5561	26.6814	26.5216	26.5758	26.4966	26.8364	26.3957	26.9423	26.6963	26.6732	26.422	26.5871	26.3661	26.4882	26.7512	26.6793	26.9593	27.1671	26.3807	26.5117	26.6378	26.4676	26.9531	26.6081	26.4779	26.5579	26.6831	26.5373	26.7137	26.6629	26.4834	26.6738	26.5315	25.858	25.5787	26.0118	26.3342	26.6196	26.8096	26.593	26.4226	27.2843	27.1827	26.9722	26.7505	26.5585	26.5195
PROT_0798	21.4681	21.5909	21.5909	22.1868	21.8166	21.3767	21.8546	21.8502	21.7022	21.5957	21.6941	21.6015	21.1592	22.1546		21.9038	22.1494	21.5568	21.9314	22.0491	21.696	21.885	21.4519	21.6813	21.9661	21.7346	21.809	21.2847	21.839	22.0408	21.7299	21.7472	21.7165	21.5969		21.6428	22.05	22.1324	22.0261	21.857	21.7781	21.8704	21.5811	21.6737	21.8765	21.8067	21.2559	21.2311	22.0918	
PROT_0799	22.829	22.4036	22.8016	22.6169	23.2038	22.9202	22.988	23.345	23.0523	22.8642	22.9014	23.0139	22.5363	22.8887	23.1351	22.6957	23.0014	23.0072	22.9885	22.7242	22.8991	22.8774	23.1223	22.767	22.7623	22.5315	23.067	22.9782	23.1199	22.84	22.89	23.251	23.0764	22.8891	23.141	22.8797	23.1112	23.2428	22.561	22.6134	22.382	22.9603	22.5661	22.4844	23.0811	22.8724	23.1028	22.7106		22.8801
PROT_0800	21.3451	21.7245	21.8272	21.813	21.8963	21.5781	21.917	22.2472	21.7528	21.8384	21.8143	22.1507	22.0777		21.7694	22.1934	21.8034	21.989	22.3304	21.7447	21.9521	21.7578	21.497		21.9505	21.6205	22.0082	22.0762	21.9139	21.7344	21.7074		21.8126	21.5753	21.7691	21.6436	21.8239	21.5732	21.7667	22.0756	21.9776	22.2248	21.9945	22.1224	21.7597	21.8629	21.8722	21.9179	21.6311	21.8198
PROT_0801	21.0012	20.2948	20.7942	21.3085	19.9748	20.1586	20.4164	20.8229	20.4343	19.8244	20.5014	20.9422	20.2614	20.6599	20.6577	20.6141		20.9627	20.5323	20.6025	20.5488	20.1275	21.0025	20.4265	20.1445	20.5222	20.9679	21.043	21.0529	21.1494	20.1538	20.4419	21.043	21.3836	20.728	21.5097	20.6715	21.1339	20.6234	20.3666	20.6032	20.4732	20.6848	20.825		20.9756		20.4638	21.5556	20.8424
PROT_0802	26.9945	26.7227	26.5716	27.2594	26.8759	26.6464	26.5364	26.7256	27.204	26.7988	26.5131	26.4693	25.7612	25.7186	25.8469	25.8783	26.7304	26.8645	26.8318	26.5005	26.7322	26.4036	26.5256	26.4056	26.675	26.9751	26.4876	26.5985	26.4947	26.7099	26.6965	26.4556	27.2842	26.7624	26.7702	26.7958	26.3948	26.6379	26.7887	26.7041	26.8567	26.6177	26.7835	26.5773	26.6171	26.9818	26.7499	26.9815	26.6902	26.6993
PROT_0803	21.359	20.8644	21.3485	20.7213	21.9568	21.1804	20.8891	21.6375	21.3487	21.4378	21.2618	20.8621	22.0551	21.6856	21.7786		21.0919	21.4301	21.6037	21.5781	20.8214	21.668	21.5299	21.4021	21.7976	21.7768	21.3871	21.097	21.2924	22.4862	21.5182	20.7058	21.6169	21.236	21.3958	21.3308	21.4663	21.6102	21.6843	21.4676	21.1962	21.5006		21.6903	21.6238	21.1929	21.6091	21.2548	21.0181	20.9214
PROT_0804	19.1854	18.9473			18.7601	18.7909		19.4689	18.998		19.4309	19.0547	18.9719	18.9614	19.6762				18.3916		19.1271	19.5159				18.7833				17.9316	19.3008				18.7341			19.5018				18.5457		19.1213			18.6748	18.2806		18.8649
PROT_0805	25.1822	25.2411	25.4225	25.6316	25.3456	25.471	25.2667	25.2392	25.4688	25.4102	25.2438	24.9523	25.6478	25.2518	25.5927	25.3003	25.4407	25.2615	25.2902	25.3806	25.5355	25.2139	25.0982	25.6349	25.3673	25.1597	25.282	25.3114	25.4446	25.7006	25.361	25.2039	25.4919	25.3648	25.2783	25.1872	25.2412	25.4252	25.3122	25.4166	25.3631	25.3971	25.0127	25.6356	25.4191	25.3987	25.3059	25.1358	25.5808	25.3883
PROT_0806	23.0731	23.1132	22.876	22.7002	23.0087	22.7225	23.5878	23.0372	23.3638	23.1108	22.4984	22.9036	22.91	22.9501	23.1699	22.717	22.8729	22.9406	23.0434		23.053	23.0416	22.9238	22.9763	23.0251	23.3655	23.179	22.9058	22.7393	22.8211	22.9269	22.7492	23.1657	23.0676	22.9649	23.083	22.7734	22.8368	23.2945	23.3964	22.3916	23.2738	23.2407	22.4177	23.1874	22.8757	23.0874	22.8345	22.4876	23.2129
PROT_0807	23.8775	23.8699	23.4491	23.973	23.6957	23.7869	23.2912	23.4339	23.9443	23.567	23.7125	24.0886	24.1061	23.8982	23.8924	23.6625	23.6161	23.5339	23.5135	23.475	24.0422	23.9833	23.6977	23.6469	23.6994	23.8912	24.0386	23.323	23.9481	24.043	23.8511	23.6657	23.7521	23.4502	23.5753	23.7981	23.7602	23.6946	23.5228	23.9624	23.9918	23.857	23.4333	23.5217	23.5464	23.3847	23.7825	23.4969	24.0345	23.4147
PROT_0808	24.722	24.8816	25.0913	25.334	24.9584	25.0413	24.9088	24.4022	25.1563	24.9028	24.6515	25.1644	24.5553	24.9988	24.9041	24.7646	24.7928	24.7828	25.2667	24.9801	24.9139	25.2969	24.9659	25.0673	25.174	24.8728	24.8597	24.7468	25.086	24.8702	24.8719	24.8358	25.0411	25.2733	24.7296	24.7302	24.7397	24.6848	25.08	25.0135	24.5022	25.0974	24.5221	25.1924	24.8805	24.8022	24.8252	24.8794	25.4576	24.7643
PROT_0809	21.9598	21.8178	22.0419	22.622	22.4809	21.9131	22.0586	22.1752	22.3627	22.2756	21.9119	22.2016	21.8405	22.4457	22.7015	22.3921	22.1649	22.1604	22.4596	21.8351	21.9342	22.1001	22.5961	21.9625	22.3364	22.352	22.3459	22.163	22.1899	22.423	22.2418	21.5616	22.6301	22.3982	22.3317	22.5585	22.3566	21.9461	22.2454	22.7307	22.0542	22.3162	22.2398	22.5596	22.5405	22.1226	22.0366	21.9753	22.1888	22.123
PROT_0810	22.8538	22.5063	21.7665	22.0211	22.9738	22.3525	23.0863	22.5977	22.386	22.4311		22.6521	22.5717	22.6933	22.9687	22.9017	22.7274		22.393	23.1305	22.817	22.5626	22.456	22.6737	22.5327	22.4408	22.943	22.7255	22.6167	22.9341	22.7805	22.8305	22.6373	22.7629	22.7015	22.8119	22.9568	22.7761	22.9485	23.2083	22.5999	22.7683	22.8748	22.619		22.8352	22.7187	22.6682	22.422	22.5179
PROT_0811	19.6634	20.0207	19.4908	20.3806		20.2699	19.6555		19.5046	19.7749		19.4217	19.3709	19.8052	19.7322	19.3607		19.2621	20.2437	19.6006	19.9123		19.9432	19.2634	19.4544	20.1124	18.9104	19.5623		20.4648	19.3886	19.9375	19.8733	20.0129	19.9606	20.6714		19.2342			19.5146		19.6634	19.4875		20.0996				19.4612
PROT_0812	22.1985	22.1235	21.6913	22.0092	21.8808	22.0673	22.446	22.0311	21.7096	22.2368	22.1287	21.7931	22.0628	21.9996	22.0224	21.8048	21.8697	22.0112	21.5314	21.6711	22.1035	22.1127	21.6709	21.8454	22.128	22.014	22.409	21.8856	22.6038	21.6388	21.8457	21.8449	21.961	22.0054	21.7393	22.0892	21.8504	22.3247	21.6636	21.9609	22.0632	21.9984	22.1529	22.0436	21.6364		21.8924	21.6462	22.0367	21.66
PROT_0813	20.3955	19.9697		20.6251	19.4604	19.9852		20.258	20.5679	20.1444	20.1555	20.0882	19.8206	20.2004	19.9206	20.443	19.3226		20.361	20.0317	19.6224		19.9556	20.2308	19.8431	20.2078	19.8478	20.2528		19.9565	19.4842	20.0299	19.6603	20.4434	20.2013	19.6107	20.5682	19.9922	20.3995	20.4899	19.9956	20.109	19.591	20.6361	19.6892	20.4492	20.7432	19.3691		
PROT_0814	25.6857	25.6905	25.3677	25.6921	25.5204	25.3348	25.9605	25.4294	26.0715	25.4451	25.7336	25.7925	25.7635	25.6694	25.7158	25.722	25.5107	25.2002	25.8195	25.2585	25.4832	25.9723	25.8841	25.6586	25.7609	25.6771	25.6493	25.921	26.4382	26.5977	25.4819	25.6546	25.9727	25.5722	25.7972	25.6116	25.8081	25.6346	25.7453	25.569	25.8676	25.9768	25.3914	25.6505	25.3396	25.5781	25.5724	25.8518	26.4002	26.3607
PROT_0815	22.6103	22.9051	22.3134	22.8165	22.6836		22.3996	23.0309	22.7745	22.661	22.6705	22.9551	22.8548	22.7987	22.7749	22.8157	22.8403	22.4252	22.6757	22.7662	22.9004	22.0791	22.6621	22.5723	22.4901	22.8045	23.0836	22.2402	22.1951	22.9747	22.7017	22.5704	22.4714	22.4931	23.1094	22.6619	22.2678	22.3315	22.5829	22.6047		22.608	22.7888	22.709	22.8257	22.6177	22.6278	23.0001	22.802	22.8119
PROT_0816	22.4914	22.4402	22.9269	22.7591	22.8556	22.6137	22.9409	22.7445	22.8498	22.3552	22.2332	22.6065		22.5783	22.3844	22.5548	22.7927	22.8167	22.9156	22.9752	22.6955	22.7581	22.9924	22.854	22.8953	22.6416	22.6724	22.5125	23.136	22.8898	22.2746	22.4439	23.189	22.856	22.5496	22.4688	22.6843	22.9804	22.767	22.6837	22.387	22.7434	22.8673	22.5368	22.596	22.5965	23.0168	22.936	22.9521	22.7835
PROT_0817	24.378	24.2508		24.6335	24.4064	24.2255	24.5141	23.8618	24.0493	24.3068	24.3675	24.3504	24.2207	24.3034	24.2789	24.5737	24.3776	24.1284	24.4899		24.7118	24.2678	24.1954	23.7646	24.5208	24.8104	24.1978	24.2973	24.4883	24.1485	24.3488	24.0474	24.2859	24.4238	24.2156	24.3926	24.4134	24.0296	24.3283	24.4234	24.403	24.3949	24.2549	24.22	24.0426	24.2847	24.0468	24.2434	24.0424	24.2013
PROT_0818	22.9137	22.5613	22.7792	22.6788	22.3743	22.5567	22.4045	22.8615	22.8296	22.3587	22.6891	22.7856	23.0962	22.6538	22.9529	22.5189	22.472	23.2267	22.5617	22.4394	22.2559	22.3766	23.1999	22.5601	21.8126	22.2313	22.2592	22.6151	22.9389	22.5098	22.4016	22.7076	22.8773	22.7223	22.8211	23.0417	22.6524	23.0694	23.2962	22.947	22.4399	22.1769	23.0171	22.5125	22.5276	22.61	22.3133	22.733	22.2568	22.4344
PROT_0819	28.1043	28.3718	28.4548	28.2966	28.5396	28.2091	28.5252	28.1463	28.094	28.1403	28.1553	28.366	28.1576	28.2742	28.521	28.197	28.8374	28.4037	28.2162	28.5329	28.2892	28.2636	28.2985	28.0941	28.3269	28.137	28.4139	28.1751	28.3835	28.3598	28.2688	28.5945	28.4111	27.9297	28.2983	28.2061	28.3967	28.1305	28.1169	28.6006	28.269	28.561	28.32	28.4829	28.2857	28.2149	28.7774	28.4498	28.3759	28.2803
PROT_0820	25.6237	25.2887	25.3683	25.371	25.5241	25.571	25.5743	25.3446	25.2738	25.143	25.7325	25.2268	25.3647	25.393	25.4737	25.3249	25.1642	24.9945	24.9769	25.5834	25.6035	25.1559	25.8888	25.3736	25.4047	25.4734	25.6139	25.3071	25.4112	25.4346	25.5828	25.3245	25.1717	25.2713	25.3559	25.6045	25.5172	25.2228	25.3494	25.763	25.6027	25.4809	25.1273	25.3825	25.508	25.7025	25.4098	25.3552	25.3757	25.6282
PROT_0821	22.1054	21.7305	22.0749	21.6401	22.1159	21.52	21.9771	22.3566	21.9654	21.7205	21.6514	22.0447	21.8368	21.9155	21.5441	21.5943	21.9603	21.5905	21.955	21.7383	21.8346	21.7494	21.699	21.7154		22.1363	21.8494	22.0216	21.5764	22.269	21.9862	21.4389	21.8384	21.9142	22.0819	21.3609	21.505	20.891	21.8052	22.315	21.6055	21.8547	22.1992	21.8861	22.1112	21.832	22.0319	21.9928	21.6566	21.8011
PROT_0822	21.7066	21.773	21.6597	21.7521	21.9841	21.6416	21.9422	21.71	22.4789	22.0295	21.9059	21.8686	22.0964	22.0237	21.9537	22.0128	22.0077	21.4342	21.4943	21.6618	21.903	21.7083	21.4308	21.6178	22.138	21.7177	21.9479	21.5512	21.7323	21.8945	21.6973	21.8367		21.726	22.0616	22.2975	21.8348	21.8413	21.873	21.7853	21.9282	21.5901	21.3085		21.2502	21.8849	22.2885	21.7088	21.978	21.7514
PROT_0823	26.8541	26.7306	27.132	26.8686	26.9705	26.8321	27.2048	27.1322	27.2617	27.0584	26.8648	26.9207	27.1983	26.8572	27.0164	26.8491	26.8859	27.131	27.1818	27.1593		27.1351	27.3026	27.1897	27.1663	26.9605	27.3257	27.2123	27.084	27.1011	26.9515	27.0142	26.9835	27.0237	27.152		26.849	27.233	27.2786	26.9732	26.6696	26.963	27.3066	27.118	27.031	26.7158	26.8782	27.0162	26.9793	26.9866
PROT_0824	24.5253	24.4258	24.7582	24.5471	24.7445	24.7498	24.2431	24.6513	24.3758	24.3122	24.4726	24.2581	24.6644	24.7078	24.5543	24.6206	23.9869	24.383	24.2296	24.3537	24.6556	24.3817	24.787	24.1453	24.3748	24.2228	24.0425	24.1056	24.6188	24.2971	24.4998	24.5829	24.6399	24.1605	24.8655	25.1555	24.4516	24.4692	24.38	24.4866	24.2259	24.5711	24.5201	23.9574	24.4459	24.4298	24.2827	24.3907	24.7269	24.3918
PROT_0825	23.5035	23.6738	23.8399	23.6757	23.2145	23.6439	23.4534	23.9119	23.6441	23.349	23.6368	23.6795	23.6558	23.3194	23.3402	23.5256	23.7942	23.5487	23.5369	23.5712	23.6302	23.7282	23.7749	23.6043	23.433	23.3923	23.7742	23.6337	23.7408	23.698	23.4559	23.6311	24.1729	23.2063	23.7576	23.8756	23.5892	23.7362	23.2452	23.38	23.8831	23.7433	23.4317	23.975	23.2686	23.3645	23.982	23.5792	23.6487	23.872
PROT_0826	26.6085	26.0772	26.7036	26.6378	26.5716	26.7846	26.1075	26.5623	26.7134	26.5014	26.7907	26.6083	26.6482	26.555	26.9056	26.7403	26.7764	26.9109	26.4317	26.2603	26.5471	26.4512	26.8632	26.5878	26.5268	26.3642	26.3786	26.4213	26.3344	26.8348	26.6535	26.2949	26.5443	26.4315	26.5518	26.5355	26.6787	26.7108	26.5218	26.4765	26.5111	26.5691	26.5368	26.343	26.5371	26.9081	26.3941	26.742	26.7471	26.4766
PROT_0827	24.0913	23.6545	23.8728	24.2504	24.0864	24.238		23.9346	24.0544	24.4623		23.7764	23.0094	23.2126	23.4029	23.2574	23.9528		24.3052	24.0373	23.9395	24.0041	23.9881	23.9428	24.2057	23.99	24.062	23.8205	23.8118	24.7862	24.0609	23.6873	23.8465	23.9108	24.0655	24.1866	23.7582	24.364	24.1956	24.3993	23.8263	23.7138	24.042	24.3816	24.0821	24.116	24.1163	23.9425	24.1419	24.1453
PROT_0828	22.5529	22.2785	22.7148	22.2164	22.5145	22.1647	22.4061	22.3616	22.1086	22.6389	22.607	22.4148	22.3315	22.399	22.4977	22.6643	22.7214	22.5762	22.0897	22.6465	22.6828	22.2418	22.4113	22.6981	22.539	22.3603	22.0546	22.7609	21.8559	22.341	22.5566	22.0245	22.5631	22.176	22.5901	21.8288	22.209	22.42	22.4634	22.7443	22.1604	22.1682	22.0303	21.9896	22.3737	22.8443	22.7663	22.4018	21.976	22.7648
PROT_0829					18.4795		18.3565			17.6634				17.218			18.9954							17.8718				18.6844												18.8177	18.7168		18.7521	17.7397	18.9031	17.6192	18.7217	18.6842	18.3384	18.022
PROT_0830	25.5139	24.9984	25.3272	25.2336	25.147	25.4707	25.0413	25.2379	25.6832	25.0856	24.9277	25.2312	25.424	25.3413	25.4054	25.1235	25.1233	25.2674	25.2814	25.2126	25.5449	25.2653	25.0814	25.4471	24.9726	25.4266	24.971	25.142	25.5497	25.259	25.1905	25.012	25.016	25.3913	25.4735	24.9932	24.9451	25.5452	25.1711	25.3991	25.3155	24.9987	24.9831	25.5174	25.4177	25.2303	24.99	25.3112	25.4795	25.0548
PROT_0831	24.9615	25.1882	25.1311		25.64	25.101	25.1029	25.4514	25.1347	25.2946	25.2029	25.0822	25.1363	25.4152		25.2888	25.2278	25.2165	25.4461	25.2416	25.4926	25.4162	25.4458	25.3234	25.6765	25.0635	25.2421	25.2716	25.3838	25.6963	25.1368	25.1925	25.4872	25.2822	25.5467	24.9977	25.114	25.2853	25.4047	25.4235	25.0468	25.2629	25.44	24.9932	25.5584	25.0266	25.3328	25.1788	25.1277	25.3067
PROT_0832	18.9334					19.6426	18.9518	19.3452	19.1154	18.8436		18.8478	19.3003	18.9987	18.8865						19.3086	19.2201	19.6446	18.9951	18.4695	18.8196				18.1723			18.333		18.6488		19.3045	18.0591		19.9719	18.7269	19.2397	19.3541	19.2971	19.1469		19.0406	19.2307	19.3636	
PROT_0833	20.1238	20.81			19.3855	18.7321	19.9411			19.7931	19.8839	20.2009	19.4181				19.7265	19.6794	19.6017	18.9898				19.6351	19.3711		18.8872			20.2396					19.7273	19.4815	19.2458	19.5644		19.5422	19.1053	19.544	19.3898		19.1187	19.933	19.6581	19.7757	19.9743	19.4397
PROT_0834	23.3441	23.1941	22.9092	23.3399	22.9945	23.318	23.0649	23.1794	23.2274	23.2459	23.456	23.4388	23.4083	23.7004	23.2816	23.4839	23.6228		23.3885	23.4475	23.4483	23.3512	23.2048	23.4676	23.374	23.1723	23.463	23.0045	23.6006	23.6613	23.5398	23.1817	23.4253	23.5435	23.4915	23.4238	23.6296	22.9826	23.399	22.8502	23.1765	23.6147	23.2581	23.4698	23.6741	23.0205	23.4073	23.3943	22.3342	22.3258
PROT_0835								17.7235												18.3049				18.2088		17.3591		17.9565	18.4058									17.4365	18.0163	18.7103				18.1674			19.2547			18.5976
PROT_0836	19.7653		19.8268	19.1339	19.6545	20.0508	19.478	19.8916	20.361	20.2264	19.9409	19.7547	19.757		19.3271			19.5471	19.1242	20.1817	19.8167	19.8688		20.238	19.7732		19.7334		19.9389	19.6749	19.6369	19.1268	19.5617	19.4424	18.9973	20.2214		20.0597	20.2099	19.5751	19.8516	19.3288	19.9081	19.6912		20.5205	19.998	19.2243	20.1698	19.365
PROT_0837	20.1808	20.1498		20.2493	19.5766	19.7741	20.5837	19.8747	19.8965		18.9041	19.7587	20.2275	20.9287	19.4316	19.2812	20.3282	19.7778			20.3274	19.7347	19.958	20.2366	19.695	19.6409			20.525	19.4989		19.6986	19.5991	19.6046	19.478	19.7007	19.425	19.5377	20.5595	19.9142	19.9578	20.0856	20.2264	19.6578	19.5857	20.1973	19.7439	20.287		19.7872
PROT_0838	23.0146		22.9417	23.1286	22.9338	23.0445	22.919	23.0876	23.2774	22.9356	23.2547	23.4331	23.1435	23.1042	22.8076	23.2965	23.1049	22.7194	22.7334	22.8594	23.1147	22.8048	22.4477	23.1583	23.1589	22.6902	23.3077	22.6437	22.8682	23.2474	23.0495	23.2111	22.8485	22.8331	23.2689	22.8935	22.912	22.5454	23.0922	22.9704	23.4427	23.5784	22.821	23.0391	22.8592	23.0221	23.0935	23.1296	23.182	22.815
PROT_0839	26.5488	26.2307	26.6773		26.7753	26.4748	26.7838	26.5762	26.4988	26.3141	26.7006	26.6635	26.5917	26.531	26.4975	26.3058	27.1492	26.4056	26.5317	26.27	26.5833	26.5225	26.7382	26.4892	26.7184	26.4722	26.517	26.273	26.1145	26.4871	26.4232	26.706	26.7023	26.2377	26.5245	26.5622	26.3382	26.6555	26.4212	26.7073	26.5982	26.8795	26.7371	26.3549	26.4845	26.3144	26.6497	26.7022	26.1847	26.357
PROT_0840	21.6486	21.7372	21.7939	22.5313	21.8482	21.5358	21.3727	21.3684	22.2195	21.6353	22.1073	21.8759	22.0935	22.0051	22.2093	21.6151	22.0899	21.7664	21.6792	22.6037	21.247	22.0526	21.9253	22.0595	22.2854	21.7886	22.0173	21.8552	22.3407	22.2482	21.8369	22.0599	22.0111	22.3255	22.0929	21.7616	22.0366	21.9931	22.1712	22.3533	22.2474	22.35	21.4729			21.9444	21.9794	21.8239	21.7683	22.3278
PROT_0841	20.8058	20.806	20.6463	21.2048	20.9859	21.2828		20.9902	21.5707	21.0174		21.211	20.5342	20.9639	21.304	20.3536	21.4227		20.8504	21.021		20.6233	20.8516	21.2201	21.114	19.9826	20.8465	20.8471		20.8916	21.0633		21.1061	20.9447	20.9728	20.7952	20.5004	20.6975	20.753	20.9783		20.5135	20.9056	21.005	20.7264		21.3861	21.0193	21.2553	20.9536
PROT_0842	22.174	21.7326		21.7149	22.2139	22.3263	21.608	22.0191	22.217	22.4866	21.971	21.9303	22.473	22.3551	21.9325	22.231	22.4807	22.1618	22.3036	22.0874	21.8958	21.4828	22.0132	22.3138	22.1333	22.016	21.6402	21.5878	22.1858	22.0744	22.3562	22.1726	22.3607	21.8828	22.4327	21.7547	21.9121	22.1261	22.343	21.9726	21.9923	21.97	22.3126	21.8123	22.0374	22.2768	22.1124	22.1838	22.343	21.7385
PROT_0843	27.508	27.3695	27.3744	27.0044	27.3843	27.7505	27.3878	27.3585	27.3964	27.3562	27.5959	27.5411	27.5793	27.509	27.3034	27.8138	27.2703	27.1746	27.4592	27.5215	26.9605	26.9033	27.2766	27.259	27.0471	27.6493	27.5846	27.3465	27.6531	28.0032	27.6439	27.4041	27.5787	27.4088	27.2456	27.585	27.3774	27.4107	27.3018	27.5008	27.5678	27.8001	27.7817	27.9565	27.2892	27.7142	27.6394	27.1885	27.7631	27.3498
PROT_0844	22.4408	22.7731	22.5279	22.9584	22.553	22.8166	22.805	22.6396	23.0228	22.6019	22.3919	22.7578		22.8043	22.7515	22.9758	23.064	22.7711	22.8119	22.6923	22.6953	22.8412		22.8208	22.5552	23.1754	22.9424	22.7009	23.0663	22.821	22.4579	22.9643	23.2397	22.8262	22.9917	22.5686	22.9563	22.8691	23.003	22.7978	22.8599	22.994	22.6087	23.0469	22.7908		23.3309	22.7921		22.5802
PROT_0845		18.8232		18.7646	19.6073	19.1864		19.2531	20.031	19.5339			18.7838	19.8999	19.1665	18.9343								18.5681	19.3252		18.6273	18.8821	19.1848	17.6452	18.876		18.6495	19.1996		19.2762	19.7398		18.1707	18.2667	20.0015	18.3771			18.109	19.0648	18.9207		18.9837	
PROT_0846	25.1745	24.8884	25.2026	25.076	25.4028	25.0602	25.5416	25.1447	25.579	25.2504	25.1837	25.34	25.0488	24.8574	25.1648	25.4502	25.5929	25.3286	25.2043	24.9977	25.3022	25.0168	25.1861	24.9754	25.2513	25.5236	25.2794	25.0347	25.4063		25.2031	25.413	25.3401	25.0395	25.2623	24.9429	25.2967	25.2011	25.805	25.5141	25.1608	25.3117	25.1669	25.2412	25.4034	25.0646	25.3719	25.3838	25.4065	25.1421
PROT_0847																										17.0002									15.4213							18.8291					16.6908			
PROT_0848			18.851	18.4619		19.2957	19.4547	19.3572	19.7218		18.781	19.5563			18.8114		19.1348			18.3275	18.322	18.4748	17.8831		18.8502	19.2019		18.8956		18.9666	20.0613	20.044		17.9683	19.3548	18.9029		19.9745		19.0861	18.8603		19.6139	18.9551	18.0569	18.9697	18.7666	18.1342		
PROT_0849	23.341	23.8831	23.8495	23.4713	23.2144	23.4209	23.8574	23.9855	23.4487	23.0953	23.5496	23.3309	23.5531	23.7607	23.5208	23.0408	23.8265	23.7909	23.3923	23.1518	23.5534	23.3624	23.7117	23.569	23.1085	23.5899	23.6576	23.5397	23.1602	23.4739		23.0042	23.6406	23.233	23.3385	23.0725	23.3513	23.7174	23.4196	23.4809	23.2824	23.121	23.7472	23.6586	23.1835	23.1712	23.2939	23.5792	23.5743	23.3933
PROT_0850	22.099	21.7525	22.4088	22.313	22.3553	22.0542	22.2971		22.4533	21.6266	22.1343	22.5335	22.1453	22.0327	21.4194	21.9973	22.4965	21.5361			22.4432	22.0884	22.6489	22.0693	21.6418	22.0862	22.0783	22.0632	21.9958	22.3029	22.029	22.3806	22.2086	22.0162	22.1163	21.8898	22.151	21.6384	22.3067	22.2258	22.147	22.2476	22.1495	22.2422	22.384	21.7795	21.9252	21.588	21.6915	21.1457
PROT_0851	23.7652	23.6796	24.7729	24.0311	23.6207	23.6393	23.5955	24.0092	23.846	23.8765	23.6029	24.2006	24.1678	23.7994			23.9647	24.1252	23.8284	23.9941	24.1357	24.2241	23.693	23.1708	24.1648	24.0708	24.0604	24.044	23.7024	23.7118	23.9105	23.6735	23.8071	23.778	24.2225	23.9634	23.9443	23.8469	24.0804	24.2164	23.7362	23.9446	23.7992	23.9775	23.9648	24.0994	23.8794	23.788	23.7317	23.7485
PROT_0852	21.2374	20.7691	20.8681	21.5198	20.7619	21.1611	21.0967	20.6463	21.3003	20.5214	21.1097		21.0414	20.5196	20.7415	20.6786	21.2556	20.8833	20.7303	21.0224	20.7989	20.4885	20.5364	20.9681	20.4626	20.9325	20.7241		20.8405	20.774	20.5203	20.5234	20.3321	20.9467	20.7852	20.8811	20.906	20.5939	21.0187	20.7913	21.2832	20.9504	20.817	20.6849	20.7809	20.9848	21.143	20.578	20.9832	
PROT_0853	26.7842	26.7537	26.2717	26.4361	26.5335	26.4996	26.7584	26.4542	26.9098	26.3491	26.9837	26.8855	26.4971	26.3385	26.6734	26.7351		26.3109	26.8773	26.6106	26.2217	26.2389	26.3928	26.7113	26.4167	26.4505	26.5689	26.3501	26.3209	26.4643	26.7126	26.3545	26.6111	26.5711	26.6557	26.9188	26.2395	26.2349	26.7788	26.5763	26.661	26.5886	26.5806	26.6687	26.4504	26.5917	26.8449	26.1516	26.8958	26.656
PROT_0854	22.4115	23.1381	22.4646	22.831	22.762	22.6459	22.7781	23.0288	23.0534	22.8399	22.7863	22.923	22.8264	22.5529	22.8216	22.7181	22.638	22.0161	23.0699	22.9916	23.331	23.1338	23.006	22.9675	23.095	23.1826	22.8169	22.6027	22.9153	22.9414	23.0185	22.7889	22.4896	22.645	22.9196	22.8247	22.7118	22.9365	23.0043	23.5082	23.3169		22.7162	22.5599	22.6763	22.9	22.57	22.755	22.7624	22.7718
PROT_0855	24.7772	24.3703	24.5996	24.7249	24.7859	24.4898	24.3912	24.597	24.5574	24.6471	24.6917		24.4431	24.6264	24.5595	24.755	24.517	24.5727	24.3753	24.1403	24.7012	24.2818	24.3428	24.4377	24.8334	24.5891	24.4063	24.3471	24.2906	24.5054	24.724	24.2983	24.2387	24.1071	24.7852	24.7529	24.3888	24.4797	24.1108	24.815	24.5471	24.2059	24.5244	24.8475	24.5856	24.6492	24.2702	24.1464	24.6414	24.4524
PROT_0856	21.5789	21.6177	21.7421	21.5115	21.6412	21.5614	21.4303	21.4596	21.9267	22.2746	21.0955	21.4486	21.3741	21.4792	21.8262	20.8669	21.4361	21.3673	22.0492	22.0888	21.8326	21.2843	21.1271	21.8431	21.6102	21.2427	21.0614	21.3948	21.5376	21.3481	21.4183	21.407	21.457	21.7689	21.7551	21.4498	21.6707		22.0348	21.4396	21.4118	21.7943	20.8524	22.0204	21.2807	21.0521	21.5379	21.5773	21.2402	21.1087
PROT_0857	23.8969	24.1184	23.6338	24.0423	23.9483	24.0029	24.3284	24.2071	24.4283	23.9195	24.0277	24.362	23.7025	24.1179	23.6142	24.1283	24.4296	23.6611	23.9515	23.7731	24.5535	23.7673	23.9194	23.9127	24.1588	24.0117	24.2156	24.0263	24.399	24.1686	24.3808	23.8762	23.8583	24.037	23.9275	24.3444	23.7915	23.8339	23.9822	24.0611	24.1171	23.985	23.823	24.1073	24.1397	23.9537	24.2678	23.7565	24.0907	23.9416
PROT_0858	23.0538	22.6211	22.9702	23.4391	22.471	22.4566	22.6035	22.7254	23.0449	23.0643	22.7143	22.829	22.83	23.0313	22.3057	22.7576	22.7254	22.9479	23.0578	22.5342	22.3163	22.6798	22.8575	22.7573	22.6677	22.2986	23.0319	23.2027	22.8986	22.949	22.9749	22.594	22.7341	22.9171	22.6376	22.6601	23.0054	22.5635	23.0787	22.8786	22.6698	22.9351	22.9505	23.0323	22.8175	22.5241	22.513	22.7866	22.8488	22.6286
PROT_0859	18.9669			18.1815	18.9715	18.2145	19.0489	18.9916	19.3088	19.3707	19.0548			19.5612		19.0744		18.2704	19.4858	18.4388		18.9269	19.1254	19.5468							18.6559		19.7969		18.9294	18.5087	18.585		18.8403	19.0413		19.2887	18.8001	19.5503			19.8037	18.73		18.7056
PROT_0860		20.2341	20.0903		20.6164	19.7497	20.2369	19.689			19.9231	19.8209		20.2444	20.2256	19.8151		20.3982	19.6535	20.4622	19.5544		19.8933	20.0298	19.9982	19.9872		19.1294		20.3431		19.4697	20.8165	20.1886	19.6587	19.8594		20.2021	19.6854		20.2548	20.269	19.7927			19.8053	19.7743		20.6686	20.477
PROT_0861	20.4718	21.4205	20.8282	20.3559			20.4244	20.3439			20.4412	21.1752	20.8442	20.9262	21.0497	20.483	20.9148	21.0518	20.4481	20.2006	20.3351	20.4101	20.5144	20.7334	20.6024	20.013		20.1438	19.9926	20.8321	20.0793	20.7431	20.6048	20.5756	20.8666	20.2572	21.1134		20.4525	20.421	20.7706	20.9578	21.1773	20.2593	21.0044	20.432	20.3542	21.2032	20.3643	20.6942
PROT_0862	23.5417	23.4665	23.2247	23.5174	23.8598	23.6294	23.6583	23.8008	23.8136	23.7006	23.7457	23.8939	23.7832		24.0233	23.5383	23.5075	23.554	23.6261	23.5248	23.8865	23.4127	23.2117	23.4091	23.8642	24.3922	23.5883	23.4564	23.3456	23.1178	23.3494	23.719	23.6111	23.316	23.5681	23.6386	23.5881	23.6205	23.5247	23.5303	23.3883	23.7134	23.4873	23.8858	23.7045		23.6372	23.4163	22.981	23.5162
PROT_0863	22.394	21.8959	22.2293	21.7778	22.1021	22.4675	21.9442	21.903	22.5008	22.3879	22.5136	21.9935	21.8558	22.4989	22.0997	21.924	21.4208	21.7438	22.7925	22.2194	22.4171	21.8559	21.4881	22.3769	22.2676	22.0222	21.5929	22.4286	22.4754	22.3179	22.2729	22.0241	22.107	22.1772	22.2638	21.979	21.8881	22.1	22.605	22.2524	21.7879		22.3401	22.349			21.984	22.1763	22.0892	21.7901
PROT_0864	20.4031		21.0581	20.9898	20.7202		20.9391	21.1276	21.4733		20.7987	21.3768	21.8708	21.341	20.9673	20.9919	21.115	21.0037	20.3964	20.9367	20.9503		21.1876		20.4772	20.5024	21.0285			21.0363	20.6403	20.9159	21.4076	20.6497	20.6523	20.8674	21.2057	21.449		21.0857	20.8471	21.4823	20.873	21.1207	20.8824	20.9269	21.3473	20.987	21.4276	20.6473
PROT_0865	20.5053	21.0203	21.0681	20.8305	20.9486	20.3845	21.0915	20.71	21.9795	21.5445	20.7961	21.1991	20.9907	20.7668	21.1502	20.9109	20.7197	21.0088	20.4439	21.4167	21.2186	21.4764	20.4228	20.6673	20.7924	20.9867	20.6749	20.6224	21.0072	20.802	20.7563	21.1133	21.4688	20.7223	21.3911	20.7047	21.1042		21.3126	21.4726	21.5825	21.31	20.9007	20.7444	21.4872	20.6247	21.186	20.703	20.6432	21.0995
PROT_0866	26.0847	25.5778	25.1114	25.6335	25.5346	25.7056	25.271	25.3304	25.8367	25.4867	25.889	25.674	25.4913	26.0878	25.5929	25.7082	25.7637	25.5695	25.8792	25.1677	25.8705	25.5895	25.4694	25.6408		25.8656	25.4256	25.5875	25.4561	25.6324	25.657	25.3898	24.4536	24.6166	25.832	25.7476	25.5368	25.3612	25.6259	25.6393	25.4921	25.6905	25.5292	25.745	25.3297	25.6794	25.2693		25.4814	25.3789
PROT_0867	21.8653	21.298	21.4279	21.9654	21.7275	21.625	22.2665	21.9254	21.3801	21.3265	21.8708	22.352	21.7056	21.976	21.8524	21.5141	22.1934	21.4807	21.3778	21.4941	21.9107	21.5176	21.9061	21.4757	21.5774		22.433	21.5328	21.8484	21.7819	21.7001	21.9676	21.4113	21.3361	21.6087	21.1655	22.2473	21.6684	21.3655	21.8973	21.6756	21.6462	21.6483	21.3237	21.7361	21.4163	22.2032	21.4407	21.7242	21.991
PROT_0868	26.4283	26.5653	26.315	26.1866	26.7876	26.4265	26.623	26.0287	26.3121	26.6849	26.2308	26.535	26.1001	26.5072	26.834	26.6674	26.6078	26.5937	26.3316	26.4497	26.2134	26.5419	26.6817	26.2372	26.492	26.5682	26.3596	26.3178	26.5618	26.6846	26.514	26.5604	26.425	26.52	26.1786	26.2653	26.4782	26.1485	26.3182	26.6926	26.2023	26.7443	26.3784	26.4759	26.5802	26.4634	26.5211	26.2377	26.3343	26.532
PROT_0869	24.3652	24.3873	24.4361	24.3817	24.2393	24.1973	24.1852	24.5309	24.9184	24.4568	24.6303	24.7007	24.5082	24.4203	24.4682		24.4965	24.3843	24.2071		24.1922	24.008	24.7417	24.4352	24.4867	24.5808	24.0911	24.3572	24.4718	24.6561	23.9512	24.1447	24.4032	24.4711	24.7365	24.2316	24.3605	24.245	24.8298	24.791	24.272	23.8248	24.1953	24.4614	24.2709	24.4415	24.2769	24.3574	24.5915	24.4791
PROT_0870	19.4067		18.4715	19.649	19.6442	19.5589	19.1311	19.0436	19.4643		20.2547	19.6495	19.8968			19.2857	20.1406	19.6366		19.5834	19.8131		19.7752	19.9396		18.307	19.1558		19.4593	19.5837	19.7138	19.6199	19.7918	18.5671	19.7551		20.0188	19.8623	19.6158	19.8648	19.8848	20.1996	19.3285	19.304	19.7463	20.686	19.7405		19.2362	
PROT_0871	26.4058	26.1627	26.5874	26.3846	26.0447	26.4571	26.2787	26.421	26.4658	26.2743	26.6861	26.4213	26.3721	26.5555	26.2058	26.3582	26.533	26.3115	26.1463	26.4307	26.3522	26.1103	26.4583	26.0779	26.4239	26.3366	26.0627	26.091	26.4004	26.1064	26.2348	26.121	26.2952	26.1672	26.4418		26.2414	26.4398	26.3732	26.2611	26.4078	26.032	26.2144	26.4888	26.062	26.3318	26.0986	26.253	26.1963	26.1244
PROT_0872	24.1144	24.3548	24.2284	24.0508	24.0176	24.1294	24.3449	24.303	24.1047	23.9296	24.2691	24.5481	24.3554	24.3625	24.006		24.3315	24.0658	23.7833	23.8009	24.3426	23.8208	24.0699	23.8328	24.2179	24.3802	24.4423	23.7307		24.3301	24.1724	24.4592	24.2597	23.7431	23.9648	24.2877	23.8527	24.2044	23.9633	24.3076	24.3281	24.3815	24.0715	24.1549	24.11	24.1811	24.3175	24.4044	24.1693	23.5937
PROT_0873	22.2505	22.3773	22.799	22.9066	23.0981	22.4859	22.338	22.4737	22.8474	21.8728	22.5171	22.223	22.5478	22.5346	22.5512	22.5757	22.1192	22.4501	22.607	22.4378	22.2761	21.9955	22.6434	22.6658	22.1173	22.4106	22.7024	22.5531	22.5047	22.3077	22.7496	22.1772	22.5155	22.2231	22.116	22.3724	22.527	22.5994	22.5458	22.44	22.705	22.2613	22.8455	22.7733	22.4949	22.6275	22.4795	22.4575	22.3065	22.139
PROT_0874	23.0274	23.2189	23.5168	23.3254	23.9471		23.6793	23.6327	23.3425	23.5901	23.3489	23.2449	23.4039	23.4887	23.7315	23.5393	23.1724	23.3176	23.0612		23.0929	23.4213	23.1017	23.4396	23.3496	23.0705	23.342	23.3436	23.3912	23.7395	23.4537	23.4055	23.4803	23.172	23.7537	23.6563	23.5811	23.6175	23.3099	23.7852	23.0671	23.1985	23.1768	23.5337	23.7405	23.5065	23.3145	23.1794	23.1496	23.2155
PROT_0875	24.3487	24.6162	24.6609	24.4575	24.5544	24.4425	24.3598	24.4616	24.3218	23.6856	24.0416	24.2891	24.7477	24.6091	24.2185	24.4691	24.4011	24.4568	24.3439	23.6022	24.3928	24.1653	24.4822	24.2483	24.2313	24.4059	24.4225	24.3221	24.5665	24.3973	24.2618	24.405	24.586	24.2214	24.4026	24.4903	24.4801	24.5247	24.3629	24.3353	24.487	24.4105	24.4889	24.4324	24.2192	24.4168	24.3341	24.1273	24.5652	24.1655
PROT_0876	24.2334	24.3788	24.3586	24.7193	23.5821	23.6108	24.4348	24.3835	24.6298	24.6085	24.6253	24.4481		24.9823	24.0008	23.8231	24.0768	24.4238	24.718	24.7908	24.8364	24.5236			24.1848	23.5875	24.3472	24.0263	24.5782	24.7841	24.166	24.3393	24.2114	24.5387	23.7915	23.401	24.3587	24.2685	24.9332	24.8262	24.905	24.7435	24.4732	24.5325	23.4328	23.2721	24.1346	24.3875	24.9796	24.6776
PROT_0877	24.6629	24.8988	25.2315	24.736	25.3063	24.6369	24.964	24.8722	24.8186	24.9014	24.4464	24.5692	25.0716	24.8914	24.8958	25.2933	24.8895	24.4529	24.6976	24.764	24.6642	24.4398	24.7218	24.4598	24.9179	24.911	25.0299	24.763	24.7263	24.7039	24.4675	24.7683	24.6678	24.5949	25.2056	25.0733	24.6607	24.5923	24.4072	24.7436	24.2267	24.5206	24.9748	25.1928		25.4675	24.8432	24.5991	24.5015	24.7377
PROT_0878	22.8856	23.0123	23.1583	23.1514	23.1094	23.0346	23.2355	22.91	23.1603	23.0834	22.161	22.1609	22.7048	22.9604	23.1423	23.1242	22.6343	22.8341	22.5732	22.8942	22.8647	22.7065	22.3462	22.8762	23.2971	22.8442	23.0154	22.9797	22.9621	22.8108	22.8909	22.9157	22.8396	23.0078	22.9102	23.0055	23.2754	22.8527	22.6973	23.0654	22.7978	23.2198	22.5706	22.6865	22.5725	22.634	23.5475	22.6448	23.4372	22.8725
PROT_0879	22.925	22.7345	22.855	22.2562	22.9483	22.4873	23.0961	22.8923	23.0055	22.7081	22.5329	22.3957	23.0191	22.5591	22.7992	22.6704	23.0722	22.7395	22.9045	22.9461	22.6674	22.9963	22.7833	22.5479	22.7541	22.3422	22.5074	22.8772	22.5319	22.8311	22.6496	22.9594	23.2892	22.5348	22.6572	22.4722	22.8897	22.7241	22.5309	22.825	22.7848	22.8709	23.2601	22.8043	22.634	22.4435	22.9848	22.7275	23.0652	23.1227
PROT_0880	21.5556	20.8373	21.0787	21.7301	21.5674	21.1225	21.6918	21.4459	21.4318	20.7717	21.0767	21.5746	21.6165	21.5135	21.6222	21.4483	21.8888	21.3964	21.7007	21.0692	21.6607		21.2262	21.0338	21.5813	21.8133	21.4579	21.9196	21.6305	21.56	21.5306	21.3817	22.0937	21.232	21.8566	21.3465	21.3706	21.8383	21.3304	21.7224	21.272	21.7199	21.0974	21.3972	21.7115	20.9252	22.0801		21.0176	21.3258
PROT_0881	25.3921	24.8482	25.382	25.1599	24.8911	24.8904	25.3842	25.4216	25.1713	25.0242	25.3548	25.2513	24.997	25.0484		25.2727	25.0622	25.1095	25.7205	25.3778	25.1857	25.2798	25.2551	24.9657	25.1631	25.298	25.3825	24.8372	25.4883	25.5823	25.0833	25.1585	25.1415	25.172	24.4867	24.7975	25.2095	25.2617	25.3593	25.0409	25.1036	24.9966	25.4022	25.2715	25.1634	24.9859	25.0799	25.3593	25.2379	24.7974
PROT_0882	19.2879				20.0409		20.0291	19.2002			19.9903			19.2289	19.0534	19.473		19.6806	19.3014	19.3942	18.7368	19.5047	19.1665	19.1297			19.447			19.3987		19.2361	19.131		19.8491		18.9677	18.9362			19.3964	19.3598		19.5712			19.4444		19.9156	19.0822
PROT_0883	24.1615	24.123	23.9362	24.3168	24.1629	23.9232	24.3439	24.102	24.5162	23.9348		24.2539	24.0285	23.9457	23.6554	23.8359	23.7317	23.9317	24.231	23.9292	23.6575	23.923	24.311	23.5419	23.9893	23.9516	23.6466	24.0379	23.819	23.8932	23.528	23.5765	24.0217	24.1055	24.0585	24.0577	23.6285	24.276	23.5291	23.671	23.8223	24.0531	24.0638	24.0367	24.1143	24.1036	23.8277	23.9557	24.1256	23.9272
PROT_0884	21.3058		21.2669	20.363	21.1331	21.1422	21.5867	20.9795	21.3244	21.6567	21.1354	21.3947	20.9894	21.329	20.9627	21.4314	21.2357	21.1484	20.7996	21.1994	21.5444	21.6459	20.9763	21.4206	21.432	21.6084	21.0926	21.0221	21.2628	21.4399	21.25	21.377	21.7095	20.6895	21.3928	21.4729	21.0197		20.6835	21.4051	20.9306	21.3131	20.9397	21.0523	21.0114	21.3153	20.8938	21.1428	21.4435	21.5758
PROT_0885	22.8541	22.3462	22.2085	22.0808	22.1965	22.5341	22.5637	22.5206	22.8848	22.4152	22.4216	22.5029	22.4477	22.0517	22.3316	22.7973	21.8838	22.1	22.1021	22.5518	22.5547	22.1953	22.4622	22.1244	22.4444	22.1453	21.942	22.4519	22.1007	22.2639	22.7684	21.9579	22.4199	22.058	22.2519	22.5165	22.3398	22.5358	22.1836	22.1206	22.2516	22.3087	22.0337	22.5436	22.2128	22.8114	22.8193	22.0482	21.7568	22.1573
PROT_0886	21.808	21.8813	21.5626	21.7953	21.2897	21.4782	21.4703	21.8317	21.5378	21.8388	21.6024	21.4236		21.1088	21.0379	21.4345		21.6847	21.2605	21.5988	21.5064	21.3255	21.903	21.0655	20.8001	21.3075	20.9331	21.3481	21.2943	21.1029	21.3856	21.0874	21.4696	21.5389	21.1304	21.6421	20.5911	21.6102	22.0186	21.5615	20.9863	21.4694	21.0643	21.6095	21.5144	21.8301	21.525	21.5853	21.7435	21.3554
PROT_0887	24.0144	23.9454	23.8477	23.7587	23.8451	23.8355	23.8668	23.9946	24.1377	23.8955	23.8784	23.8578	23.8739	23.8069	24.1657	23.9459	24.0872	23.616	23.8167	24.0828	24.025	23.9588	24.0041	23.6654	24.0879	24.099	24.1041	23.8804	23.7975	23.6004	23.6961	23.5719	24.3366	24.0819	24.1349	23.7566	23.7908	23.7117	23.8087	23.9244	24.193	24.3062	23.7684	23.6753	23.7	23.9231	24.0017	23.7354	24.1232	23.853
PROT_0888	23.4165	23.2234	23.2055	23.3966	23.288	23.6988	23.217	23.4192	23.097	23.1337	23.4503	23.3032	23.4697	22.7874	23.1342	23.3056	23.3286	23.3418	23.2144	23.1907	23.2706	23.3338	23.4772	22.8373	23.161	23.0904	23.2193	23.1296	23.4755	23.7082	23.5937	23.3692	23.3299	23.2082	23.3142	23.0262	23.3999	23.3045	23.6216	23.4169	23.6999	23.0218	23.6518	23.0981	23.4932	23.5048	23.2391	23.3971	23.1737	23.0418
PROT_0889	20.5704	20.3386	20.0572	21.003	20.6873	20.0576	19.6372	20.6519	20.8322	20.506	20.2488	20.0972	19.921	20.352	20.6796		20.5086	20.1209		20.7254	20.4837	20.2902	20.4902	20.2297	20.8021	20.1543		20.0972					20.6261	20.3564	20.5804	19.744	20.2368	20.5376	20.5576	20.1078	20.1493	20.4406	19.6192	20.7567	20.8405		20.6287	20.0883		20.1637
PROT_0890	23.6171	23.5531	23.2571	23.6855	23.1745	23.371	23.3974	23.8269	23.4317	23.3928	23.6341	23.4439	23.4876	23.0655	23.2471	23.3896	23.417	23.8376	23.7775	23.4883	23.3662	23.5242	23.7168	23.2274	23.5043	23.5072	23.3429	23.1576	23.6019	23.409	23.4849	22.9241	23.4397	23.1169	24.0495	23.8453	23.6181	23.5812	23.533	23.5945	23.4691	23.9539	23.1674	23.4946	23.4922	23.3294	23.3057	23.4199	23.2051	23.5842
PROT_0891	21.0162	21.3376	20.554	21.1368	20.2942	20.7828	21.3548	20.644				21.0557	20.9626	20.8499	20.7593	20.9053	21.392		21.1948	20.7043	20.0159	21.3017		20.7162		20.9124	21.5362		20.5132	20.7016	21.1106		20.6397	20.7597	21.3318	20.7822	20.8949	20.8231	21.2537	20.7494	21.1307		20.8109		20.665	20.2473	21.2583	20.7464	21.2075	20.4492
PROT_0892		19.0562	19.5818	19.4678	19.9658		18.752	18.7763	19.7002				18.8287	19.3461	18.8004						18.8862	19.0266			18.709	18.7584	19.5324		19.0183	19.3558	19.9703	18.9149	19.0192	19.8679	19.1906	19.9216	18.9676		19.8078	19.5629	20.0373	19.4496		19.1682		19.3836	19.0502		19.1552	19.8543
PROT_0893	25.3743	25.2007	25.0969	24.5518	24.5078	24.5763	25.6557	25.7441	25.2172	25.379	25.3082	25.5997	25.0981	25.0133	25.3519	25.3858	25.4854	25.2089	25.0403	24.9824	24.9501	25.2351	25.2707	25.0613	24.9491	25.3094	25.5408	25.2587	25.0115	25.3957	25.3973	25.3879	25.4487	25.4773	25.2966	25.4686	25.7101	25.5331	25.2051	25.4437	25.0678	25.3608	25.4194	25.3065	24.8292	25.2294	25.2978	25.2574	25.4477	25.2104
PROT_0894	26.3137	26.0861	25.801	25.8487	26.0472	26.0758	25.9417	25.7787	25.9974	25.9562	26.0994	25.755	26.3932	25.7024	25.919	26.3466	26.2486	26.1911	25.6964	25.7069	26.3853	26.0181	26.1997	25.926	26.2167	26.0053	26.21	26.0377	26.1335	26.0543		25.8928	26.209	26.0161	25.9122	26.2613	26.2032	26.0043	25.9239	25.8503	26.2548	25.9376	26.02	26.2794	25.877	26.224	25.9439	26.072	26.1013	25.7787
PROT_0895								16.4025						17.8475								17.1867						16.1508			18.0778		17.9941	17.7542			17.1082		17.5391											
PROT_0896	23.1773	22.4897	23.0084	23.0722	22.9231	22.968	22.9211	23.1785	23.6394	23.2253	22.9698		23.4044		22.8992	22.5841	22.8733	22.89	23.1175	22.5596	23.0973	22.6802	23.5763	23.2509	23.0594	23.1557	22.823	22.7515	23.1327	23.0378	23.6032	22.5822	22.9803	23.2743		22.7569	23.266	22.8587	23.0315	23.0899	22.7686	23.2945	22.7716	22.8299	23.1393	23.0922	22.8969	23.1497	22.9314	22.755
PROT_0897	22.6826	22.5567		22.4411	22.6517	22.4345	22.5759	22.7961	22.8576	22.4916	22.4687	23.0819	22.9712	22.6174	22.4866	22.5655	22.6081	23.0069	22.9015	22.7515	22.6681	22.1311	22.6507		22.5638	22.5131	22.3291	22.2758	22.3658	22.6548	22.3525	22.8208	22.981	22.7592	22.5543	22.5223	22.4513	22.8269	22.242	22.2778	22.6166	22.8231	22.5646	22.8892	22.6063	22.5166	22.6634	22.5453	22.7075	23.0074
PROT_0898	25.4115	25.0156	24.789	25.1883	24.807	25.1	25.3808	25.2082	24.9152	24.8138	24.8593	25.0312	25.2338	24.9111	25.2154		24.9517	24.7579	25.6547	25.3653	24.8714	25.1114	25.1329	24.7285	25.0199	25.0873	25.6763	25.6982	25.6075	25.6599	24.9145	24.5178	24.969	24.5582	24.9256	25.2574	25.1151	25.0485	24.6776	24.8151	25.0364	25.0403	25.1884	25.1647	24.9586	25.2094	25.0668	25.0081	24.9283	24.9274
PROT_0899	24.6619	24.713	24.5183	24.9406	24.675	24.803	24.7268	24.47	24.8609	24.5732	24.7302	24.6168	24.488	24.4202	24.2868	24.3606	24.5745	24.679	24.6922	24.6806	24.3754	24.7405	24.7681	24.9389	24.6582	24.314	24.0474	24.3998	24.7126	24.9241	24.5287	24.5468	24.3118	24.6984	24.6285	24.7683	24.8601	24.8601	24.6965	24.6169	24.4768	24.686	24.5049	24.7127	24.4935	24.7239	24.8965	24.8016	24.3817	24.6017
PROT_0900	25.3726	25.5003	25.3314	25.3046	25.3994	25.1599	25.6945	25.2825	25.6313	25.4123	25.2743	25.4928	25.2879	25.4359	25.3258	25.3893	25.6511	24.9142	25.3373	25.3652	25.1812	25.1369	25.1639	25.1577	25.2832	25.078	25.5035	24.9906	25.5614	25.7945	25.3351	25.146	25.2375	25.5596	25.5008	25.398	25.3956	25.2734	25.3634	25.5931	25.4384	25.6048	25.1409	25.4015	25.7547	25.4654	25.3273	25.0743	25.0768	25.441
PROT_0901	22.6932	22.9717	23.1473	23.0218	23.1139	22.8407	23.1357	23.4549	23.1616	22.6775	23.0735	23.1537	23.2647	22.7304	22.2413	22.8471	23.0689	22.9675	22.8925	22.8954	23.3655	22.5817		22.8809	22.8639	22.7756	22.8217	23.1686	22.8378		22.6491	22.4193	23.0056	22.6366	22.7822	22.678	22.6864	22.674	22.6193	22.9504	22.6074	22.8226	22.8585	22.9122	22.8152	22.6186	22.8602	23.3302	23.1924	22.9414
PROT_0902		23.1283	23.2597	23.4595	23.6291	23.3265	23.6316	23.1133	23.7263	23.718	23.4033	23.4448	23.4982	23.5708	23.6173	23.5855	23.5903	23.3114	23.6061	23.3894	23.7176	23.2283	23.3198	23.9935	23.9491	23.826	23.5375	23.2571	23.7669	23.8971	23.3474	23.365	23.7383	23.5818	23.8208	23.5153	23.4765	23.4618	23.5356	23.5686	23.5494	23.8649	23.1494	23.6159		23.626	23.4524	23.4686	23.5839	
PROT_0903	26.5285	26.4353	26.1303	26.2179	26.7066	26.4599	26.4819	26.403	26.5915	26.4367	26.2736	26.5857	26.184	26.3481	26.4881	26.4526	26.4785	26.1378	26.0711	26.4195	26.696	26.5502	26.367	26.4312	26.212	26.5444	26.2383	26.3676	25.6528	26.2195	26.2212	26.1707	26.5265	26.0114	26.074	26.4769	26.4491	26.0062	26.1389	25.9672	26.4163	26.3748	26.0634	26.4253	26.212	26.6912	26.5154	26.1502	26.3122	26.4011
PROT_0904	21.6615	21.7062	21.0762	21.1068	21.5294	21.4245	21.6601	21.7806		21.5343	22.0282	21.8583	21.2926		22.1316	21.3504	21.7469	21.7281	20.617	21.1779	21.062	21.6416	21.3386	21.4866	21.8727	21.4772	21.3145	21.2429	21.2147	21.6378	21.9185	21.6126	21.6108	21.4307	21.6523	21.8642	21.782	21.3983	21.5795	21.6888	21.8707	21.6214	21.1824	21.1856	21.6268	21.4817	21.7488	21.1173	21.2904	
PROT_0905	19.5447	19.9342	19.8521	19.3996	19.3564	19.8136		19.9184	20.1348	19.5209	19.7902	19.7212	20.1804	19.5051	19.8841	19.2558	19.8776	19.4437	18.6376		18.9274	19.9756	19.6683	20.008	19.5805		19.1634	20.0768	19.0835		19.3604	19.5162	19.7715	19.8693	21.1484	19.3138	19.7929	19.4857	19.7453	19.4225	19.8821	20.1754	19.3637	19.2394	19.6097	19.168	19.2664	20.1367	19.3909	20.2
PROT_0906	23.8076	23.4432	23.3781	23.5831	23.5832	23.6598		23.6213	23.5804	23.4765	23.721	23.7249	23.6101	23.4906	23.6126	23.6978	23.6268	23.4374	23.5704	23.2763	23.7992	23.6025	23.1727	23.6844	23.2586	23.5448	23.2232	23.3434	23.5987	23.9027	23.7202	23.2796	23.8846	23.9115	23.4143	23.9115	23.6868	23.463	23.703	23.6017	23.8071	23.5873	23.4225	23.4932	23.8146	23.978	24.6077	23.7551	23.5295	23.3563
PROT_0907	22.6988	22.38	22.3647	22.2166	22.2567	21.966	22.6412	22.9411	22.5208	22.4422	22.5084	21.7674	22.1964	21.9114	22.3816	22.6254	22.182	22.3481	21.8597	22.6199	22.5327	22.3498	22.9855	22.5654	22.1076	22.5558	22.2868	22.024	22.0979	22.7585	21.9285		22.4341	22.4894	22.3829	22.4674	22.193	22.3593	22.2369	22.4781	22.275	22.2121	22.0749	22.4655	22.3912	22.212	22.4927	22.4571	22.454	22.4249
PROT_0908	22.9099	22.3195	22.7537	22.4842	22.6834	22.5647		22.6978	23.3491	22.9604	22.5891	22.9449	23.1144	22.781	22.855	22.8008	22.6644	22.7696	22.2917	22.5831	22.4763	22.383	22.633	22.443	22.4454	22.5742	22.1001	22.7565	22.4252	22.5541	22.6634	22.3837	22.9104	22.9453	22.5883	22.551	22.2332	22.1802	22.3425	22.9014	22.4945	22.198	22.8269	22.5022	22.4449	22.9601	22.7322	23.0071	22.5937	22.6598
PROT_0909	23.2979	24.0431	24.1053	24.2927	24.3384	24.3363	24.8454	24.1925	24.1667	24.0737	23.8793	24.4597		24.1454	24.2267	24.3639	24.4611	24.5312	23.9917	23.9314	24.2061	24.2942	24.2851	24.0944	24.4111	24.453	24.4178	24.512	24.0278	23.8859		24.4303	24.3865	23.9188	24.2603	23.9866	24.1628	24.394	24.1658	24.0898	23.9918	24.5328	24.4026	23.81	24.0995	24.2101	24.3577	24.2131	24.4567	24.3004
PROT_0910	23.1373	23.0151	22.7137	23.2119	23.0528	23.0672	23.1811	23.3773	23.5013	22.5644	23.1014	23.2624	23.4259	23.6931	23.5681	23.3195	23.2582	23.2532	23.4336	22.6864	23.0372	23.2468	23.081	22.9891		23.0477	23.2067	23.131	23.3894	23.0194	22.7066	22.6304	23.0437	23.2354	22.5722	22.8804	23.1902	23.1008	23.5475	22.6022	23.0432	23.3227	22.8797	23.3116	22.9518	22.9001	22.9503	23.3308	23.4976	22.5879
PROT_0911	25.7899	25.7803	25.633	25.7407	25.6233	25.4709	25.9218	25.8461	26.1233	25.5159	25.6224	25.744	26.0876	25.7242	26.0256	25.5367	25.6802	25.5646	25.5788	25.7342	25.7478	25.9078	26.0079	25.9596	25.9682	25.7809	25.925	25.723	25.725	25.6407	25.6396	25.7125	25.6724	25.8373	25.7463	25.636	25.7715	25.8531	25.7532	25.8793	25.3879	25.3514	25.6929	25.7427	26.0763	25.363	25.7448	25.5665	25.7688	25.5336
PROT_0912	29.3396	29.685	29.5368	29.5896	29.1848	29.3373	29.5842	29.4401	29.9069	29.3848	29.4169	29.7685	29.3975	29.668	29.5937	29.6383	29.6404	29.831	29.4691	29.4617	29.2543	29.517	29.6388	29.3659	29.6328	29.2663	29.7083	29.5748	29.7879	29.5516	29.1866	29.5698	29.7571	29.448	29.6602	29.4699	30.004	29.4122	29.448	29.5023	29.1572	29.607	29.4028	29.4958	29.3887	29.3354	29.8037	29.488	29.5138	29.3742
PROT_0913	24.1588	24.1989	24.0838	24.3231	24.2244	23.7851	23.9975	24.4444	24.2037	23.9047	24.109	23.9989	24.2755	24.0709	24.1303	23.8218	24.6307	24.0172	24.1976	24.0522	24.4539	24.2333	24.4233	24.2068	24.0461	23.8473	24.1204	24.2226	23.9679	24.1784	23.8432	24.0683	24.542	24.1653	24.0734	24.2868	23.2808	23.2035	24.0961	24.02	24.5185	24.3362	24.1886	23.9053	24.2751	23.9933	24.2296	24.3196	24.564	23.8639
PROT_0914	22.5252	22.4645	22.2209	22.1952	22.671	22.7283	22.8746	22.3576	22.5667	22.2602	22.2309	22.1861	22.6338	22.6537	22.508	22.7114	22.8579		22.088	21.9903	22.2714	22.9629	21.9821	22.2193	22.644	22.2217	22.7428	22.5919	22.2763	21.989	22.3806	22.6989	22.5099	22.4171	22.3543	22.6726	22.5128	22.7969	22.4955	22.3219	22.4419	22.8525	22.4352	22.0521	22.4044	22.2455	22.3296	22.4251	22.4632	22.1519
PROT_0915	19.378		19.9373	19.9782	19.5874		19.7891	19.7858	19.7432	19.5221	19.3948		19.9123	20.1196	19.9882	20.5102		19.0211	20.3469	19.7644	19.6903	19.9185	19.9061		19.6956	19.4837	19.526		19.4933	20.6121	19.6223	19.112	20.0135	19.3617			19.3025		19.7643	20.2044	19.3895		19.905	19.3172	19.6078	19.3605	19.6515	19.8841		19.6711
PROT_0916	23.5547	23.5748	23.4379		23.4788	23.2807	24.2285	23.8406	23.7439	23.5733	23.3841	23.3482	23.5274	23.3143	23.2146	23.8006	23.8311	23.3284	23.4262	23.3587	23.2098	23.1802	23.5018	23.5369	23.5411	23.5586	23.3661	23.6731	23.4471	23.2775	23.5923	23.5729	23.5808	23.0827	23.6537	23.5827	23.69	23.3693		23.713	23.5887	23.1432	23.4201	23.1187	23.3511	23.7201	23.8327	23.5161	23.8715	23.4774
PROT_0917	26.1603	26.232	26.1779	26.3523	26.8581	26.8765	26.1281	26.2285	26.2883	26.1373	26.4938	25.908	26.3283	26.6213	26.9348	27.0815	26.3785	26.3965	26.2486	25.9737	26.3983	25.6471	26.6442	26.323	26.7309	26.8264	25.9126	26.0723	26.1915	25.9171	26.3203	26.1349	26.6831	26.1458	26.7673	26.6111	26.1896	26.1837	26.157	26.0438	26.0654	25.8194	26.4936	26.3992	26.6148	26.9784	26.1924	26.0394	26.1367	25.9408
PROT_0918	24.186	23.9768	23.9377	24.0645	23.9408		23.8593	24.2045	23.9269	23.5939	24.1069	24.0364	23.8405	23.9981	24.0504	24.4241	23.9554	23.7578	23.8045	24.1126	24.1698	23.5994	24.4272	23.935	24.2428	24.184	23.893	23.6986	23.6881	23.8493	23.9072	23.9622		24.279	23.6271	23.7639	23.5619	23.7108	24.3359	24.0291	23.9003	23.6991	24.0745	24.0177	24.1012	24.1127	23.9805	24.0972	23.855	24.0887
PROT_0919	19.6867	20.3111	20.1338	20.9839	19.9313	20.4331		20.1027	20.8639	20.7806	20.1201	20.3587	20.384	20.3463	20.4196	20.3732	20.387	20.2601	20.5541	19.6	20.2494	20.3818	20.1298	20.4374	20.3037	20.3672	20.3392	19.5201	20.5484		20.001		20.2784	20.2663	20.043	20.2011	20.2618	19.9123	19.8936		19.9369	20.2972	19.9597	20.66	20.2705		20.367	19.9291	20.185	20.5068
PROT_0920	26.018	25.9151	25.8979	25.9603	25.8955	26.2993	25.7908	25.9462	26.4181	25.9334	26.157	25.9912	25.8929	26.0246	26.1954	25.8766	25.9949	25.7844	25.9184	25.5686	26.1204	25.9681	25.291	25.9635	25.8708	26.4108	25.4428	25.6803		25.8653	25.9563	25.3322	25.8277	25.533	25.944	26.165	26.1805	26.0054	25.7813	25.8015	26.0079	25.8341	25.9459	26.1387	25.9405	26.0654	25.7152	25.5872	25.9948	25.4033
PROT_0921	24.1613	23.9354	24.2149	23.6997	24.2647	23.958	24.5332	24.0189	23.9157	23.7902	24.2645	24.5055	24.0611	24.36	23.9133	24.2085	24.4587	23.9633	24.0067	23.841	24.2558	24.3622	24.0518	23.6498	23.8146	24.2136	23.943	24.0363	24.0405	24.0585	23.9633	24.4176	24.1866	23.8529	23.4965	24.0997	24.5288	24.0364	24.1897	24.1795	23.941	24.1198		23.8959	23.6532	23.9605	24.3812	23.8234	24.4812	23.9662
PROT_0922	26.3493	26.1873	26.3729	26.623	26.3653	26.392	26.3576	26.2063	26.2492	26.2875	26.5048	26.5009	26.1782	26.4193	26.3956	26.3364	26.4033	26.3537	26.5219	26.3588	26.2371	26.3373	26.1017	26.0563	26.1653	26.4121	26.0376	26.3742	26.3795	26.5484	26.1989		26.8219	26.4278	26.6983	26.5356	26.2359	26.0908	26.4323	26.506	26.2249	26.5985	26.318	26.0471	26.4855	26.6713	26.2631	26.1778	26.4223	26.1825
PROT_0923	26.6057	26.4423	26.3152	26.4816	26.762	26.3047	26.6436	26.8248	26.497		26.2611	26.4507	26.6513	26.5361	26.7004	26.3757	26.6293	26.3518	26.528	26.3911	26.4981	26.2973	26.4112	26.4222	26.6378	26.5791	26.6837	26.3849	26.4708	26.477	26.5553	26.5739	26.7331	26.3235	26.7408	26.6388	26.5324	26.7508	26.5793	26.5402	25.5545	26.0406	26.4384	26.7361	26.4416	26.6878	26.7475	26.6983	26.5364	26.5567
PROT_0924	24.8005	24.7228	25.007		24.7789	24.5692	25.079	24.2196	24.548	24.8371	24.985	24.7406	24.7866	24.7402	25.0081	24.9064	24.7736	24.8531	24.5123	24.716	24.9011	24.7244	25.0187	25.1249	24.4583	24.4837	24.5561	24.6692	24.8017	24.8563	24.5366	24.4989	24.6705	24.6787	24.5779	24.8095		24.5121	24.7851	25.0252	24.6007	24.5026	24.5388	24.9086	24.6286	24.6595	24.6428	24.3889	25.0686	24.6984
PROT_0925	24.2456	24.1262	24.1607	24.1543	24.3029	24.4202	24.4468	24.46	23.9615	24.2396	24.2437	24.3019	24.1917	24.4088	24.1737	24.5838	24.1545	24.1196	23.8389	24.1023	24.1235	24.1116	24.1212	23.9961	24.2879	24.2287	24.1818	24.114	24.2988	24.6104	24.3041	24.045	23.9294	23.985	24.0464	24.1764	24.2067	23.9445	24.0485	24.5154	24.0646	24.3995	24.2416	24.0642	24.2055	24.1187	24.3685	24.1878	24.2212	24.0711
PROT_0926	24.2026	24.4928	24.2196	24.1669	24.6179	24.3367	24.7971	24.636	25.0479	24.6346	23.9223	24.7002	24.5173	24.1152	24.3871	24.1277	24.2839	24.3978	24.7839	24.5384	24.7676	24.1372	23.9454	24.6503	24.5533	24.2105	24.6216	24.7662	24.3362	24.5958	24.5699	24.7162	24.169	24.5127	24.676	24.1747	24.6393	24.6834	24.5103	24.6614	24.3734	24.6969	24.7219	24.7138	24.5003	24.2096	24.6772	24.3826	24.4188	24.5345
PROT_0927	24.0627	24.4681	23.7174	23.9261	24.3005	24.1132	23.9201	24.1111	24.4309	24.2521		24.2273	24.183	23.9013	24.0202	23.9917	24.278	24.2019	23.8026	23.5969	23.9932	23.8958	23.9011	24.0009	24.3144	24.0262	24.2044	24.1201	24.3998	24.4796	24.0693	24.4122	24.0669	23.8568	24.043		24.2192	24.0801	23.983	24.2183	23.8831	23.9937	24.15	23.8917	24.1514	23.9569	24.4442	24.3581	24.2546	24.3362
PROT_0928	20.1022	18.743	18.668	19.6625	19.903	19.0127		19.7269	19.6258	18.729	19.1093	19.741	18.8914	19.3055		19.3869			19.7385		19.3836	19.345	19.1423	19.309	18.4468	19.3105			19.5841		19.0434		19.3265	19.8175	19.217				19.2888		20.1441		18.7213	19.3166	19.4652		19.8584	18.9787		
PROT_0929	20.1826	20.1667	20.6664	19.8552			19.7687	20.3303	19.9773	19.974		20.3476	20.5901	20.487	21.5249	20.5232	20.2536	20.4148	20.3522	20.6938	21.1377	20.0406	20.8387	20.2917	20.8613	20.1571	20.1561	20.461	20.7531	20.1438	20.8249	20.4303	20.489	20.3941	21.0541	20.6062	20.359	19.8279	20.5476	20.6604	20.5712		20.134		20.0625	20.2125	20.4619	20.6671	20.3646	19.8167
PROT_0930	27.9622	28.3861	28.8523	28.7901	29.1639	29.162	28.8544	28.8331	28.2639	28.351	28.2027	28.4646	28.4007	28.4849	29.2339	29.0813	28.8857	28.5179	28.1349	28.2616	28.2461	28.1689	28.7214	28.3458	29.1785	28.9164	29.0179	29.3049	28.4662	28.287	28.0644	28.3289	28.5242	28.7344	29.2242	29.0283	28.282	28.4702	28.0877	28.2582	27.9848	28.5121	29.2949	29.2673	28.9485	29.2505	29.1132	28.9076	28.2369	28.3214
PROT_0931	24.3074	24.1794	23.7694	24.3275	24.2267	24.0877	24.0625	24.1162	24.5003	23.5034	23.8781	23.9091	23.9268	24.1274	23.7744	24.3226	23.9206	24.1047	24.3245	23.6934	24.3806	23.9061	24.3756	24.4528	24.0642	24.2551	23.7409	23.9192	24.1908	24.2837	23.8622	23.9686	23.8544	24.0415	23.4679	24.2373	24.0229	23.8919	24.9679	24.2115	23.9198	24.2734	23.7777	24.3012	23.6744	23.9473	23.8508	23.9243	24.3517	23.6892
PROT_0932	25.5712	25.0324	25.1225	24.7204	25.1942	25.0376	24.8362	24.8872	24.9119	25.045	24.7994	25.1273	24.9469	24.6344	25.2399	25.0764	24.9567	24.9363	25.0256	25.0375	25.2869	25.008	24.7219	24.714		25.0449	25.1156	25.0623	24.6116	24.9006	24.7898	24.6418			25.1846	24.9475	24.9949	24.6255	24.5574	24.5749	24.734	25.1196	25.016	24.5544	25.0022	25.4451	25.1825	24.7617	24.9874	24.5132
PROT_0933	19.8076			20.5116	20.9766	19.8659		20.6678		20.2185	19.448	20.4851	19.9354	20.3259	19.9198	20.1944	20.4032	19.9629	20.4434	20.5845	20.2731	20.2754	20.2595	20.3806		20.4091		20.1346	20.1024	20.4064	19.6183		20.6155	20.6388	20.3452	20.2337	20.4593	20.4139	20.3194	20.6502	20.2875	20.6431	20.5887	20.1116	20.1612	19.7511	20.3802	20.2635		20.1419
PROT_0934	17.0809								16.9604					17.981											18.8096				16.8524		15.9072					17.487		16.7396				16.9211								
PROT_0935	22.3374	22.2919	22.3799	22.7071	22.8543	22.7389	22.2979	22.4927	22.8806		22.1987	22.8761	22.404	22.6502	22.5605	22.3686	22.9247	22.6667	22.858	22.2621	22.7094	22.5865	22.3661	22.4479	22.1336	22.5618	22.1841	22.1193	22.4563	22.3669	22.7556	22.7059	22.4239	22.4042	22.7651	22.6057	22.4078	22.3935	22.8706	22.8465	22.1077	22.8316	22.2612	22.8562	22.6867	22.1721	22.7466	22.2168	22.6342	22.2249
PROT_0936	20.2871	20.9164	20.1132	19.5189	19.8393	19.8863	19.4512	20.3701	20.442	20.1528	20.2287	19.7564	20.2208	19.7417	19.9377		20.3162	19.6989	19.6922		20.0491	20.1683	20.8369	19.9005	20.0624		20.5479	19.737	20.1098	19.9132	20.8841	19.4297	20.4761	19.8362		20.1213	20.6797	19.9001	20.0487	20.5989	20.0836	20.0105		20.3073		20.4645	20.1466	20.7116	20.0924	20.1696
PROT_0937	28.0279	28.136	27.8059	27.9044	28.3511	28.0548	28.2025	28.3387	28.1178	28.0378	28.1589	28.0693	27.9894	28.0257	28.1353	28.1425	28.1549	27.9104	27.9924	28.053	28.5088	28.1986	28.0631	27.9429	28.2267	27.9885	28.0182	28.0583	27.904	28.0048	27.8706	28.0746	28.2991	27.9077	28.2995	28.0157	28.1368	28.4172	27.8601	28.191	28.3869	28.0352	28.2609	28.0815	27.9806	28.0591	27.9631	28.03	28.0933	27.8961
PROT_0938	21.6509	21.9025	21.9343	21.8094	22.0992	22.0861	21.5271	21.6715	21.5465	21.5718	21.6883	22.3864	21.8766	21.7755	21.1847	21.5696	21.8307	22.3129	21.6963	21.242	22.2691	21.87	21.5907	21.9247	21.7187	22.1614	21.5052	22.0382	21.83	21.485	22.2338	21.6459	21.7646	21.6647	21.7508	21.4146	21.8349	21.7167	22.0666	21.4568	22.1707	21.5479	21.9713	21.3349	21.4426	22.0437	22.3495	21.4099	22.111	
PROT_0939	26.1091	26.0039	26.596	26.3365	25.6108	25.9284	26.1879	26.3247	26.4494	25.6645	25.8576	26.1414	25.9933	26.3563	25.6123	25.9246	25.9592	26.4505	26.2772	25.6607	25.7749	25.6995	26.5172	26.4494	25.8977	26.0219	25.8256	26.4382	26.1518	25.8508	25.7765	25.6922	26.2466	26.0577	25.9535	25.7683	25.8552	26.3417	26.3042	25.7864	26.2318	25.9195	26.0574	26.3125	25.9283	26.0583	25.8422	26.3694	26.4268	26.0989
PROT_0940	27.4613	27.2276	27.3987	27.4763	27.5596	27.4938	27.3302	27.4133	27.5698	27.5967	27.522	27.4304	27.3952	27.44	27.7762	27.5699	27.4925	27.3275	27.3684	27.3793	27.3558	27.2095	27.2132	27.1275	27.3208	27.2689	27.3043	27.3726	27.4219	27.5275	27.2631	27.7625	27.5006	27.2967	27.4733	27.6853	27.5362	27.5418	27.6073	27.6615	27.6302	27.5486	26.995		27.5326	27.2923	27.3644	27.0422	27.6882	27.5782
PROT_0941	22.4461	22.8367	22.5559	22.3595	22.3169	22.1872	22.5538	22.4941	22.9564	22.3192	22.6835	22.1902	22.8463	22.8422	23.0306	22.7149		22.24	22.8551	22.6663	22.4316	22.8607	22.0042	22.4126	21.8593	22.0385	22.7246	22.6191	22.7022	22.2701	22.454	22.7834	22.3285	22.4503	22.1614	22.7257	22.7194	22.1654	22.996	22.7495	22.3055	22.6823	22.7655		22.4716	22.1572	22.5445	22.2864	22.5106	22.2403
PROT_0942	22.5775	22.1052	22.7454	22.8574	22.3474	22.0722	22.3497	22.1628	22.4622	22.1522	22.3265	22.2874	22.5434	22.4692	22.3974	22.005	22.113	22.3527	22.1594	22.487	22.1082	22.3815	22.6912	22.3148	22.1879	21.9671	22.1461	22.3376	22.309	22.2275	22.6272	22.1672	22.2256	22.182	22.4263	22.0772	22.1579	22.8639	21.4726	21.7945	22.3006	22.5419	22.5385	22.6745	22.5574	22.3051	22.1482	22.2393	22.1021	22.2998
PROT_0943	19.7403	20.3033	20.1796	20.4643	19.7383		20.6277	19.9912	20.9079		20.5385	20.7029	20.2312	19.7846	20.9622	21.1942	20.5073	20.4473	20.3203	20.5862	20.4146	20.5388	19.8198		20.442		20.0964	19.9214	20.8137	20.8069	20.2136	20.0741	20.7873	20.4319	20.779	20.0395	20.4952	20.4175	20.4512	21.3512		20.0988		20.0549	21.3092	20.2976	20.0548	20.4103		20.4451
PROT_0944	23.4648	23.5889	23.8315	23.7606	23.6728	23.6511	23.9292	23.9339	23.9954	23.4733	23.6002	23.6187	23.9232	23.7142	23.8155	23.9835	24.432	24.6758	23.7923	23.7047	24.1492	23.6482	24.0138	23.5347	23.3986	23.4386	24.0875	23.5803	23.5522	23.5432		23.5108	23.7676	23.528	23.8306	23.5393	24.0952	23.5498	23.4632	23.733	23.8529	23.8874	23.413	23.354	23.6832	23.8571	24.0011	23.6778	23.4088	23.5529
PROT_0945			20.5147		21.0282	21.1712	21.003	20.317	20.9433	20.7075	21.0059	21.3235	20.373	21.0194	21.2782	20.9036	20.5115	20.8863	20.5551	20.6272	21.1091	20.6231	21.0341	20.5934	20.7914	20.4545	21.2731		21.0372	21.552	20.98	20.9856	20.9955	21.329		20.3004	21.2224	20.9507	21.4099	21.1094	21.0255	20.8915	20.8311	21.1011	20.8428	21.2401	20.9046	20.849	20.9984	21.2002
PROT_0946	22.833	22.9475	22.8749	22.9695	22.6839	22.3746	23.014	23.1229	22.9501	23.4156	22.6458	22.8291	23.266	22.9658	22.9259	22.499	22.8852	22.9046	22.8683	22.8877	22.835	22.6512	22.9584	23.1181	22.9519	22.5755	22.9435	22.7994	22.7559	22.9856	22.7982	23.1358	23.1819	23.106	23.0759	22.5928	23.2813	23.0822	22.9563	22.8594	23.0418	23.3949	23.0552	22.9993	23.1747	22.5479	23.0807	22.7651	22.9641	22.6881
PROT_0947	24.5525	24.1428	24.8098		24.6765	24.4495	24.6441	24.3162	24.5863	24.7691	24.8292	24.3203	24.5578	24.931	24.9585	24.3636	24.7552	24.3738	24.6733	24.8432	24.8441	24.3785	24.8119	24.3747	24.7489	24.4732	24.5939	24.54	24.9632	24.6551	24.6331	24.7302	24.6783	24.4737	24.7979	24.5704	24.5741	24.4025	24.6961	24.8012	24.6824	24.6231	24.6748	24.5093	24.5615	24.6629	24.833	24.647	24.4938	24.8286
PROT_0948	20.6378	20.3255	20.3459	20.1626		20.2008	19.7068		20.0899	20.5694	20.5631	20.3982	20.2972	20.7153	20.3645	19.4369	20.0496	19.7623	19.939	20.4054	21.5053	20.5614	19.6858	19.8454	21.2344			19.5985	19.6772	20.6884	19.9875	19.5955			20.8683		20.1245	20.4044	20.3989	20.95	19.8578	20.2693	20.1642	20.1191	19.709		19.6641	20.5065	20.2506	20.653
PROT_0949	25.0314	25.0661	25.94	25.9938	25.1901	24.9628	25.1491	25.2875	24.7674	24.7561	25.1028		25.2161	24.8985	25.4036	24.8754	25.2328	24.9828	25.0036	24.8349	25.2463	25.0864	24.839	24.8378	24.9326	25.1183	24.9479	25.0715	24.9012	25.0589	24.7978	24.8022	25.4681	24.8377	25.2494	25.047	25.0427	25.2907	25.303	25.2852	25.3856	25.2724	25.1785	24.7938	24.9027	25.0216	24.8856	25.1144	24.9273	24.9553
PROT_0950	24.2217	23.7893	24.4361	24.194	24.0073	24.0501	24.7191	23.6912	24.0735	23.9802	23.9775	24.4856	24.2066	24.3091	24.1325	24.2695	24.5893	23.8636	24.1307	24.2095	24.3316	24.3342	23.9368	24.3003	23.9987	24.2272	24.0642	23.5075	24.3554	24.1964	24.3565	24.2548	23.6893	23.3667	24.0309	24.3409	24.1412	24.396	24.2952	24.3984	23.7913	24.4705	23.9814	23.7235	24.0536	24.0347	24.3393	24.2463	24.243	24.3238
PROT_0951	22.5474	22.9089	23.0358	22.7635	22.9069	22.5609	22.756	22.8565	22.8264	22.8606	22.8165	22.7692	22.9557	22.8363	23.3417	22.6825	22.9318	23.1763	22.5816	22.8705	23.829	23.6292	22.8803	22.4253	23.1978	22.9904		22.5264	23.3404	22.8009	22.5635	22.9425	23.1663	22.6687	22.9304	22.8987		22.9287	23.369	22.7148	23.1887	22.5692	22.9073	22.7703	22.8863	22.8811	23.1801	23.1363	23.2489	23.031
PROT_0952	23.2328	22.9239	22.9266	23.2073	23.2218	23.2907	22.9952	22.8678	23.396	23.148	23.065	23.0385	23.0426	22.9356	22.8903	22.7606	23.4071	22.9203		23.2381	23.1131		23.0879	22.7826	23.0422	22.7521	23.0155	23.175	22.8549	23.4021	23.0265	22.8129	23.4284	22.879	23.3313	22.8018	22.8627	23.4362	22.7669	23.2429	23.0752	23.1502	23.2843	23.168	23.5828	23.2907	23.306	22.9924	22.6637	22.8875
PROT_0953	25.1067	24.9932	25.1136	24.4115	24.9503	24.6383	24.7001	24.358	24.6936	24.9596	24.3813	24.5956	25.2285	24.745	24.9642	24.7134	24.8333	24.5195	24.6694	24.8166	24.8582	24.9199	24.8813	24.6188	25.0361	24.6527	24.5227	24.6416	24.6961	25.0603	24.8506	24.8122	24.8675	25.1796	25.3375		24.9343	25.4966	25.1292	25.2423		25.0699	24.6797	24.8798	24.9613	24.5365	24.7752	25.0557	24.7506	24.6777
PROT_0954	23.7738	23.4518	23.4585	23.3366	23.4044	23.3512	23.6267	23.512	23.1215	23.2621	23.5666	23.7462	23.6531	23.0182	23.5401	23.503	23.6371	23.3243	23.0453	23.1811	23.548	23.3165	23.6436	23.5089	23.364	23.3039	23.0307	23.6418	23.2495	23.6991	23.4881	23.7499	23.1108	23.0479	23.3735	23.6725	23.3845	23.2515	23.0685	23.6892	23.4842	23.4171	23.396	23.7533	23.5646	23.3578	23.4726	23.6236	23.6135	23.2312
PROT_0955	22.7835			22.6439	22.6821	22.9565	23.0773	21.973	23.4073	22.9876	22.4347	22.8889	22.7168	22.9196	23.1254	23.262	22.6905	22.3416	22.8974	22.6666	23.1626	22.7187	22.8551	22.5541	22.5789	22.7602	22.7223	22.5369	22.9415	22.8275	22.317	22.4867	22.6966	22.4148	22.8956	22.9632	22.3332	23.0739	22.9478	22.7079	22.9498	22.9414	22.5578	22.9015	23.0131	22.9984	22.9653	22.8626	23.2344	22.6786
PROT_0956	22.8902	22.8615	22.6498	22.6443	22.9924	22.5337	23.1382	22.9183	22.9574	23.2349	22.9918	23.1664	22.6616		23.1588	22.7153	22.8141	22.7787	22.9054	22.9136	23.2258	23.0513	22.6275	22.7872	23.3853	23.07	22.9277	22.4959	22.6039	23.4639	22.8201	22.8658	22.9962	22.7027	23.0586	23.0218	22.7159	22.7687	22.4949	22.9385	23.0527	23.1296	22.7355	23.0001	23.2859	22.8974	23.1152	22.8253	22.6279	23.1298
PROT_0957	23.7562	23.3003	23.5153	23.1169	23.0557	23.5102	23.6957	23.3028	23.456	23.1803	23.4795	23.3811	23.457	23.1951	23.658	23.0944	23.4255	23.2404	23.4247	23.3324	23.3887	23.2463	23.4627	22.9243	23.3841	23.5113	23.3792	23.4199	23.4988	23.7457	23.4871	23.2986	23.2892	23.3852	23.408	23.5463	23.2725	23.4893	23.2248	23.2807	23.3087	23.3877	23.5239	23.0489	23.1078	23.2921	23.1876	23.4862	22.9987	23.4203
PROT_0958	25.7001	25.6537	26.4328	26.9651	25.7246	25.7413	25.3738	25.5134	25.9534	25.6413	25.4739	25.7056	25.4761	25.4062	25.7182	25.6999	25.7745	25.8311	25.4516	25.486	25.5332	25.2898	25.6054	25.2855	25.2899	25.7111	25.4452	25.6152	25.4624	25.7271	25.5885	25.3961	25.6498	25.2118	25.7902	25.7661	25.2767	25.4329	25.7923	25.5779	25.9743	25.7949	25.742	25.5733	25.3345	25.4365	25.5751	25.1783	25.5137	25.657
PROT_0959	23.3355	22.9973	23.2436		23.2224	23.3091	23.4441	23.1544	23.2248	23.539	23.5706	23.6035	23.3502	23.5896	23.1004	23.3207	23.3905	23.2575	23.2761	23.1862	23.7248	22.8285	23.4715	23.4948	23.5015	23.548	23.0782	23.2037	23.4421	23.5763	23.2937	23.0714	23.7584	23.2531	23.3854	23.3436	23.0376	22.7183	23.1907	23.6134	23.1392	22.8847	23.2603	23.369	23.403	23.4449	23.2543	23.2938	23.5084	23.1801
PROT_0960	21.1681	21.111	21.6759	21.0457	21.6278	21.4542	21.5288	21.8547	21.0404	21.7363	21.4354	21.3554	20.8898	20.9107	21.6544	21.694	21.9634	21.5695	20.9958	21.7392	21.6125	21.2571	21.6906	20.9768	21.8442	21.6118	21.4915	20.5052	20.5769		21.9828	21.2374	21.3432	21.2769	22.0516	22.0256	20.8976	21.3206	20.713	21.5819	21.0637	21.6847	21.7653	21.2082	21.7386	21.5227	22.0854	21.3905	21.4922	21.6807
PROT_0961					17.5397				17.8124							17.8065		17.5187																			17.2131					17.2374				17.2214				
PROT_0962	21.9965	22.5082	22.3127	21.8844	23.9265	23.6946	22.9557	21.9854	22.282	22.4929	21.9396	22.1714	22.6628	22.5805	24.2052	23.9993	22.4638	22.1744	22.0497	21.9659	22.2809	22.2304	22.5325	22.3896	23.9575	23.8983	22.6502	22.9356	22.3014	22.4309	22.3524	22.152	22.4038	22.2436	24.0818	23.5224	22.8197	22.336	22.3529	22.3082	22.2676	22.3649	22.7304	22.2868	24.4893	24.4833	22.711	22.6366	22.1262	22.2142
PROT_0963	22.1127	21.7552	22.5034	22.1526	22.2163	22.4322		22.7293	21.8508	22.0119	22.1363	22.4669	22.4176	22.0004	21.7518	22.2638	21.8759	22.4288	22.3582	22.2655	22.5361	22.2263		21.7232	21.5063	22.3355	21.9826	22.4438	21.6987	22.7215	22.1547	22.1244	22.4547	22.0654	22.0731	22.2818	22.1946	22.3717	21.9549	22.4237	22.3601	22.1235		22.0357	21.913	22.5215	22.5232	22.3541	22.5354	22.5161
PROT_0964	22.1134		22.6903	21.9829	22.3838	22.2681	22.4411	22.4532	22.3339	22.2195	22.508	22.4961	22.4196	22.1777	22.3148	22.2398	22.2263	22.6601	22.7329	21.676	22.3962	22.0909	22.7266	22.3923	22.1825	22.1042	22.8945	22.4008	22.4524	22.034	22.335	22.0698	22.8511	22.0818	22.4061	22.1321	22.4496	23.0478	22.2471	22.2024	22.1545	23.102	22.2451	21.5785	22.7296	22.4922	22.4055	22.0842	22.149	22.3465
PROT_0965	25.2691	25.2088	25.8869	25.2096	25.8473	25.74	25.7269	25.428	25.6206	25.3163		25.4503	25.6066	25.2699	25.6458	25.4195	25.747	25.6864	25.1349	25.4081	25.7655	25.4083	25.6548	25.2919	25.4984	25.5675	25.6811	25.6267	25.6492	25.6957	25.3346	25.5824	25.8887	25.1203	25.5034	25.4076	25.6197	25.6918	25.3549	26.0662	25.5094	25.4919	25.721	25.0636	25.4905	25.7914	25.4441	25.5115	25.2392	25.5324
PROT_0966	22.1466	21.7679	22.2705	21.8238	21.7728	21.9771	21.9125	21.8234	21.9504	22.1657	21.9241		21.7931	21.6412	21.4092	21.8191	22.0007	22.0694	22.0092	21.9439	22.0103	22.0812	21.8286	22.0318	21.8033	22.2215	21.8709	21.9695	21.839	22.1215	21.5694	22.3289	22.0065		22.0212	21.387	21.8649	21.688	21.8075	22.014	22.0934	22.4667	22.2862	22.0373	22.1154	22.2418	22.3389	22.0996	22.1774	21.8011
PROT_0967	26.5629	26.6661	26.2226	26.5571	26.3162	26.1502	26.4745	26.566	26.6374	26.4765	26.4366	26.4723	26.7676	26.938	26.6037	26.9241	26.9603	26.0822	26.6441	26.6844	26.6721	26.5277	26.3475	26.5465	26.6925	26.8628	26.3648	26.23	26.6081	26.7066	26.6848	26.3674	26.5763	26.3855	26.7464	26.3467	26.382	26.3741	26.557	26.5847	26.6577	26.4047	26.2358	26.7072	26.2513	26.6494	26.4999	26.1758	26.6047	26.743
PROT_0968	24.877	24.7437	24.6299	24.8155	24.7881	24.6771	25.2539	24.9703	25.5373	25.0292	24.8582	24.7821	24.843	24.701		25.1588	24.7153	24.6184	24.8542	24.6898	24.5764	24.8283	24.7398	24.884	24.9062	25.0301	25.1365	24.718	24.67	24.8978	24.7306	24.717	24.7387	24.6185	24.8926	24.6591	25.1565	25.1901	24.7955	24.6552	24.5602	25.1809	25.1655	24.8166	24.9693	24.7687	24.8141	24.9521	25.118	24.4427
PROT_0969	23.5514	23.6676	24.1677	24.5901	24.5231	24.2463	24.0999	24.345	24.5859	24.3458	24.2643	24.1163	24.2847	24.341	24.3755	24.5853	24.5236	24.3823	24.2964	24.2039	24.5602	24.1878	24.1982	24.5853	24.1881	24.4651	24.0205	24.2201	24.3766	24.553	24.1704	23.9869	24.356	24.7596	24.1584	24.46	24.3739	24.6435	24.3189	24.4248	24.5658	24.3854	23.9859	24.4724	24.224	24.3235	24.3405	24.2069	24.5398	24.381
PROT_0970	28.7302	28.8432	28.8987	28.6727	28.7171	28.8167	28.7123	28.7068	28.5784	28.4743	28.6203	28.8107	28.9053	28.3035	28.7282	28.531	28.935	28.8591	28.4791	28.7699	28.8004	28.8587	28.6673	28.5975	28.5098	28.7233	28.7315	28.5186	28.7085	28.7392	28.3363	28.8269	28.6749	28.6788	28.9345	28.413	28.6336	28.8118	28.6616	28.9708	28.507	28.7528	28.7555	28.6818	28.9195	28.5626	28.5103	28.8143	28.4883	28.5871
PROT_0971	28.4643	28.1674		28.0377	28.2966	27.7694	28.2325	28.5237	27.713	27.5719	27.7975	28.0595	28.1424	28.2521	28.1948	28.0714	28.1049	28.0938	28.1891	28.0252	28.565	28.4158	28.2651	28.0858	28.194	28.1428	27.8157	28.2799	28.1096	28.321	28.2314	28.5602	28.2328	28.149	28.4764	28.3282	28.1853	28.2035	27.9173	28.2206	28.0397	28.3698	28.4799	28.4373	28.3092	28.1677	28.3405	28.509	28.2282	28.2667
PROT_0972	26.9148	26.6799	26.8609	26.5806	26.4268	26.4353	26.6877	26.6598	26.8756	26.5603	26.8626	26.71	26.7503	26.7227	26.8065	26.7908	26.7063	26.9119	26.7209	26.5679	26.9535	26.8287	26.6155	26.8847	27.0129	27.0667	26.6718	26.8593	26.9359	26.9225	26.7857	26.6847	26.7838	26.8147	26.8292	27.2419	26.8283	26.9164	26.9494	26.963	26.9687	27.1061	26.7784	27.1462	26.4621	26.9446	26.7896	27.0434	26.6614	26.9823
PROT_0973	21.181	20.6279			21.2498	21.3601	21.0656		21.2255	21.3121	21.2054	20.9693	21.332			21.3867	20.983	21.3496		21.1943	21.0934		21.0247		20.9669	21.7282	21.0816	21.6664	21.1178	21.4454	20.981	19.8672	21.429	20.6939	21.0407	21.4682	21.0336	21.2953	20.8663	20.7044	21.462	20.6337	21.2806	21.3957		21.3	20.8693	21.4988	21.0819	20.8713
PROT_0974	22.7829	22.3393	22.5874	22.4415	22.9216	22.5412	22.5192	22.378	22.5509	22.7867	22.2279	22.5677	22.9389	22.3298	22.7055	23.2159	23.0281	22.8051	22.1387	22.4717	22.533	22.7524	22.5577	22.591	22.3918	22.1837	22.352	22.5691	22.2321	22.7502	22.306	22.4509	22.7129	22.131	22.9453	22.7601	22.5882	22.8064	23.2233	22.6271	22.6035	22.7478	22.565	22.8702	22.6807	22.7548	22.9531	22.7467	22.1586	22.7202
PROT_0975	20.5178	20.6672	20.5464	20.3655	20.828	19.9301	20.1916	20.1034	20.2539	20.1426	20.3137	20.3491	19.8929	20.6889		20.7355	20.585	20.653	20.0136	19.824	20.5964	20.2578	21.1382	20.8225	20.89	20.6486	20.46	20.1603	20.2702	19.9748		20.313	20.7003		20.4687	20.794	20.8201	20.768	19.8906	20.9532		20.8104	20.5027	20.2127	20.7294	21.2678	20.0285	20.8429	20.6946	20.5996
PROT_0976	21.9751	21.9834	22.3898	22.1741	22.3574	21.8074	21.9891	21.8276	22.0072	22.0122	22.134	22.6631	21.8088	21.8636	22.5948	22.3679	22.4794	21.9654	21.5459	21.7106	22.5615	22.2975	21.5967	21.6131	22.4997	21.9972	22.2639	21.7052	22.3309	22.3647	22.147	21.9906	22.0859	22.0059	22.3816	21.9807	21.6815	21.4865	21.7723	22.2614	22.4277	22.1238	22.034	21.5985	22.3882	22.1644	22.7848	22.2567	21.7871	22.745
PROT_0977	23.3512	23.0239	23.0922	23.1535	22.8278	23.2742	23.2241	23.1087	23.2981	23.0243	22.8248	23.1493	23.0407	22.7569	22.8045	23.0157	23.367	23.1314	22.7866	23.4676	23.1819	23.3395	23.1689	23.4238	23.3167	23.1008	22.9969	23.0942	22.9824	23.5887	23.2207	23.1538	23.4627	22.9452	23.5085	23.4476	23.2307	23.1366	23.233	22.8996	22.7828	23.0008	23.5616	22.966	22.9739	23.2002	23.0036	22.8913	23.5468	23.4029
PROT_0978	21.3857	21.3423	21.5492	21.6658	21.481	20.9416	22.1653	21.4146	21.677	21.615	21.4021	21.7619	21.4322	21.646	21.4629	21.6791	21.2782	22.0116	21.6749	21.5504	21.5162	21.2969	21.4253	20.9154	20.9303	21.5253	21.3429	21.1587	21.4235	21.1855	21.1489	21.5553	22.0797		21.1405	21.1031	21.2865	21.5113	21.1055	21.7756	21.2191	21.835	21.5641	21.2956	21.4466	21.4498	22.3609	22.5178	21.3696	21.8278
PROT_0979	23.8846	24.0236	23.7491	23.9565	23.8751	23.9579	24.2443	24.0008	24.2126	23.8273	23.744	24.0676	23.7317	24.0643	23.9157	23.8746	24.0261	23.7318	24.2353	23.8794	23.378	23.4775	24.0215	24.0955	23.4457	24.0726	23.971	23.6524	24.2674	24.0328	23.6807	23.9962	24.1062	23.9828	23.767	23.838	23.873	24.1927	23.997	23.8032	23.9274	24.1037	23.7332	23.9531	24.0569	23.7248	24.0632	24.1304	24.1851	23.8103
PROT_0980	24.5794	23.8135	24.2753	24.6188	24.902	24.6173	24.3179	24.0647	24.7435	24.7801	24.5058	24.5802	24.2952	24.5366	24.6264	24.2934	24.4978	24.4019	24.7729	24.4671	24.3296	24.3397	24.4419	24.6226	24.4247	24.4534	24.618	24.1266	24.3902	24.4385	24.4266	24.6381	24.5361	24.3049	24.4178	24.4434	24.3761	24.4788	24.2589	24.7472	24.4733	24.5161	23.3493	23.7187	24.479	24.377	24.4173	24.387	24.5947	
PROT_0981	25.7515	25.6307	25.4481	25.4976	25.6578	25.3111	25.3053	25.3131	25.5018	25.4479	25.3956	25.4869	25.3496	25.5009	25.517	25.787	25.5846	25.1708	25.7633	25.1335	25.6776	25.2116	25.0138	25.5225	25.3942	25.4935	25.6106	25.3291	25.5045	25.5523	25.1303	25.3992	25.2981	25.67	25.6882	25.6669	25.5967	25.0403	25.5689	25.473	25.4994	25.8988	25.2696	25.6541	25.6537	25.2779	25.6826	25.2244	25.5327	25.4361
PROT_0982	23.7907	23.4148	23.6022	23.4301	23.0684	23.5964	23.6481	23.3668	23.9076	22.9431	23.1372	23.8111	23.2937	23.3818	23.2546	23.1483	23.9567	23.9023	23.3588	23.7417	23.5421	23.6281	23.495	23.4455	23.6349	23.5414	23.3698	23.4898	23.6246	22.907	23.587	23.6632	23.6669	23.4262	23.4951	23.6722	23.7432	23.6654	23.776	23.227	23.5694	23.397	23.3484	23.3498	23.1372	23.1102	23.4925	23.4282	23.9113	23.7109
PROT_0983	23.1732	22.7368	23.6121	23.6962	23.1144	23.1781	23.4409		23.4327	23.5178	23.2222	23.3053	23.5062	23.1223	23.3232	23.3452	22.9851	23.5334	23.1775	23.4198	22.8529	23.2911	22.9151	23.1012	23.1779	23.4568	23.2956	22.8699	23.4327	22.8842	23.0997	23.3783	23.3334	23.4249	23.5475	23.278	23.0587	23.2598	23.4171	23.3515	22.9907	23.2247	23.2822	23.6477	23.2971	23.3013	23.4675	23.1071	23.3989	23.2374
PROT_0984	22.551	22.3178	22.653	22.8134	22.4417		22.8341	22.6911	22.8375	22.6327	22.3009	22.5356	22.5503	22.8873	22.5838	22.7573	22.969	23.0434	22.7663	22.5588	22.653	22.4667	22.5722	22.614	22.8295	22.6995	22.5131	22.1865	22.8384	23.1216	22.476	22.2038	22.8661	22.9057	22.9686	22.4794	23.0885	22.8004	22.8425	22.4301	22.2727	21.9451	22.3697	22.9082	22.6625	22.6646	22.6972	22.5703	22.7767	22.7417
PROT_0985	20.4731	20.8315	20.813	20.9163	20.5112			20.9957	20.8847	19.7525	19.739	21.0373	20.6584	20.4689	20.3575		20.1202	20.3594	19.941		20.084	20.3025	20.3795		19.9894	20.5314	20.7897	20.9444	19.8803	20.9031	20.3865	20.1591	21.2117	20.4605	20.7154	20.7231	20.5764		20.4518	20.1145			20.5481	19.9081	20.7444	20.4174		20.8537	20.5117	20.4122
PROT_0986	22.7514	22.8672	22.4933	22.171	22.4311	22.5129	22.6494	22.6282	22.4014	22.5145	22.5743	22.6488	22.5129	22.1972	22.3472	22.4044	22.6722	22.5185	22.3777	22.3137	22.4982	22.6555	22.5824	22.0365	22.7932	22.1475	22.1283	22.2563	22.1929	22.1381	22.4002	22.3373	22.868	22.4802	22.6461	22.1729	22.8626	22.6795	22.2842	22.0795	22.6212	22.578	22.5573	22.06	22.5785	22.1603	22.6199	22.2815	22.068	22.7126
PROT_0987	22.6053	22.1775	22.4512	22.5485		22.4913	22.0912	21.9944	22.457	22.2053	22.541	22.5346	22.0842	21.833	22.6163	22.2612	22.4772	21.9751	22.1626	21.9482	22.5687	22.2227	22.2166	21.8167	21.9814	22.3546	21.7614	22.2244	22.6434	21.8118	22.517	22.0363	22.1411	22.151	22.302	22.5516	22.0878	22.0313	22.1093	22.0322		22.1779	22.276		21.9958	22.4162	22.3645	21.819	22.2719	
PROT_0988	22.057	22.1425	22.0952	21.841	22.2359	21.9686	22.0268	22.0877	21.9654		21.6023	22.1426	21.6973	21.4753	22.4835	21.9844	22.0872	21.3958	22.0108	22.4063	21.6137	21.8888	21.9549	21.8804	21.488	21.8597	21.9801	22.1521	21.6124	22.0637	21.9685	22.3331	22.2599		22.1316	22.1555	22.8044	21.9122	21.8432	21.8753	21.5075	21.9553	21.8646	22.1011	22.4586	21.6912	22.5181	21.8644	21.5379	22.4849
PROT_0989	21.5448	21.2086	21.7791	21.3567	21.4066	21.3847	21.5218		21.9208	22.0784	21.2528	20.9916	21.5878	21.4684	21.7418	21.9588	21.6509	22.1397		21.632		21.6312	21.4959	21.8952	21.7184	21.5776	21.5221	21.7667	21.5388	21.6368	21.5857	21.7767	21.1546	21.9012	21.914	21.6244	21.3499	21.9131	21.7902	21.5541	22.0432	21.7768	21.8757	21.5353	21.4298	21.8945	21.6465	21.1479	21.8738	21.9988
PROT_0990	22.7478	22.7705	21.8263	21.723	22.6902	21.7398	22.0756	22.1738	22.5828	22.3219	22.3875	22.2595	22.0025	22.3145	22.39	22.2843	22.5024	22.1262	22.258		21.9362	22.6554	21.9312	22.2376	22.383	22.2	22.4337	22.2695	21.9263	22.2684	22.0596	21.9796	22.5882	22.2418	22.1	22.1273	22.3291	21.7956	22.3901	22.6285	21.7577	22.4155	21.9653	21.6255	21.8353	22.4045	22.4057	21.7531	21.9718	22.2024
PROT_0991	26.1777	25.9695	25.7969	26.0179	26.0124	26.2718	26.1532	25.4714	26.2468	25.6137	25.9677	25.7474	25.7102	25.7658	26.0608	26.1632	26.1864	25.7982	25.9985	25.8992	26.3363	25.4805	25.7196	25.9847	26.2838	25.9053	26.1119	25.8911	25.551	25.9823	25.9734	26.0284	25.8208	25.8347	26.0729	25.9619	26.1442	25.9009	26.0617	25.5942	25.7314	26.0026	25.7194	25.9157	25.8341	26.3216	26.0565	25.8008	25.7747	25.9357
PROT_0992	22.8953	23.1118	23.466	23.6518	23.161	23.1279	23.4712	23.7688	23.441	23.3616	22.9144	23.5933	23.8197	23.4259	23.5467	23.3048	23.7407	23.7703	23.4836	23.5843	23.6054	23.4105	23.8617	23.484	23.4897	23.4168	23.6591	23.2012	23.3295	23.3821	23.3139	23.6622	24.5189	24.1762	24.1971	24.1531	23.6165	23.6345	23.4606	23.306	23.7055	23.5999	23.7084	23.501	23.4769	23.7824	23.3325	23.2459	23.4005	23.5744
PROT_0993	23.1571	23.0852	23.1562	23.0187	23.2415	23.2644	23.2595	23.1835	23.5035	23.2472	22.7172	23.3941	23.0306	23.112	23.0668	22.8341	23.2458	23.3235	22.9626	23.0383	23.104	23.1331	23.4378	23.0301	23.0911	23.2022	22.9241	23.2136	23.19	23.2459	22.6755	22.8394	23.3617	23.2649	22.7882	22.9559	22.9475		23.3837	22.9662	23.2068	23.1457	23.1317	23.4054	22.8804	22.7699	23.3942	22.8212	23.2715	22.8947
PROT_0994	21.4883	21.3862	21.5967	21.4953	21.9421	21.7832	21.8155	21.6487	21.6254	21.583	21.3603	21.5138	21.1799	21.6111	21.3034	21.4848	21.5963	21.3973	21.1025	21.2948	21.6243	21.1472	21.6693	21.8985	20.9729	21.5605	21.1375	21.5534	21.0464	21.8324	21.1655	21.3573	21.6824	21.4034	21.253	21.7798	21.2439	20.8107	21.2917	21.2687	21.774	21.8232	21.2881	21.5526	21.1349	22.0239	21.8008	21.4259	21.9328	21.6583
PROT_0995	22.3604	22.9449	23.296	22.9192	22.8878	23.4018	23.1004	23.2462	23.3913	23.4636	23.0026	23.4624	23.5302	23.0199	23.557	23.0906	23.0358	23.1852	23.1726	23.3781	23.2281	23.012	22.0785	22.5442	23.4104	22.9312	22.6692	23.221	22.8085	23.6108	23.0333	23.0975	23.4364	22.9623	23.4681	23.289	23.3745	22.6268	23.0398	23.4633	23.0678	22.8929	23.0366	23.1381	23.5894	22.6327	22.9432	22.5879	22.4474	23.2041
PROT_0996	21.5318	21.6502	21.3324	21.3266	21.6603	21.4146	21.6992	21.1262	21.5698	21.3327	21.2269	21.656		20.9845	21.3136	21.7998	21.5749	21.1085	21.5202	21.7138	21.4945	21.9423	21.8327	21.6269	21.3839	21.3624	21.4204	21.3756	20.7997	21.981	21.0349	21.3423	21.8451	21.3449		21.8833	21.7685	21.2422	21.1199			21.9016	20.9235	21.8459	21.4576	21.7307	21.4585		21.5667	21.4442
PROT_0997	21.7327	21.7344		21.6631	22.1307	21.5416	22.0428	21.7894	22.0058	21.7493	21.7119	22.2825	21.489	21.6012	22.2857	21.5363	22.0799	22.0358	21.6698	21.8984	21.6161	21.603	22.4194	21.6455	22.1941	21.7226	21.8509	21.769	21.0907	21.8127		21.8407	22.3959	21.7515	21.8264	22.1387	21.8325	21.6747		22.1608	22.307	22.1391	21.745	22.1449	21.9273	22.2466	21.7162	21.8271	22.1181	21.7358
PROT_0998	23.0768	22.9441	23.4837	23.2259	23.7181	23.2544	23.8343	23.7933	23.6046	23.6761	23.8175	23.3723	23.8119	23.3164	23.8894	23.2364	23.3958	23.4645	23.4231	22.9333	23.4704	23.2797	23.466	23.3065	23.3738		23.6539	23.6239	23.2461	23.6847	23.6244	22.8695	23.8176	23.0336	23.5744	23.5251	23.5054	23.5219	23.4356	23.8743	23.5234	23.653	23.5701	23.2109	22.6882	22.73	23.0028	24.0343	23.5083	23.1025
PROT_0999	22.3778	21.784	21.7466	21.2155	21.5992	21.5002	21.9938	22.422	21.9541	21.7826	22.2018	22.3162	21.8482	21.9225	21.9018	22.3153	22.092	22.3666	22.2501		22.374	22.2203	22.4574	22.0063	21.9155	22.2411	22.269	21.6972	21.9946	22.2538		22.587	22.6802	22.1733	22.6432	22.1691		21.9366	22.152	22.1365	22.408	21.6768	22.2445	21.9287	22.0573	22.206	22.0956	22.2764	21.8813	22.0221
