protein_id	WT1_t1	WT1_t2	HetEd1_t1	HetEd1_t2	HomEd1_t1	HomEd1_t2	HetRev1_t1	HetRev1_t2	HomRev1_t1	HomRev1_t2	WT2_t1	WT2_t2	HetEd2_t1	HetEd2_t2	HomEd2_t1	HomEd2_t2	HetRev2_t1	HetRev2_t2	HomRev2_t1	HomRev2_t2	WT3_t1	WT3_t2	HetEd3_t1	HetEd3_t2	HomEd3_t1	HomEd3_t2	HetRev3_t1	HetRev3_t2	HomRev3_t1	HomRev3_t2
PROT_0000	22.4671	23.2418	22.8081	22.8749	23.2074	22.9135	22.7896	22.8643	22.5494	22.5448	23.0593	23.031	22.7728	23.0285	22.7337	22.7295	22.9334	23.0085		22.7109	22.93	22.6193	23.0187	22.5775	22.4939	22.7893	22.7132	23.1228	22.9608	23.298
PROT_0001	24.0254	23.6937	24.8969	24.683	24.5981	25.0131	24.2217	23.7902	23.7617	23.448	24.3075	23.9846	24.4133	23.6578	24.1566	24.3518	23.809	24.6514	23.7987	24.0534	24.4492	24.0522	23.986	24.2292	24.445	24.2452	24.6223	24.1019	24.1638	24.2032
PROT_0002	25.1342	24.946	24.9743	25.3227	25.1416	24.9007	24.9679	25.1892	25.0473	24.9222	25.3585	25.1877	25.1236	24.7404	24.3963	24.3445	25.1111	24.9755	25.0104	25.1482	25.2473	25.1584	24.6748	24.9426	25.1609	25.2397	24.785	25.0537	24.8775	24.5548
PROT_0003	24.8968	24.7881	24.6451	24.8068	25.4146	24.7593	25.0689	24.8176	24.8749	24.9149	24.9848	24.5661	25.2895	24.9675	24.5246	24.795	24.8681	24.8493	24.9226	24.838	24.9375	24.655	25.0966	25.0533	24.9451	25.0879	25.1109	24.8586	24.6319	24.6932
PROT_0004	22.5002	22.8388	22.2701	22.3975	22.7581	22.627	22.2125	22.5263	22.3801	21.9195	21.7516	21.8626	22.6082	22.7696	22.5502	22.1518	22.3265	22.3479	22.5656	22.414	22.3964	22.1296	22.488	22.5312	22.1719	22.6005	22.3409	22.2445	22.3949	22.3492
PROT_0005		22.869	23.1101	23.3995	23.3161	23.1955	23.3843	23.0971	23.0862	23.5427	22.9675	23.0953	23.2827	22.9227	22.9238	23.1774	23.1468	23.6958	23.0904	23.011	23.4245	23.3865	23.1649	23.3584	23.7301	23.1988	23.244	23.0944	22.5851	23.5491
PROT_0006	25.4573	25.1084	25.1329	25.0704	24.976	25.0256	24.8717	24.9727		25.3085	24.7634	25.0998	25.0224		25.2934	25.1525	24.7928	25.0477	25.0093	24.8311	24.7977	25.1749	25.1453	24.9426	25.1204		25.1186	24.8868	24.9998	25.1109
PROT_0007	21.3058	21.4503	21.5557	21.4113	21.6321	21.7355	21.8741	21.5918	21.4249	21.7194	21.8158		21.2846			21.6198	21.5732	21.0683	21.6324		21.7821	21.5346	21.674	21.515		21.619	20.9973	21.415	21.3291	
PROT_0008		21.4683	21.1144	21.4566	21.627	22.0565	21.4256	22.0568	21.2156	21.1433	21.4853	21.1825	21.9788	21.5646	21.2222	21.3334	21.6443	21.6495	21.3626	21.6319	21.8226	21.6347	21.368	21.9409	21.0545	22.2068	21.9043	21.0688	20.6545	21.0187
PROT_0009	24.5045	24.4663	24.5553	25.1232	24.5352	24.4438	24.4354	24.724	24.2156	24.3252	24.7289	24.5045	24.5637	24.5285	24.3004	24.5984	24.574	24.7519	24.7521	24.4408	24.2813	24.7932	24.5526	24.7884	24.7952	24.7837	24.4261	24.7775	24.5119	24.773
PROT_0010	27.377	27.1935	27.338	27.0649	27.2213	27.2712	27.3253	27.1213	27.4905	27.4184	27.0067	27.3066	27.4148	27.1265	26.7206		27.0117	27.3425	27.3459	27.28	27.486	27.565	27.0093	27.184	27.2486	27.2454	27.3297	27.2709	27.3148	27.2463
PROT_0011												15.9394																		
PROT_0012	22.5431	22.4331	22.6877	22.8405	22.8966	22.6892	23.0382	22.9071	22.8681	22.7417	22.8782	22.238	22.7652	22.8048	22.4642	22.8288	22.4509	22.8002	22.787	23.1252	22.678	22.9828	23.4394		23.1805	23.5908	22.6752	22.6089	23.1322	22.8161
PROT_0013	21.1459	21.2136		20.6397	20.7351	21.3078	20.9521	20.8345	21.0535	21.3961	20.9279	21.4223	20.9953	21.2012	20.8891	20.9523	20.7673	20.7534	20.458	21.4375	20.9326	21.4356	21.0663	21.3506	21.0809	21.4121	21.2466	21.1259	20.7201	20.6471
PROT_0014	23.5651	23.8768	23.7203	23.257		23.2805	23.6832	23.7623	23.3643	23.6259	23.3049		23.2766	23.4984	23.5317	23.5396	23.5908	23.9083	23.9773	23.6957	23.7716	23.9897	23.3161	23.4381	23.9862	23.8914	23.5777	23.4762	23.6089	23.4673
PROT_0015	22.0833	22.0454	21.7468		21.4887	21.4242	21.7627	21.9912	21.778	21.7975	21.5881	22.026	21.8275	21.7518	21.5749	22.0123	21.2387	21.8731	20.7682		22.0416		21.9596	21.923	21.6413	21.8057	21.6707	21.837	21.6177	21.6764
PROT_0016	22.2229	23.0543	23.1	22.4207	22.9325	22.6827	22.5208	23.0186	22.8131	22.1917	22.5282	22.4715	22.4288	22.4779	22.7097	22.3539	22.7336	22.6568	22.5539	23.0269	22.6098	22.7804	22.651	22.7752	22.5265	22.5589	22.4513	22.4817	22.4855	
PROT_0017	24.0808	24.0373	24.0596	24.1571	24.0333	23.8026	23.8198	23.9308	23.6488	24.1697	24.0399	24.0351	23.6387	23.8308	23.5392	23.9376	24.2669	23.6872	23.9979	24.0605	23.4405	24.1192	23.5367	24.0811	23.8147	24.0823	23.7133	24.0187	23.9369	24.3207
PROT_0018	23.776	23.5681	23.2818	23.2096	23.7982	23.9451	23.1169	23.6445	23.275	23.4431	23.2908	23.1632	23.5325	23.5514	23.4894	23.6632	23.4888	23.5476	23.4496	23.4478	23.3992	23.5237	23.1562	23.9217	23.6072	23.7732	23.4595	23.5945	23.6766	23.0821
PROT_0019	24.8431	24.872	24.719	24.2715	25.1116	24.7596	24.6918	24.7903	24.7773	24.8295	24.8605	24.6782	24.9535	24.7589	24.9377	24.8655	24.8423	24.5004	24.5205	24.7617	24.792	24.5969	24.3295	24.8218	24.6875	24.6446	24.8982	24.9251	24.8816	25.2015
PROT_0020	21.6646	21.8334	22.1306	21.1393	21.7317	21.9149	21.4556	21.7115		21.752	22.5056	22.3115	21.7966	22.0467	21.7286	22.1531	21.4274	21.7611	21.6939		21.7455		21.7212	21.4615	21.918	21.7796	21.4812	21.8631	21.7198	22.0528
PROT_0021		20.3785		21.046	20.2248	21.1585	20.6251	20.3272	20.4729	20.861	20.6284	20.7692	21.021	20.5568	21.298	20.2574		21.0879	20.9469	20.7964	20.6994	20.6536	20.4867	20.8066	21.4458	21.5739			20.3898	20.71
PROT_0022			19.4366	19.0018	18.5224	18.6681	18.446	18.6324		19.0368	18.8905		18.7853			18.0176			18.1878		18.8509	18.6979		18.7925		19.1717			18.5379	19.5399
PROT_0023		21.8714	22.3438	22.4935	22.6458	22.7534	22.4391	22.5435	22.5133	22.8165	23.1304	22.219	22.465	22.6306	22.1652	22.3645	23.9147	23.7298	22.2511	22.7882	22.8303	22.4733	22.9062	22.8834	22.4261	22.9718	22.276	22.6878	22.7946	22.6357
PROT_0024	22.4639	22.1164	22.0251	22.5883	22.8412	22.1716	22.5307	22.6499	23.1602	22.7974	22.4174	22.5965	22.6051	22.268	21.9637	22.2843	22.4371	22.1621	22.3685	22.3022	22.0239	22.4881	22.0474	22.2042	22.7153	21.95	22.3605	22.1936	22.1014	22.2817
PROT_0025	21.8584	21.9968	21.6768	22.2391	22.4973	22.4541	21.8015	22.3177	21.8462	21.6471	22.4393	21.7917	22.3174	22.0043	22.2028	22.5645	21.8971	22.4617	21.902	22.3286	21.8004	22.0322	22.01	22.0833	22.333		22.1668	22.0952	22.2496	22.2732
PROT_0026	23.8288	23.9104	23.6482	24.2376	24.581	23.7794	24.0065	24.5922	23.7431	23.8054	23.8531	23.8474	24.1141	23.887	23.5766	23.8453	23.772	23.7305	23.9234	23.8421	23.493	23.7913	24.0647	24.1806	24.1169	24.4051	23.798	23.8302	24.5719	23.8722
PROT_0027		20.6491	20.4342		20.6102		20.1774	20.4732	20.8775	20.3393	20.5963	20.4418		20.4345	20.0026	20.703	20.8069	21.2637	20.6203	21.1194	21.1115	20.5378	20.2209	20.8708	20.0586	20.6226	20.3883	21.2513	20.6597	21.109
PROT_0028	22.1545	22.1701	22.0125	21.7115	21.9782	22.2699	22.0647	22.3423	21.6833	22.0472	22.0425	21.6305	22.6216	22.2024	22.0163	21.9894	21.9372	21.933	22.0843	22.0662	21.6678	21.4487	21.9329	22.2843	21.3529	22.0465	21.7686	21.5209	21.6072	22.3528
PROT_0029	25.2842	25.3156	25.0741	25.2024	25.5531		25.4364	25.3834	25.1209	25.5867	25.1939	25.6056	25.5153	25.3714	25.3358	25.5846	25.0236	25.4014	25.1924	25.1843	25.5371	25.702	25.4973	25.2238	25.4348	25.488	25.6388	25.7445	25.4183	25.3977
PROT_0030	20.7522	20.3042	21.1763	20.3397	20.4483	20.5822	20.8044	20.3648	20.7497	20.1949	20.083	20.6801	20.6656	20.2931	21.0584	20.0004	20.1939	21.3989	20.9367	20.645	20.6749	20.794	20.732	19.6745	21.2741	20.8834		19.9952	20.3664	21.0262
PROT_0031	21.4937	21.2572	22.0523	21.3697	21.5786	21.6446	21.2268	21.8625	21.5086	21.5838	21.904	21.6623	21.2058	21.7485	21.4423	21.3771	21.8191	22.0734	21.8775	22.087	21.683	21.0863	21.722	21.9387	22.0067	22.1718	21.6666	21.5172	21.0603	21.8116
PROT_0032	25.9385	26.1368	26.0905	25.8886	26.2649	26.028	25.9092	26.0853	26.1204	25.9561	26.0052	26.0018	26.0442	26.0862	25.9333	25.9632	26.0755	26.3441	25.6224	26.2306	26.0711	25.9831	26.2193	26.1313	26.087	26.2408	26.1733	26.108	26.0894	26.2938
PROT_0033	27.5949	27.364	27.8786	27.7508	27.982	27.8271	27.6578	27.8623	27.8897	27.4724	27.5676	27.8534	27.7266	27.315	28.0013	27.8401	27.4492	27.8455	27.8678	27.5995	27.9334	27.7271	27.636	27.8285	27.7491	28.1027	27.7681	27.5731	27.9065	27.7276
PROT_0034														17.8074						17.2136		19.2166								
PROT_0035		20.1143		19.5278	18.8165	19.5901	19.8694					18.8998	19.8579	19.8294	19.4078		19.4376		19.8063	19.5677	19.5287	19.3587	19.8474	19.5336	19.5319	19.6621		19.3297	20.1528	19.29
PROT_0036	22.6267	22.8133	23.1653	22.7143	23.3263		22.6729	23.4361	23.0838	22.8711	22.9057	23.0646	23.071	22.8335	23.0633	22.9009	23.1816	23.221	22.8724	22.8863	23.1638	22.8942	22.4547	23.3722		23.0793	23.0321	22.5855	22.9384	23.1472
PROT_0037	22.8543	23.3595	23.3466	22.9169	22.9296	23.247	23.0759	23.4138	22.6184	22.7958	23.2659	23.0728	23.2932	23.3666	23.1681	23.0445	22.9978	23.3095	22.7154	23.1953	23.3529	22.9733	23.2105	22.9626	22.9911	23.3895	23.2849	23.132	22.8756	23.4932
PROT_0038	22.774	22.4959	22.6693	22.5852	22.1946	22.5031	22.5243	22.8216	22.7274	22.724	22.8461	22.8852	23.0441	22.6189	22.1806	22.9859	22.8607	22.7098	22.5718	23.1819	22.5199	22.4438	22.1784	22.7954	22.9474	22.8747	22.7858	22.8076	23.1114	22.349
PROT_0039	22.9286	22.9285	22.0658	22.0501	21.473	21.6887	22.1486	22.1012		22.6896	22.8216	22.7085	22.0656	21.8848	21.3284		22.2727	22.1988	22.4477	22.7157	23.2949	22.5788	22.6964	22.5248	21.4934	21.7456	22.3038		23.0289	22.9821
PROT_0040			17.8828			17.5271															17.1321						16.6739			
PROT_0041	20.7813		21.4299	21.5714	21.5238	21.1429	21.6153	21.4498		21.1943	21.2425	22.0438	21.0071	21.3885	21.8593	21.621	21.9396	21.6437	21.0292	21.5333	21.188	21.6253	20.9223	21.5456	21.3505	21.3589	21.4181	21.4162	21.2056	21.7618
PROT_0042	26.9478	26.9073	25.4652	25.4292	22.8398	22.6782	25.729	25.2697	26.9879	26.6858	26.7887	27.0012	25.7213	25.3361	22.7652	22.4784	25.273	25.705	26.7332	26.8292	27.0735	27.0456	25.3233	25.5741	22.69	22.6141	25.5585	25.6392	27.1014	27.4787
PROT_0043	20.8411	20.5025	21.1986	21.1778	20.4277	21.3003	20.0655	20.7443	20.6742	21.1012	20.3779	20.9124	21.0737	20.1952	20.6314	20.6683	19.9813	20.6117	20.5001		21.0773	21.0945	21.1711	21.243	20.8848			20.8885	21.2567	21.2217
PROT_0044	24.8813	24.2022	25.1671	25.1336	24.8686	24.9964	24.866	24.9523	25.3393	24.9924	24.8112	24.7944	25.1931	24.6186	24.9383		24.7705	25.2144	25.3365	25.1053	25.2204	25.2158		24.8229	25.1175	24.8493	25.1523	24.9777	24.6465	25.09
PROT_0045	21.9953	21.554	21.9382	21.7877	22.1243	21.8206	21.7672	21.6096	22.306	22.0605	21.6308		22.2778	22.5093	21.7495		21.2474	22.1164	21.1551	21.1302	21.7174	21.7539	22.1806	21.5171	21.0864	21.7154	21.575	21.801	21.9239	21.8986
PROT_0046	23.733	23.5397	23.4343	23.2832	23.7082	23.6039	23.6523	23.8644	23.2392	23.1036	24.3461	24.1934	23.6122	23.5128	23.4398	23.4243	23.5501	23.6079	23.3278	23.7516	23.8075	23.7051	23.2248	23.3048	23.5619	23.6184	23.4258	23.724	23.812	23.3357
PROT_0047	20.7914	21.5369	21.0583		21.7614	21.2307	20.5168	21.4245	21.0223	21.1171	21.4064		21.2107	21.0488	20.9032	20.6702	21.432	21.1487	21.1202	21.5883	20.5935	20.7381	21.4383	21.1811	20.7567	21.6409	20.8017	20.7779	21.5981	21.7525
PROT_0048	25.6509	25.8321	25.3632	25.4381	25.5501	25.4837	25.2827	25.6895	25.673	25.5674		25.4773	25.6872	25.4467	25.4848	25.4375	25.5111	25.8725	25.3223	25.2576	25.5536	25.5607	25.5358	25.8984	25.4172	25.6396	25.5354	25.5052	25.2618	25.5111
PROT_0049									18.3586	16.9425						16.4387	19.0316													
PROT_0050	24.3351	24.3778	24.7552	24.3205	24.5945	24.5888	24.5457	24.3218	24.4737	24.0125	24.2726	24.2891	24.0348	24.1618	24.3943	24.4762	24.5672	24.2866	24.5627	24.296	24.6019	24.3315	24.4476	24.5216	24.2628	24.535	24.4516	24.6219	24.491	24.2461
PROT_0051	21.5776		21.5835	21.142	22.439	21.7419	21.4915	21.6906	21.6415	22.1876	21.7434	21.5977	21.3616	21.4297	21.0031	21.8959	21.3308	21.1118	20.9503	21.4354	20.9212	21.5209	21.062	21.2255	21.1848		21.0714	21.065	21.7612	20.9157
PROT_0052	21.4484	21.6588	22.1215	21.7343	22.0074	21.9663	21.6193	21.5583	22.0113	22.1936	21.5667	21.4594	21.6918	22.3734	21.546	21.671	22.1586	22.3079	21.5446	22.0173	21.7616	21.5699	21.4271		21.174	21.1976	21.5929	21.5372	21.516	21.7575
PROT_0053	26.0037	26.1935	26.5336	26.919	27.7894	27.3874	26.9065	26.8226	26.3788	26.0472	25.9017	25.9355	26.794	26.8941	27.5852	27.2515	26.7247	26.6523	26.1411	25.8313	25.963	26.1156	26.7937	26.6988	27.2272	27.3873	26.8665	26.7673	25.876	26.2291
PROT_0054	20.5641	20.6122		21.1515	21.258	20.6935	20.6931	20.4745	20.7903		20.543		20.5469	20.6688	20.654	21.2705	20.8131	20.8598	20.8142	21.382		20.6857	20.9649	21.195	21.0709	21.4413	20.6688	20.4571	21.0814	20.5457
PROT_0055	25.125	25.1726	25.3103	25.1183	25.2515	25.174	25.0681	24.8701	25.0884	25.1595	25.1181	25.1223	25.1545	25.2827	24.9057	25.0571	24.9174	25.0662	25.0559	25.3884	25.3272	25.0358	24.9294	25.207	25.3083	25.1372	25.333	25.1872	25.5608	25.4848
PROT_0056	20.5705	20.6911		21.2787	21.0494	21.1549	20.6632	20.9652	20.723	20.8936	20.6707	20.6814	21.4557	20.3815	20.1593	21.2961	20.5408	20.751	21.4201	20.8459	20.6044	20.7225	20.6769	20.2462	20.8789	20.6099	20.5659	21.3663		20.8114
PROT_0057	24.8009	25.0848	24.865	24.8662	25.0724	25.1879	25.307	25.1216	25.0174	25.034	25.4894	25.1864	25.268	25.4606	24.8678	24.8357	25.2918	25.3256	25.4999	25.5661	25.2812	24.8999	25.249	25.3433	25.2261	25.6523	25.0439	24.9825	25.3416	25.4513
PROT_0058	24.5312	24.2379	24.3813	24.7479	24.5449	24.7734	24.5847	24.6584	24.1806	24.3953	24.1456	24.4508	24.985	24.3226	25.0877	25.1892	24.3156	24.3854	24.0327	24.1891	24.2593	24.3587		24.6357	25.1307	25.1171	24.294	24.4269	24.2084	24.2051
PROT_0059	23.4111	23.6968	23.4663	23.6117	23.786	23.8442	23.549	23.7518	24.0716	23.6442	23.6784	23.3652	23.9099	23.7703	23.4589	23.6228	23.8416	23.4604	23.7068	23.6623	23.4078	23.3728	23.6522	23.5366	23.5618	23.9979	23.9839	23.2839	23.6796	23.3386
PROT_0060	22.8352	22.8201	23.2099	22.6868	22.9036	23.0444	23.0525	23.1387	23.1045	22.8824	23.5879	23.4439	23.3025	22.7898	23.4066	22.5455	23.0229	23.0827	22.7323	23.2294	23.0685	22.9336	22.9418	23.1238	22.7954	23.2884	23.3798	22.9477		23.0041
PROT_0061	24.724	24.4979	24.7928	24.2907	25.002	24.2166	24.2164	24.6759	24.6787	24.6519	24.6114	24.6332	24.249	24.3992	24.1201	24.4032	24.8598	24.5835	24.5289	24.8947	24.7325	24.7527	24.2935	24.6771	24.4586	24.8427	24.2926	24.3111	24.2484	24.4728
PROT_0062	25.6843	25.108	25.1354	25.2351	25.5243	25.4061	25.4806	25.4768	25.2069	25.3672	25.1857	24.9675	25.539	25.0991	25.1197	25.438	25.2969	24.8784	25.0757	25.2258	25.0828	25.3204	25.1119	25.0174	25.4344	25.3034	25.1356	25.5122	24.9299	24.8087
PROT_0063	22.8761	22.2535	23.1805	23.0321	23.9936	23.6631	23.108	23.3608	22.6064	22.7391	22.9524	23.0417	23.1314	23.1487	23.3104	23.6162	23.2073	23.2922	22.8764	22.7819	22.997	22.2447	23.2439	23.0088	23.4663	24.518	23.0811	22.9268	22.8635	23.4819
PROT_0064	25.2608	25.0681	25.0715	25.2805		25.1178	24.9657	24.5376	25.3551	24.9876	24.762	24.7579	25.0391	24.9407	25.1018	25.1021		25.3868	24.9153	25.0801	25.2795	25.0383	24.9379	24.9214	25.2882	25.2417	24.9261	25.0533	24.9359	24.9698
PROT_0065	19.8755	19.9153		19.852		20.3391	19.9112	20.3317	20.5198			19.9296	20.0893	20.6249	19.8302	20.0076	19.6738		20.2839	19.7488	20.2523	19.962	19.7094	20.5437	20.2794		19.3547		19.5861	19.9354
PROT_0066	20.6501	20.465	21.1019	20.6139		20.9332	21.0579	21.1352	21.0475		20.674	20.6175	21.0233	21.3312			20.9196	20.5781	21.1301	20.6842	20.6482	20.8227	20.6928	20.6172	21.3548	20.5568	20.8047	20.7222	20.7297	21.1113
PROT_0067	23.7844	23.1765	23.0539	23.5685	22.6069	22.7308	23.5908	23.1371	23.4561	23.3647	23.1644	23.4474	23.1262			22.4984	23.2811	23.3866	23.9869	23.4773	23.4614	24.0476	23.2524	23.2021	22.9928	22.7922	23.5009	23.3072	23.2783	23.0405
PROT_0068	28.351	28.1571	28.2633	28.3182	28.4645	28.5688	28.3777	28.4005	28.0291	28.3695	27.7775	28.1709	28.4791	28.155	28.2569	28.4641	28.2439	28.5896	28.6701	28.4791	28.1686	28.0182	28.2128	28.4356	28.4689		28.4425	28.2836	27.9195	28.4448
PROT_0069	21.2436	20.844		21.5811	21.6577	21.8135	21.1056	21.4844	21.8608	21.6577	21.4012	21.4224	21.684		21.4928	21.555	21.4789	21.436	21.4634	21.2932	21.7147	21.2324	21.2957	21.3574	21.689	21.5964	21.6267	21.2626	21.3218	21.5447
PROT_0070	22.9323	23.0122	22.9475	22.8387	23.0315	23.1843	23.0363	23.0336	22.9422	22.5396	22.9819	23.0775	23.0153	23.1282	23.1071	22.7988	23.0864	23.11	23.029	23.1317	23.3132	22.5882	23.0447	22.8555	23.2823	23.1843	22.5681	23.1118	23.1024	23.085
PROT_0071	21.0533	21.1912	20.7307	21.0303	21.3279	21.3056	21.2318	21.1346	21.1202	21.1678		21.3879		21.2241	21.0377	21.1742	21.3837	21.5634	21.0516	21.4485	20.9562					21.1966	21.6404	20.6495	21.0898	20.955
PROT_0072	19.1135		18.695	18.8268	18.7208		19.1924		19.0776	19.0866	19.3028	19.1548	19.1124	18.9089				18.5485		19.0393	18.7211	18.5671	19.1927	18.5689	19.3741	18.6926	19.7081			19.3558
PROT_0073	23.9024	23.4585	24.119	23.9819	24.3998	23.8428	23.9051	24.0478	23.8082	23.5933	23.3167	23.7981	23.5802	23.6588	23.6118	23.9163	24.2515	23.3632	23.6542	24.2288	23.498	24.0155	23.784	23.7108	23.6114	24.0391	23.7129	23.6208	24.3155	23.6057
PROT_0074	21.8993	22.2486	22.6506	21.8403		22.1276	22.034	22.0477	22.5249	21.9579	22.2736	22.0409	21.832	21.7265	22.2957	21.8447	22.2605	22.0284	21.7692	22.0902	22.284	21.8983	21.7715	22.1467	21.9352	22.2183	22.0684	21.5284	21.8849	22.4748
PROT_0075	23.9116	24.0143	23.8788	24.0525	24.5718	24.0718	23.8461	23.8494	24.2606	23.7971	24.2204	23.6775	23.9122	24.0785	24.3238	24.0901	23.9971	23.9089	24.331	23.5988	24.0358	23.9257	23.9674	23.8555	24.4111	24.2413	23.9187	23.6805	23.7145	24.0573
PROT_0076	19.8119	19.6836	20.1347	20.345		19.8307	19.6679		20.011		19.9496	20.0711		19.4153	19.7879		20.6702	19.4275	19.9665	20.0178	20.0416	19.9613	20.0561		20.0204	19.7979	20.5204	19.2988		20.1401
PROT_0077	21.8997	21.9205	22.5808	23.025	23.2352	22.8541	22.9112	23.1771	22.9565	23.0153	22.8485	23.0046	23.196	22.9552	22.4025	22.7356	23.1367	23.1094	23.2297	22.9888	22.359	23.0426	22.7194	22.9455	22.7713	22.9088	22.9767	22.9483	22.8349	22.7492
PROT_0078	23.5898	23.6215	23.7188	23.4518	24.2113	23.4398	23.8398	23.1152	23.3772	23.6076	23.3111	23.5343	23.8176	23.5973	23.3535	23.7687	23.3941	23.9268	23.6449	23.9312	23.5476	23.4172	23.2319	23.1594	23.766	23.6632	23.5172	24.0234	23.6312	23.8828
PROT_0079				16.8485																										
PROT_0080	25.018	25.3038	25.4613	25.1613	25.5064	25.4519	24.9967	24.8543	25.0692	24.6057	25.1114	25.0323	24.9578	25.1007	25.214	24.9054	25.417	25.308	24.9675	25.1466	25.0441	24.7711	24.9758	25.1617	24.9892	25.4886	24.9506	24.8424	25.2736	25.4342
PROT_0081	22.5799	23.0712	22.6027	22.2693	22.8409	22.8047	23.0245	23.4078	22.6131	22.6919	22.8862	22.9876	22.6141	22.7852	22.6322	23.0498	23.14	22.8939	23.1961	23.2164	22.6685	23.2711	23.0481	22.8447	22.8043	23.0682	23.022	22.6984	23.0342	22.6847
PROT_0082	23.1993	22.4993	23.3776	22.8483	23.1023	23.2532	23.2033	22.7472	23.2487	22.6446	23.0881	22.8976	23.7376	22.6634	22.9984	22.8572	22.6258	22.9912	23.1482	23.2331	23.2665	23.07	22.8306	23.0489	23.0189	23.0455	23.0163	22.7563	23.2613	23.2892
PROT_0083	22.1045	22.3234	22.1209	22.5322	22.5552	21.9827	22.2574	22.0704	22.1035	22.1919	22.6386	22.5061	21.994	22.5607	21.8328	22.2304	22.1595	22.7527	22.2768	22.5712	22.5894	22.1591	22.1852	22.0707	22.0624	22.1817	22.0276	22.2227	21.3999	21.7599
PROT_0084	21.4689	21.7448	21.7462		21.7504	21.1955	21.7541	21.6969	21.4202	21.9389	21.2044		21.8508	21.6381	21.8243	21.8421	21.6977	21.7716	21.7349	21.4653	22.1443	21.8302	21.0134	21.3418	21.9039	21.519		21.7852	21.94	22.0255
PROT_0085	23.7119	23.2817	23.28	23.4931	23.7462	23.7455	23.8001	23.446	23.444	23.5368	23.4941	23.8518	23.8782	23.3476	23.4644	23.1773	23.6535	23.6545	23.9844	23.7404	23.6371	23.6333	23.6888	23.7889	23.7606	23.6584	23.8336	23.5496	23.9422	23.836
PROT_0086	18.8716	18.3756	18.7876	18.2822	19.3091					18.3588	19.343	19.4612	18.1201			19.514		19.6104	18.287	18.2022			17.9517		18.3452			18.5883		19.0312
PROT_0087	23.773	23.4986	23.5381	23.387	23.6842	23.9642	23.4736	24.2023	23.8937	23.2238	23.4854	23.7091	23.6283	23.7018	23.6457	24.0592	23.8915	23.8076	23.6879	23.5942	23.3938	22.9512	23.991	24.0066	23.4713	23.9031	23.9767	23.7135	24.0782	24.0434
PROT_0088	23.5845	23.3775	23.2372	23.2871	23.3868	23.4414	23.1319	23.9755	23.4075	23.4542	23.3335	23.0653	23.4657	23.2852	23.3193	23.0687	23.2795	23.0125	23.172	23.6486	22.9926	23.7101	23.2046	23.354	23.5969	23.5174		23.5451	23.2523	23.4048
PROT_0089	23.0105	22.5583	22.5022	23.4101	23.5173	22.8659	23.0829	22.6966	22.7104	23.1502	22.601	22.7619	22.6676	22.8993	22.3878	22.6434		22.6822	22.5562	23.0639	22.8976	22.7404	22.7477	22.8065	23.3445	22.566	22.6739	22.9882	22.2896	22.7067
PROT_0090	24.0076	24.3504	24.1567	24.0861	24.1013	24.3075	23.9988	23.9949	23.9423	23.9431	24.0123	23.6915	24.1447	24.1251	23.7093	23.5088	24.3201	24.0154	23.822	23.9311	23.7917	23.6093	24.0657	23.6912	24.1542	24.2969	23.7461	23.653	24.1774	23.9958
PROT_0091	26.0508	26.6907	26.1448	26.0886	26.2723	25.7348	26.2042	26.6159	26.445	26.2241	26.4647	26.1679	26.408	26.6253	26.4946	26.3727	26.6308	26.527	26.0784	26.9017	26.0133	26.0086	26.3085	26.4495	26.3358	26.812	27.0905	27.0624	26.5669	26.2355
PROT_0092	23.3474	23.2821	23.7065	23.5129	23.564	23.7092	22.9437	23.0429	23.5975	23.3549	23.2652	23.556	23.5042	23.1158	23.2612	23.6453	23.252	23.4368	23.3272	22.5337	23.7589	23.103	23.4553	23.184	23.3309	23.4248	23.7411	23.118	23.2184	23.6726
PROT_0093		19.8346		19.7685	19.7567	19.8614	20.3941			19.1512	18.9703	19.9242		19.6847	18.9982			19.9084		19.1799	19.3588		19.6619		20.0		19.7696	19.5766	19.7687	19.8875
PROT_0094	20.6135	19.9779	20.5983	19.9887	21.2526	20.189	20.4012	20.6472	20.2828	20.2027	19.9835	19.6861	20.8891	20.4415	19.9435	19.6719	20.3841	20.2202	20.3028	20.4523	20.175	20.6054	20.3394	20.2039	20.88	20.2917	20.5309	20.4274	20.4126	20.0882
PROT_0095	20.7641	21.417	20.8884	20.5761	20.7989	21.0768	20.8125	21.2069	20.8679	21.1994	21.2906	20.9202	21.1826	21.3151	21.2913	20.6627	20.7626	20.3247	20.8184		20.5478	20.641	20.6756	20.8245	21.0393	20.9859	21.1585	20.8442	20.7978	21.1228
PROT_0096		19.6834	19.4947		19.3725	19.7427	19.0301		19.5748	19.8962	20.1012	19.1207		20.0212		19.6944	19.3692	19.5587	20.0828	19.4865	19.162	19.6875				19.7008	18.789	19.8945		19.5826
PROT_0097	19.291	20.3248		19.8367	19.8588				20.0112	19.3313	19.879	20.0029		19.2967	20.2039	19.582	19.1852		19.7071	20.0449	20.2955	19.2506	19.5554		19.6414	19.6169	19.7197	19.5481	19.4386	20.232
PROT_0098	20.173	19.5758	18.9272	19.8433	20.3298	20.195	19.5341		20.1932	19.7613	19.3579	19.6816		19.9401	19.3406		20.0042	19.8848	19.1625		19.5258	19.2701	19.6419		19.4552	19.3724	19.6994	19.5352	19.1507	20.0206
PROT_0099	26.0894	25.7858	26.0279	26.0938	26.2269	25.5992	25.6961	25.7905	25.8484	25.8214	25.7663	25.9831	26.0205	25.6611	25.6103	25.6676	26.2702	25.6964	25.7577	25.8001	25.951	25.7386	26.1024	25.8134	25.7224	25.844	25.898	25.9232	25.8677	25.7566
PROT_0100	26.0087	25.8879	25.8632	25.6826	25.9492	26.2342	25.6663	26.0119	25.8835	25.8828	25.7571	25.6016	26.1032	26.0942	25.7867	25.768	25.2268	25.7675	25.9998	25.89	26.1781	26.1697	25.9513	26.1961	25.9756	25.9197	26.1531	26.2173	25.7409	25.7591
PROT_0101	20.971	20.7197	20.7681	21.1704	20.0992	20.7143	20.5798	20.9229	21.2302	20.8538	21.0448	20.4334	20.8723	20.7806	20.5557		20.8934	20.8747	20.8245	20.7332		20.7505		21.2778		21.0813	21.2472	21.1124	20.9632	21.2885
PROT_0102	23.4802	24.0066	23.4705	23.4459	24.1046	23.6514	23.3722	23.5318	23.9277	23.8914	23.568	23.5734	23.7697	23.5888	23.5439	23.5081	23.9767	23.6829	23.674	23.5952	23.5633	23.6177	23.6625	23.5014	23.6611	23.9888	23.4371	23.9175	23.5705	23.5655
PROT_0103	23.3264	22.9412	23.562	23.3958	23.664	23.4014	23.5138	23.1813	22.9664	23.0013	23.3255	23.0577	23.6675	23.636	23.1305	23.4163	23.2208	23.2434	23.5181	23.4258	23.3915	23.2974	23.5902	23.4292	23.5179	23.8073	23.4018	23.2292	23.0892	23.0652
PROT_0104	26.938	26.9967	27.1496	26.9073	27.0001	27.1966	26.7116	26.9522	27.0546	26.9205	26.6836	26.8601	26.9617	26.8239	26.8873	27.1246	27.2739	27.1245	27.332	27.1137	27.438	26.8159	27.1559	27.2075	26.8927	27.1883	27.1021	27.0841	26.9697	27.3205
PROT_0105	18.8722		19.0703	18.9084	19.149	18.4494		18.6065		18.3114	18.5072	18.954	19.1288	18.7914		19.1305	18.4479	19.3884		19.5192	18.7182	18.9938		19.0463	19.0015			18.789		18.7649
PROT_0106	22.5932	23.2071	22.7233	23.1038	22.7198	22.6842	22.6625	22.7722	23.1064	22.9287	22.3887	22.5226	23.0228	22.709	22.6078	22.4764	22.6116	22.7202	23.0386	23.0908	22.6473	22.9093	22.6931	22.4577	22.8458	22.6013	22.9529	22.9986	22.9535	22.3862
PROT_0107	20.6798	20.7628	21.4201	20.769	20.5989	20.3942	20.802	20.6419	21.2351	20.8794	20.3855	20.7506	20.6313	21.2587	20.7858	20.5478	20.3109	21.2088	21.03	20.9207	21.0256	21.1867	20.9176	20.6757	20.7256	21.1379	20.945	20.8385		20.3564
PROT_0108	22.4873	22.8922	22.5459	22.0643	22.8853	22.1367	22.421	22.4024	22.4475	22.5445	22.3234	22.8188	22.4242	22.5589	22.4567		22.194	22.5662	22.2198	22.8365	22.9044	22.387	22.1482	22.8173	22.7247	22.7025	22.5237	22.3499	22.5791	22.6418
PROT_0109	21.6624	22.3055	22.0076	22.2953	22.3726	22.6135	22.4393	22.0555	22.084	22.5935	21.8714	22.3319	22.3205	21.7927	22.6511	22.3437	22.6353	22.2564	21.64	22.6454	22.7652	22.7548	21.9169	22.1945	22.5199	22.5499	22.5257	22.5074	22.1615	22.2369
PROT_0110	20.0656	19.6907	20.4345	20.3462	20.306	20.0892	21.1357	20.1115		20.8453	20.5205	20.4728	20.5794	20.289	20.5839	20.3729	21.1374	21.253	20.2067	20.5226	20.4419	20.4756	20.7912	20.6957	21.0032	20.2176	20.6138	20.1493	20.4419	20.5026
PROT_0111	24.3253	24.7428	24.7161	24.7011	24.7875	24.451	24.5465	24.6254	24.3739	24.8091	24.6912	24.7469	24.8023	24.7222	24.6293	24.5544	24.305	24.6888	24.4228	24.6726	24.3585	24.4802	24.5422	24.6739	24.4545	24.6722	24.6771	24.249	24.2574	24.6416
PROT_0112	24.9512	24.8476	24.8593	25.2831	25.4592	25.1774	25.0914	24.8257	24.4962	24.9992	24.4732	25.0089	25.1468	25.0946	24.7337	25.017	24.6631	24.854	25.2713	24.9904	25.0646	24.547	24.9492	25.0879	25.1769	25.2386	24.7686	25.0452	25.2866	24.9692
PROT_0113	19.679		19.057	18.5347			19.0302		17.2556			18.6912	19.1837			18.3322	17.8033	18.999	18.791	18.5868			19.9803	19.0129	18.263	18.6036	18.6168			
PROT_0114	25.7405	25.9388	26.0581	26.13	25.8712	25.921	25.7895	25.6437	25.7838	25.9484	25.6351	25.8187	25.9718	26.1307	25.7862	25.7107	25.6001	25.8249	25.7665	25.8665	26.1224	25.7972	25.4783	26.1062	26.7839	26.9352	26.0981	25.7991	26.0052	26.0874
PROT_0115	25.6107	25.5741	25.7691	25.9297	25.9664	25.5229	26.209		26.1487	25.8443	26.4232	26.4654	25.8527	25.6067	25.7384	25.6619	25.462	25.5164	25.5768	25.8512	25.5943	25.5981	25.5164	26.0882	26.0696	25.8467	25.9293	25.3729	25.7779	25.9138
PROT_0116	28.1679	28.4469	28.3043	28.3071	28.4069	28.4098	28.1239	28.3982	28.4921	28.3541	28.3812	28.574	29.028	29.0599	28.5567	28.1173	28.1517	28.5915	28.0449	28.6206	28.4091	28.1783	28.0775	28.3464	28.2413	28.5272	28.6482	28.138	28.505	28.5097
PROT_0117	24.0535	24.1538	24.147	24.0587	24.1586	23.5571	23.8736	24.0943	24.2359	24.0986	24.1969	23.8845	23.7133	24.0568	23.9304	24.4961	24.0092	24.0852	23.7389	24.1217	24.1043	24.1786	24.2278	24.2424	24.0975	24.4105	24.274	24.035	23.8265	23.9249
PROT_0118	26.2352	25.7984	26.5929	26.2113	26.5833	26.2499	26.4688	26.6773	26.1544	26.4545	26.3133	25.9816	26.4842	26.5169	26.1591		25.9775	26.1426	26.4946		26.0213	26.3595	26.1407	26.5446	27.1755	27.3828	26.3915	26.5758	26.4565	26.4133
PROT_0119	22.5135	22.3674	22.3755	22.6341	23.0838	22.4243	22.4192	22.2769	22.4905	22.4121	22.3792	22.7623	22.7186	22.6786	22.5229	22.3177	22.4961	22.4499	22.8102	22.8791	22.232	22.0503	22.6283	22.3301		22.844	22.8222	22.286	23.1492	22.3788
PROT_0120	21.6025	22.1648	21.6604	21.8904	21.4344	21.0902	21.7127	21.9604	21.6638	21.8964	22.1017	21.8232	21.7573	21.7811	21.6855	21.7426		21.7469	21.8193	22.1262	21.5865	21.8886	21.7816	21.5117	21.8291	21.7035	21.4092	21.8019	21.6105	21.655
PROT_0121	26.3758	26.2232	26.4626	26.2002	26.3948	26.3781	26.2291	26.5611	26.3552	26.3068	26.5286	26.1929	26.6029	26.3497	26.0523	26.6224	26.5924	26.5037	26.3913	26.154	26.2827	26.5339	26.1661	26.3195	26.6279	26.688	26.3872	26.763	26.3319	
PROT_0122	22.1071	22.6616	22.4346	21.8798	22.5518	22.2062	21.6365	22.1572	22.3137	21.9797	22.746	22.6212	22.0814	21.7981	22.2119	21.8465	22.8343	22.2124	22.6254	22.1892	22.236	21.5867	21.8898	22.4224	22.1289	22.1388	22.2101	22.1123	22.2654	22.3115
PROT_0123	22.1463	21.8018	21.9133	21.9682	21.7609	22.0172	21.4733	21.5918	21.7943	21.3681	21.7773	21.484	22.143	22.1505	21.8512	22.2228	21.7108	21.9097	21.9985	21.7645	22.0336	21.7248	22.0911	21.8775	22.2946	22.0558	21.5623	21.6139	21.9371	21.6505
PROT_0124	23.6513	23.3574	23.5577	23.3656	23.5514	23.3974	23.2158	23.3581	23.4855	23.189	23.2959	23.456	23.6369	23.4464	23.3966	23.883	23.4635	23.5049	23.5972	23.3851	23.7178	23.4645	23.7195	23.7196	23.3329	23.5603	23.7253	23.6088	22.9183	23.2225
PROT_0125	23.4938	23.3471	23.642	23.2178	23.4377	23.0789	23.1905	23.7979	23.5187	23.1829	23.421	23.2763	23.3893	23.531	23.3371	23.6489	23.3177	23.6371	23.3985	23.5637	23.437	23.3783	23.2636	23.2992	23.4915	23.4286	23.2815	23.6239	23.2218	23.5617
PROT_0126	21.6328	21.7648	21.865	21.8181	21.8161	22.046	21.9656	21.7089	21.9906	21.8713	21.4656	21.6016	21.364	21.5215	21.6984	21.7524	21.7813	21.9518	21.5794	21.3497	21.4462		21.6831	21.8655	22.1938	21.8686	21.9465	21.8984	21.5231	21.3969
PROT_0127	25.5473	25.2544	25.0785	25.891	25.2111	24.9627	25.1673	25.4116	25.0947	25.2312	25.5527	24.9939	25.2799	25.3607	25.0418	25.3165	25.2946	25.2573	25.0299	25.2687	25.1833	25.3754	25.3521	25.1962	25.4338	25.3227	25.0777	25.2004	25.3969	25.3736
PROT_0128	23.6992	23.8899	23.7617	23.3001	24.2806	23.6194	23.5599	23.7876	23.6626	23.9861	23.8814	23.2905	23.6802	23.6539	23.4262	23.9632	24.9182	24.3445	24.9555	24.7595	23.7463	23.6623	23.4624	23.8628	23.9845	24.2194	23.5083	23.8283	23.865	23.6604
PROT_0129	24.5308	24.7225	24.4985	24.3175	24.4969	24.3556	24.6062	24.7526	24.6363	24.6148	24.7066	24.4677	24.6339	24.4242	24.1182	24.4736	24.5444	24.4888	24.4277	25.0096	24.5992	24.4668	24.524	24.4279	24.369	24.6961	24.4416	24.7789	24.3558	24.3613
PROT_0130	25.1812	25.3676	25.3002	25.3387	25.434		25.1311	25.4728	25.3011	25.1116	25.394	25.4816	25.4416	25.1412	25.1301	24.9038	25.1826	25.5322		24.9033	25.4937	25.2482	25.4328	25.5048	25.6446	25.2905	25.3505	25.3253	25.1329	25.6121
PROT_0131	25.7988	25.5861	25.491	26.0198	25.9275	25.8416	25.8077	25.4329	25.9013	25.6193	25.8657	25.6632	25.7835	25.6067	25.487	26.0271	26.1951	26.0659	25.9306	25.4746	25.7796	26.2622	25.6233	25.7867	25.3963	25.8924	25.752	25.7585	25.4889	25.836
PROT_0132	22.5642	22.6344	22.5041	22.1997	22.7356	22.6936	22.6967	22.7239	22.3899	22.5591		22.6234	22.7218	22.0184	22.2483	23.0539	22.3653	22.5413	22.5732	22.5532	22.5136	22.4199	22.5471	22.4625	22.4304	22.7246	22.3423	22.2886	22.45	22.5235
PROT_0133	25.8704	26.299	26.3146	26.175	26.4714	25.8251	25.893	26.3053	26.1493	26.1709	25.8827	25.9877	26.2092	26.2234	25.9881	25.9844	26.3269	26.4711	26.0117	26.4831	25.9007	26.3879	26.483	26.0732	26.0882	26.3779	25.9667	26.0511	26.26	26.185
PROT_0134	28.6459	28.8245	28.9041	28.352	29.1448	28.9985	28.6033	28.8192	28.9273	28.4355	28.7334	29.0293	28.3913	28.897	28.8641	28.7773	28.5561	29.0557	28.39	28.6173	28.8331	28.5076	28.7369	28.8989	28.7495	28.8831	28.8394	28.4604	29.3108	29.7
PROT_0135	23.9516	24.004	24.2077		23.7704	24.0719	24.1469	23.8261	24.0189	24.0324	23.7515	24.0753	23.8748	23.9697	23.9882	23.6866	23.9535	24.2609	24.2439	23.8086	23.9493	23.9364	23.8665	24.0462	24.4431	24.1193	24.016	23.7639	24.0235	24.0945
PROT_0136	22.3031	22.1488	22.6726	21.8512	22.6172	22.3594	22.2226	21.697	22.9275	22.2887	22.3996	22.2437	22.1887	22.2011	21.7218	22.0354	21.8012	22.0836	22.0895	22.0202	22.0386	22.1571	22.0938	22.3	22.5415	22.0556	22.5177	22.4706	21.9567	22.8428
PROT_0137	18.0277				18.5824		17.5577								18.697	19.315			17.295	17.3339					18.1257		18.7779	18.2764		
PROT_0138				18.1958	18.7152	18.4969			18.4872	18.6918	18.1389				19.4349	18.2106		18.8405			18.4983	17.9595	18.1385		18.103	18.0211			18.9316	18.7149
PROT_0139	23.1689	22.9124	23.1672	23.2409	24.1494	24.4917	23.5542	23.7244	23.3061	23.4467	23.1352	23.0853	23.8697	23.8408	23.9732	24.249	23.799	23.6806	23.3291	23.2057	23.2533	23.1695	23.5518	23.8387	24.1898	24.3883	23.4459	23.3893	23.3935	23.3365
PROT_0140	20.844	20.2355	20.7739	20.8049		19.9372	20.8	20.3061	21.068	21.0964	20.3662			20.3731	20.6952	20.8391	20.627	21.3849	20.5735	20.7901	20.942	21.1014	20.3731		21.4284	20.3379	20.7704	21.3898	20.8253	21.243
PROT_0141	24.1822	24.2323	23.7638	23.5923	24.3112	23.7274	23.9146	24.3884	24.3157	24.2639	24.4106	24.407	24.0611	24.0534	23.9092	23.8273	24.4136	24.0115	24.0812	24.648		24.0653	23.7449	23.5888	23.7576	24.3943	24.1112	23.9898	24.5951	24.1604
PROT_0142	25.9052	25.8498	25.6591	25.0088	25.7367	25.9087	25.6359	25.389	25.8459	25.3694	25.31	25.7302	25.6582	25.479	25.3646	25.6862	25.7383		25.5516	25.7975	25.8274	25.2869	26.0687	26.5473	26.4011	26.3931	25.569	25.7534	25.4103	25.5763
PROT_0143	23.7468	23.4813	23.5713	23.3548	23.7752	23.8255	23.4925	23.4784	24.2868	24.3618	23.6864	24.0166	23.7572	23.6372	23.7212	24.1585	23.5495	24.0288	23.6325	23.7094	23.6696	23.9081	23.7763	24.2329	23.8601	23.5659	24.3157	23.669	23.5817	24.0802
PROT_0144	19.8601				19.6893	19.8712	19.8199	20.2076	20.2593	19.6249	19.4442	19.6028	19.4643	19.0384	20.094	20.5586	19.7023	19.7966	19.7657	19.8509	19.67	20.0914	19.3617	19.7102	19.7185	19.7339	19.8136	20.3161	19.7605	19.5676
PROT_0145	19.243			19.4518		18.9287	19.7967	19.3118		19.6196			18.6698		18.9321	19.4977	18.9368	19.1807		18.7778		19.2136	18.8772		18.7427	20.157			19.1445	
PROT_0146	20.5339	20.0167	20.107	19.848	19.6947	20.4272	20.075	20.2179	20.2526	19.8548	20.2257	19.9885	20.6438	20.1245	19.8411	19.8636	19.9078	20.2409	19.7539	20.5961	20.04	20.1462	20.5066	20.9471	20.6098	20.3036	20.3781	20.1582	20.4121	19.8618
PROT_0147	25.2937	25.1437	25.5724	24.8711	25.1976	25.3743	25.0544	25.2912	25.5871	25.3193	25.1167	25.2622	25.1082	24.7732	25.4077	24.9662	25.0063	25.5362	25.267	25.3773	25.5907	25.4566	25.0867	25.4376	25.0848	25.2951	25.1707	25.241	25.2228	25.5187
PROT_0148	24.9248	24.9792	24.8687	24.6844	24.9363	24.9146	24.9197	25.0054	24.9878	24.5812	24.6453	24.6631	24.8891	24.838	24.4598	24.8367		24.8697	25.0399	24.8178	24.7184	24.5843	24.7504	25.2251	24.8127	25.2464	24.6508	24.9706	24.7963	24.6974
PROT_0149	23.1846	23.0777	22.875	22.8948	23.5974	22.9673	22.9545	23.0036	22.8618	23.1441	23.1655	22.7669	23.2734	23.0615	22.9862	22.9744	22.7685	22.7733	22.8101	22.7333	23.1283	22.7829	22.5735	23.1737	23.195	23.3182	23.1377	23.0272	22.8497	22.733
PROT_0150	22.9393	22.7516	23.0086	23.049	23.2348	22.9135	22.3318	22.9719	22.3937	22.9979	22.8852	22.9475	22.6398	22.8323		22.8454	23.2082	22.8115	22.6661	22.9096	22.8368	22.7714	23.0902	23.0268	22.8429	22.78	22.8224	22.5376	22.6545	23.1529
PROT_0151	25.996	26.204	26.227	25.8931	25.9733	26.0271	26.1062	26.0401	26.137	25.9447	25.8287	26.1642	26.0996	25.9475	25.6335	25.8712	26.0374	26.2069	26.1562	26.2444	26.1657	25.9073	25.8528	25.7973	26.0901	26.284	26.1997	25.481	26.0196	26.104
PROT_0152	22.1956	22.4076	22.3666	22.2458	22.1864	22.5307	22.4258	22.3398	22.4471	22.4208	22.1065	22.2674	22.3859	21.9199	22.1463	21.6301	22.7013	22.7569	22.4562	22.8466	22.3501	22.6193	21.8306	22.1687	21.8376	21.9616	22.053	22.5264	22.2162	22.9049
PROT_0153	26.428	26.3219	26.6919	26.4776	26.5091	26.3384	26.4745	26.5978	26.0821	25.7801	26.5834	26.4024	27.0332	26.3713	26.3454	26.5121	26.6383	26.516	26.684	26.4882	26.3745	26.5078	26.6182	26.7315	26.6123	26.8257	26.4526	26.3842	26.552	26.4686
PROT_0154	23.6518	23.6172	23.9272	23.4433	23.6362	23.7221	23.9219	23.3948	23.6605	23.5154	23.2605	23.3168	23.7083	23.3939	23.469	23.4265	23.2251	23.7477	23.8575	23.8901	23.9343	23.6861	23.4735	23.2473	23.8153	23.7078	23.7013	23.6368	23.7804	23.5016
PROT_0155	22.471	22.0209	22.6428	22.4257	22.3908	22.1989	22.1392	22.497	21.9879	22.1526	22.3209		21.9649	22.6575	22.5241	22.1897	22.3371	22.0257	22.3404	21.8038	22.2939	22.3624	21.9256	22.4257	22.4502	22.3612	22.7403	22.0917	22.1295	22.4195
PROT_0156		21.8199	21.8355	21.6218	22.0692	21.9381	22.0562	21.5623	21.861	22.0891	22.0381	21.9518	22.0031	21.6916	21.7896	21.6118		22.1645	21.6883	21.8492	22.0563	22.0861	21.8691	22.0451	21.9811	21.6681	21.9986	22.0547	21.6392	21.7649
PROT_0157	24.4411	24.395	24.5608	23.7757	24.3644	24.6631	24.5002	24.1128	24.5174	24.5867	24.3232	24.3987	24.1776	24.5871	24.0774	24.437	24.4423	24.7851	24.7877	24.5124	24.5483	24.1302	24.7432	25.1052	25.0044	24.9324	24.624	24.6949	24.3088	24.696
PROT_0158		24.8788	24.9521	24.9241	24.7497	25.0387	24.8055	24.7042	24.3328	24.7161	24.8117	24.6596	25.1524	25.0295	24.7778	25.0255	24.5381	25.2703	24.9302	24.8811	24.972	24.6872	24.941	24.7888	24.9168	25.0091	24.5339	24.9511	25.0455	24.9071
PROT_0159	20.5589	20.2685	20.9077	20.885	20.3371	20.5408			20.5376	20.2781		20.0956	20.7246	20.0504	20.1965	20.3732	20.2135	19.9256		20.9399	20.8855	21.039	20.786	19.7532	20.5154	20.9803	20.223		20.8252	21.0469
PROT_0160	26.6842	26.7403	26.3767	26.6222	26.9513	26.4553	26.5477	26.7404	26.2771	26.479	26.7539	26.1105	26.6481	26.5411	26.7752	26.5623	26.8532	26.7674	26.6905	26.9756	26.8202	26.7816	26.5849	26.5789	26.5497	26.9956	26.4805	26.3203	26.6494	26.8973
PROT_0161					18.9334		19.8973	19.7679			19.5089			18.5294					18.4183		17.6675	18.1582								17.9464
PROT_0162	23.6492	23.7165	24.0727	23.2527	24.0627	23.7447	23.605	23.3802	23.6351	23.5589	23.3513	23.7972	23.7183	23.5221	23.8972	23.3099	23.2899	23.6233	22.8987	23.3203	23.5902	23.3909	23.5982	23.517	23.5172	23.5826	23.6297	23.2707	23.795	23.437
PROT_0163	27.1346	27.3152	26.9366	26.9573	27.4037	26.9433	27.0428		27.1115	27.1615	26.8665	26.8813	27.1519	27.3354	26.9615	27.2303	27.0793	26.8598	27.2176	27.3534	27.1795	27.2158	27.2118	26.9999	27.3444	27.2308	26.882	27.029	27.1944	27.2978
PROT_0164		18.0378				18.8492	19.4476					17.7373	19.8553		18.7872			18.9022	18.4353		18.7741		19.3745	19.0509			19.1399	17.9695	18.6621	19.1456
PROT_0165		22.8709	22.2099	22.9868	22.7882	22.7655	22.6483	22.5034	22.6937	22.8739	22.4079	22.464	22.9068	22.9373	22.5905	22.4273	22.7027	22.8565	22.6105	22.7624	22.5223	22.5696	22.7057	22.7005	23.0481	22.7905	22.6359	22.3174	22.3406	23.0132
PROT_0166	23.0975	22.9273	23.0421	23.0793	23.1474	22.7243	22.8294	22.9777	22.8255	22.9099	22.9224	23.0329	23.1204	22.6473	23.0917	23.3194		23.0286	23.2509	23.0265	22.8281	23.2802	22.5228	22.9713	23.1995	23.0197	22.8952	23.0969	22.7076	22.9145
PROT_0167	16.2217		17.6573			16.6264				17.8636	17.7981								18.1138								17.8574			
PROT_0168	23.3036	23.9028	23.8952	23.4382	24.1203	24.2438	23.8666	23.8478	23.5971	23.5172	24.0159	24.1793	23.5696	23.6041	23.5663	23.8161	23.4615	23.919	23.4685		23.9722	23.3664	23.7146	23.9949	23.4319	24.1321	23.8478	23.6091	24.0551	24.0343
PROT_0169	23.3564	22.7542	22.964	23.009	23.3282	23.2771	23.3713	23.3454	23.3415	23.2939	22.7837	23.0632	23.2635	23.4401	23.3487	22.8977	23.552	23.4132	23.2364	22.8943	23.0506	22.4518	22.9176	23.2176	22.8585	23.4335	22.984	23.1016	22.6197	23.148
PROT_0170	20.546	19.9949	20.3651		20.3642	20.1603	20.165	20.9854	19.9803	20.8461	20.1845	20.5985	20.985	19.6971	20.3251	20.1659	21.0088	20.4296	21.0408	20.7501	20.985	20.4427			20.6233	21.206		20.2752	20.6311	20.2992
PROT_0171	25.0113	24.7726	25.2197	25.1114	25.1249	24.9745	24.9927	24.543	24.8335	24.9474	24.4888	24.9474	25.2756	24.6514	25.301	24.9048	24.6384	24.8418	25.1422	24.9579	25.0093	25.124	24.4882	24.9504	25.2225	25.1553	25.032	25.0107	25.2172	24.933
PROT_0172			17.9829			17.7218					17.7288						18.7661			18.3328		18.1659			17.4339	18.4446	17.7398		18.7027	19.281
PROT_0173	17.5157						17.8699										18.0095	17.7934			17.8176		18.1281	18.4008					17.3261	
PROT_0174	26.0463	25.7862	25.9397	25.6965	25.7812	25.7596	26.031	25.7374	25.9295	25.9645	25.8596	25.7919	25.8668	25.7368	25.484	25.7419	25.9687	26.1758	26.0596	25.7723	25.8052	26.1549	25.8423	25.8774	26.1146	26.1759	25.9004	26.1105	25.6882	25.8623
PROT_0175	23.99	24.2656	24.0742	23.939	24.3451	24.1948	24.1796	24.0947	24.4836	23.965	24.6207	24.2384	24.1525	24.1625	24.1287	24.1184	24.1618	24.1495	23.748	23.9716	23.8975	24.0179	24.0031	23.7171	24.0014	24.2316	23.7662	23.8715		24.0731
PROT_0176	20.8196	20.2525	19.8964	20.676	20.7621		21.1471	20.0836	20.2513		20.2505	19.97	20.5798	20.2961	20.2914	20.195	20.126	20.6484		20.1474	20.0505	20.8465	20.4464	20.5844	20.5071	20.5706	20.1646		20.1108	
PROT_0177	20.2732	21.1572	20.8839	20.8306		20.8508	20.9473	20.6768	21.2351	21.6665	20.9338	20.443	20.4355	20.8804	21.014	20.9468	20.3137	20.5306	20.9888	20.8204		21.2217	21.2539	20.6835	20.8944	20.8373	20.5713		20.8816	20.8141
PROT_0178	18.2439							18.683	18.1579			18.7203		18.8597					18.4799			18.2258	18.8603	18.7508		17.9801			18.3051	
PROT_0179	19.6803	20.0901	19.8803	20.1929	20.0926	20.4109		19.8365	20.2452	20.0369	19.7621	19.9133	20.1897		20.5084	19.653	19.9865	19.5986	19.9284	19.5094	19.3953	20.331		19.7502		20.0491	20.8385	19.4622	20.4649	20.7588
PROT_0180	19.4603				19.6587	20.0523	19.9998		20.1573				19.5143	19.0071			19.0006		19.6248	19.6523	19.7215	20.0193	19.2905	19.2593	20.4957	19.8932	19.3523	19.414	19.4715	18.3036
PROT_0181	24.3388	24.8081	24.7573	24.6951	24.6463	24.7857	24.182	24.2616	24.7109	24.7866	24.4901	24.7701	24.6425	24.2801	24.4166	24.4956	24.4429	24.7305	24.3032	24.4736	24.7144	24.927	24.4177	24.6039	24.3598	24.4451	24.8405	24.3059	24.2888	24.7491
PROT_0182	21.4875	21.7172	21.201	21.3723	21.8129	22.2422	21.6816		22.106	21.3747	21.5101	21.753	21.9697	21.6885	21.6926	21.4093	21.4429	21.7333	21.6545	21.6093	22.0777	21.3904	21.4768	21.7289	21.8977	21.9128	21.4728	21.4932	21.3393	22.0594
PROT_0183	21.3686	21.1079	21.2074	21.0872		21.1129	21.2416	21.2671	21.0169	21.3552	21.3744	20.4741	21.1677	21.1015		20.9379	20.814	21.1574	21.2455	21.2288	21.573	21.0003	21.0503	21.6439	21.5495	21.1751	21.1751		20.8908	20.7177
PROT_0184		24.7447	24.8509	24.5755	24.8143	24.425	24.6796	24.6252	24.9395	24.9168	24.9264	24.7316	24.8248	24.5776	24.5971	24.7354	24.5962	25.1165	24.7357	25.0163	25.0569	24.8879	24.7484	24.8001	24.7295	24.6848	24.8766	24.4753	25.0198	24.6116
PROT_0185	23.785	23.4286		23.7607	23.5199	24.0527	23.9532	23.5562	24.1249	23.6308	24.3161	24.1317	24.1697	24.0366	23.6589	23.6563	23.9463	23.9287	23.9661	23.4673	23.8083	23.6234	23.5431	23.6399	23.9364	24.0528	24.1374	23.5125	23.5849	23.7097
PROT_0186	25.8007	26.0707	25.8488	25.7147	26.0077	25.7394	26.0324	25.9087	25.9789	25.8155	25.7622	26.0623	25.8413	25.8361		25.966	25.9205	26.0438	25.7647	25.9428	25.6263	25.9382	25.8481	25.7463	25.8865	26.1419	25.909	25.6449	25.7806	25.9935
PROT_0187		19.1206			19.7681	19.4786		19.1503	18.684		18.8151			19.1295		19.3793	19.3131				19.2933	19.4164	18.5473		18.8226			19.1487	19.1401	18.9302
PROT_0188	26.2293	26.448	26.424	26.3821	26.5163	26.7428	26.6601	26.6638	26.5352	26.6954	26.8125	26.4714	26.4649	26.6935	26.4447	26.5414	26.1984	26.6628	26.36	26.0218	26.4351	26.2848	26.1129	26.5417	26.3263	26.2899	26.8609	26.684	26.3541	26.6008
PROT_0189	23.8844	24.0317	23.9576	23.9378	24.4619		23.9649	23.9879	23.962	23.6645	23.8764	23.9494	23.6538	23.7939	23.6147	23.997	24.0425	24.2627	23.8222	23.9489	24.0273	24.1675	24.0215	23.8422	24.3013	24.3319	24.2282	23.8789	23.9174	23.9795
PROT_0190	21.3567	21.26	22.6411	22.0228	23.4267	22.8282	21.6843	22.4296	21.3018	22.0905	21.8431	21.6954	22.5988	21.5882	22.0701	23.3419	22.2304	22.3363	21.9077	22.0125	22.184	21.9732	22.0395	22.478	22.9064	22.8362	21.8909		21.6085	21.7328
PROT_0191	25.3462	25.3356	25.412	25.1237	25.6411		25.2243	25.4204	25.0829	25.1306	25.3388	25.2583	25.4709	25.2506	25.0757	25.1053	25.5886	25.4081	25.0787	25.546	25.5833	25.2561	25.2797	25.5712	25.2268	25.6091	25.3587	25.0099	25.197	25.1999
PROT_0192	27.5616	27.7159	27.9797	27.7255	27.9703	27.823	27.8188	27.4835	27.9164	27.6544	27.7607	27.8599	27.8305	27.6203	27.809	27.7633	27.8211	27.9242	28.0357	27.7309	27.9835	27.5225	27.6913	28.0237	27.5642	28.0465	27.8647	27.3844	27.772	27.91
PROT_0193	22.8484	22.5342	22.9696		23.0729	22.6621		22.305	22.4484	22.497	22.6634	23.0809	23.0225	22.6088	22.6772	22.3136	22.6768	22.7644	22.4563	22.5715	23.0383	22.89	22.3578	22.8281	22.9213	22.8733	22.8275	22.6994	22.6861	22.9213
PROT_0194	22.9991	22.6428	22.5852	22.3889		22.4943	22.7247	22.4203	22.5807	22.3301	22.5099	22.5917	22.9259	22.4175	22.6113	22.4057	22.5723	22.3177	22.7921	22.2953	22.4218	22.4969	22.4948	22.6327		22.9236	22.8775	23.019	22.326	22.2915
PROT_0195	21.6422	21.962	22.3683	21.7464	22.7555	22.4516	21.4919	21.8914	21.877	21.5697	21.5002	21.9274	21.5893	21.6553	21.6696	21.7082	21.9981	22.1423	20.7738	20.7653	22.128	21.6781	21.3895	22.2088	21.6743		22.2614	21.822	21.1635	21.9877
PROT_0196			17.4814		18.3321	18.6819	18.7317								17.6519	18.1785	17.8899	19.1494	18.0548		18.6736								18.0595	
PROT_0197	26.2464	26.4853	26.4778	26.6862	26.2861	26.0778	26.2857	26.3642	26.2568	26.3317	26.3322	26.3387	26.696	26.4064	26.251	26.3705	26.4486	26.4499	26.7091	26.3252	26.5079	26.7871	26.2525	26.5036	26.5858	26.3536	26.0402	26.4136	26.5466	26.1937
PROT_0198	24.1771	24.1155	24.6721	24.4807	24.3731	24.9988	24.7494	24.6294	24.5824	24.5144	24.1359	24.4652	24.3407	24.3825	24.5723	24.4392	24.3613	24.9244	24.2613	24.2709	24.1202	24.5116	24.0008	24.4161	24.4406	24.2227	24.8338	24.4777	24.5223	24.9269
PROT_0199	23.758	24.4263	24.188	23.8716	24.3213	24.3971	24.036	24.2232	24.4385	24.0236	24.2003	24.0255	24.0605	24.1186	24.3606	24.1145	24.2959	24.567	24.3391	24.4321	24.3885	24.368	24.056	24.5567	23.5661	24.6191	24.069	24.0836	23.9184	24.0729
PROT_0200	25.0843	24.6733	24.7454	24.7244	24.75	25.0516	24.4075	24.632	25.0561	24.5287	24.8035	24.7799		24.5835	24.4787	24.859	24.6796	24.6228	24.5076	24.5218	24.6305	25.0322	24.5189	24.5242	25.1473	24.8134	24.81	24.8549	24.3894	24.5943
PROT_0201	21.9222	22.2693	21.7958	22.0172	21.9447	21.6064	21.6471	21.8222	22.274	21.6909	22.1401	21.8139	21.5474	21.7927	21.7595	21.5247	21.8119	21.8597	21.6598	21.577	21.7084	21.4086	21.2008	22.4211	22.0306	22.2862	22.3511	21.8938	21.8929	21.9082
PROT_0202	28.4662	28.5831	28.8273	28.4446	28.8944	28.5667	28.2034	28.8191	28.8599	28.5569	28.7955	28.7656		28.8368	28.8033	28.7246	28.7184	29.0366	28.4966	28.7638	28.5914	28.4594	28.7657	28.69	28.6091	28.7035	28.6501	28.3964	28.6827	28.9063
PROT_0203	23.0506	23.0617	23.6622	23.1274	23.2911	23.4615	23.6371	23.4977	23.2612	23.4145	23.0242	23.6858	23.8959	23.3854	23.6393	23.5377	23.2919	23.1811	23.445	23.2511	23.4657	23.2602	22.9845	23.1336		23.0776	23.3018	23.4544	22.8642	23.1367
PROT_0204	22.4341	21.94	22.2694	22.5676	22.2453	21.7053			21.0629	21.071	22.0266	22.3663	22.0776	21.9688	21.7708	22.0379	21.9303	21.857	21.7514	21.6844	22.7819	22.1382	22.0561	22.3823	21.6738	22.1534	21.5595	22.0409	22.2404	21.8078
PROT_0205			19.6996	20.1197	19.8959	19.6751		20.8203	19.7232		19.4827	19.7352	19.6208	19.0721	19.8602	19.2277	19.9222	19.8307	19.993	20.0965		19.6756		20.2721	19.3645	20.7076		20.1027	20.0167	20.2102
PROT_0206	30.0792	29.623	29.9902	30.1202	29.9949	30.0185	29.8345	29.765	29.6462	30.2143	29.5854	29.7862	29.8965	29.5927	29.8589	29.9125	29.8633	29.831	29.8529	29.6811	29.9027	29.9603	29.496	29.6776	30.2691	29.7992	29.6772	29.8155	29.7608	29.6462
PROT_0207	25.096	25.0788	25.1582	24.9337	25.3027	24.7835	25.4718	25.0157	25.104	25.0545	25.2128	24.5983	25.5046	25.0604	24.9046	25.0114	25.0993	24.9313	25.2001	25.3168	24.943	25.0005	24.834	24.7734	25.168	25.4058	24.8088	25.2685		25.4272
PROT_0208	25.2398		25.252	24.7496	25.3317	25.3617	25.1035	25.4513	25.0861	24.9096	25.1831	25.2397	25.2487	25.2063	25.4566	25.0524	24.98	25.3908	24.9652	25.2932	25.5699	25.2479	25.4142	25.3289	25.2986	25.4213	25.4275	25.1029	25.7205	25.2888
PROT_0209	23.8228	23.714	23.9244	24.1484	24.219	24.2028	24.0352	24.0343	24.1978	23.7654	23.5131	24.2662	23.9698	23.6119	23.7357	23.6436	24.0464	24.3187	23.9998	23.4399	23.8297	23.9424	23.5096	23.9447	24.1763	23.8472	23.9031	23.9675	24.1843	24.5072
PROT_0210	18.8762	20.1872	19.6604		20.0559			20.1632	19.1733	19.3066		19.0833	19.3665	20.0967	19.7399	19.3159	19.5079						20.3889	19.806	19.7913	20.0403		19.335		20.067
PROT_0211	25.2396	25.1412	25.1362	25.3641	25.6013	25.3097	24.8196	24.9211	24.8026	25.2441	25.4617	25.4388	25.5942	25.0725	25.3476	25.2297	25.3604	25.2882	25.3846	25.0677	25.1299	25.3102	25.0521	25.4888	25.0811	25.4477	25.0045	25.3304	25.0143	25.1493
PROT_0212	21.6329	21.8465	22.2143	21.8771		21.5611	22.208	22.0238	21.3747	21.9673	21.5839	21.5902	21.9722	22.0949	22.2341	21.7802	21.6951	21.9554	22.2667	22.4763	21.974	21.7982	21.9898	22.2836		22.017	21.7367	21.7469	22.3896	21.7082
PROT_0213		20.956	21.534	21.0888	21.3266	21.7475	21.2306	21.2759	21.6567	20.8214	21.2045	20.5198	21.3084	21.2593	20.7187	20.9141	21.3435	21.8049		21.6413	21.631	21.0914	21.3168	21.8812	21.1829	21.4464	21.6744	20.562	21.1823	21.9177
PROT_0214	25.6463	25.4027	26.5174	26.7195	26.8363	26.8068	26.7784	26.6526	26.6468	26.5323	26.7843	26.7008	26.8555	26.8278	26.3624	26.601	26.6607	26.7072	26.6674	26.6961	26.7003	26.6196	26.4351	26.8796	26.6596	26.6659	26.6803	26.6934	26.6566	26.7244
PROT_0215	22.8903	22.4988	22.7347	22.6489	22.6305	23.3722	22.455	22.5423	22.9767	22.8657	22.2181	22.8084	23.0114	22.6442	22.9331	22.3293	22.3503	23.2851	22.7827	22.5685	22.7554	23.0105	22.5156	22.7149	22.9764	22.6361	23.0173	22.8523	22.6486	23.0889
PROT_0216	21.3909	21.5776	21.2543	21.3206	21.4106	21.0864		21.8237	20.9833	21.2267	21.4033	21.54		21.601	21.4965	21.6051	21.7367	21.1794	21.7416	21.7908	20.8167	21.7741	21.7709		21.714	22.4664	21.4812	21.2992	21.4425	21.7156
PROT_0217		18.5683	18.6056	17.9686			18.6762									18.4592			18.4565				18.7261	18.3555		18.9181			18.2098	
PROT_0218	19.7293	19.217				19.2353		18.7744	19.5743	19.0467	19.3284		19.1932		18.7647	19.1703	19.0344		19.5689	18.4984	18.9315	19.1865		19.6006	19.6741	18.578	19.5058			
PROT_0219	23.4307	23.4568	23.4451	23.0361	23.6927	23.0445	23.1005	23.5419	23.2073	22.962	22.949	23.0965	23.5241	23.3431	23.2716	23.3705	23.382	23.361	23.3659	23.1519	23.758	23.0035	23.0598	23.1572	22.7319	23.4718	22.8291	23.4331	23.2183	22.8626
PROT_0220	23.9594	23.9285	23.41	23.8119	23.8668	23.9763	23.5512	23.8973	23.7747	24.0558	23.5913	22.973	24.1978	23.453	23.5776	23.6473	23.8957	23.9887	24.0622	23.6649		23.8529	23.6177	23.7653	24.2422	24.2385	23.6282	23.9597	23.7321	23.9275
PROT_0221	24.3426	24.6182	24.1302	24.3846	24.8033	24.0615	24.2915	24.5925	24.1888	24.3505	24.5847	23.9333	24.1396	24.4509	23.9336		24.3171	24.2904	24.4677	24.1409	24.3521	24.2953	24.226	24.3551	24.6849	24.4937	24.0042	23.8686	24.2849	24.5611
PROT_0222		21.2043	21.1806	21.0888	21.3078	21.3759	20.9145	21.6462	21.2464	20.563	20.9729		20.7839	21.0018	21.1016	20.7816	21.4051		20.9478	21.1581	21.1171	21.3528	20.9146				21.6797	20.8798	21.6032	21.6294
PROT_0223	21.7011	22.095	21.7637	22.0036	22.0154	21.5208	22.1593	21.9165	21.3407	22.2795	21.5986	21.8707	21.9931	21.9487	21.6032	21.7416	21.5547	22.2088	21.8565	21.6729	22.0696	21.8153	21.6394	22.1102	21.8443	22.071	21.9206	22.0573	21.3083	22.4194
PROT_0224		24.7226	24.8627	24.5787	25.16	24.8653	24.4396	24.7991	25.1892	24.4823	24.4246	24.6452	24.7314	24.5297	24.6566	24.5709	24.7558	24.7193	24.5444	24.9424	24.8242	24.636	24.7395	24.9376	24.7487	25.053	24.7855	24.4076	24.6398	25.1417
PROT_0225	19.7804		21.191	20.1723	20.0751	20.4495	19.7237	20.1091	20.2159	20.5045	19.9017		19.7868			20.2453	20.1603	20.615		20.0188	20.2794	19.4801	19.6575	19.7891		20.4207	20.2651	19.112	19.7415	19.9767
PROT_0226		17.8436			19.323	18.7367	18.1747		18.325			19.0864		18.5099	18.5122			17.7877		19.1467	18.9205					19.0618		18.1117	18.425	18.6915
PROT_0227	23.4377	23.0461	23.1033	23.4047	23.3569	23.544	23.4765	22.9561	23.3761	23.811	22.9331	23.2847	23.1893	23.0263	23.0648	23.2407	23.2905	23.754	23.2363	22.861	22.7653	23.3861	23.1079	23.7528	23.7159	23.2087	23.6801	23.4833	23.1805	23.5415
PROT_0228	23.9837	23.7392	23.8431	24.0861	24.1818	23.8803	24.0411	24.3885	24.2227	24.0782	23.8649	24.0933	24.0963	23.863	23.8564	24.1557	24.0013	24.2039	23.8234	23.8236	24.2083	24.0047	23.7556	23.6869	24.1304	23.59	24.15	23.8592	23.9009	23.8658
PROT_0229		19.6334		18.8569		18.9208		20.2068	20.1783	19.6368	19.3318	19.7305		19.8012		19.3289	19.5091		19.7132		19.5635		19.9343	19.5227	18.9772			18.8424	18.9211	20.0295
PROT_0230	27.9934	27.6355	28.0783	27.7844	27.9422	27.9373	28.158	27.8079	27.8587	27.9761	27.902	28.1232	28.0105	27.4831	27.9758	27.8412	27.7816	28.1986	28.5565	28.4585	28.0235	28.1457	27.3674	27.9052		27.62	27.6401	28.1424	27.7576	28.2366
PROT_0231	21.9245	21.9827	21.6701	21.3034	21.9567	21.8711	21.3303	21.8786	21.6633	22.1176	21.948	21.5656	21.7423	21.7214	22.035	21.3553	21.7823	21.4278	21.4296	22.1189	21.3591	21.798	21.3089	21.7691	21.6613	21.9075	21.1454	21.3803	21.7214	21.6201
PROT_0232	21.5573	20.8468	20.7622	21.0987	21.7198	21.2771	21.185	21.7415	21.0085		21.1831	21.116	21.9316	21.2735	21.1308	21.1251	21.2803	21.3472	21.6529		20.9652	21.2802	21.5461	21.6153	21.2879	21.5648	21.3363	21.6389	21.2845	21.4476
PROT_0233	26.2946	26.5949		26.1762	26.6559	26.3517	26.6355	26.5144	26.5177	26.5741	26.4043		26.3793	26.3064	26.6553	26.6179	26.426	26.7864	26.3124	26.5398	26.5631	26.4921	26.3132	26.7581	26.6092	26.8319	26.6604	26.4438	26.6986	26.551
PROT_0234	21.3995	22.0803	22.2367	22.3621	21.8907	22.1087	21.6416	22.3641	21.2669	21.5473	21.9641	21.2628	21.4991	21.6596	21.8197	21.8987	21.7977	21.6962	21.8177	22.3079	21.8706	21.4705	21.8687	21.3167	22.2309	21.7702	21.7608	21.196	21.9451	21.4932
PROT_0235	21.2238	21.9521	22.1765	21.2199	21.2231	20.9059	21.0216	21.1839	21.11	21.2092	21.5117	20.6394	21.1403	21.0899	21.1944	21.4831		21.7585	22.0956	21.5152	21.9661	21.5735	21.2627	20.4851	21.6673	21.5319	21.3795	21.751	21.3211	21.3652
PROT_0236	19.7572	20.0724		19.8619	19.4798	19.7478	19.3383	19.8373	19.7605	19.7879	19.3465	19.1153	19.6639	20.5366	19.8319				20.0447	20.0979	19.9411	19.5819		19.5075	19.778	19.5736	19.8258	20.0922		19.4674
PROT_0237	24.6862	24.7	24.7652	24.7117	24.9644	24.9808	24.7568	24.4096	24.9945	24.8167	24.8626	24.636	24.7747	24.5052	24.5486	25.164	24.648	24.7312		24.6192	24.5753	24.8328	24.8103	24.8904	24.9541	24.9114	24.756	24.5942	24.4043	24.8241
PROT_0238		20.8229	21.0269	21.1441	21.9664	21.4307	20.4528	21.2447	21.4046	21.4397	21.1872	21.4031	21.4829	21.3432	21.2938	21.1699	21.7933	21.5995	21.5146	21.389	21.9154	21.5863	21.3061	21.7078	20.9041	21.4685	21.5338	21.3308	21.1765	21.224
PROT_0239	25.5751	25.5006	25.5305	25.4769	25.6052	25.4182	25.6864	25.8078	25.8002	25.4279	25.36	25.0877	25.5688	25.4905	25.4495	25.6113	25.3617	25.5621	25.5869	25.4777		25.521	25.4271	25.4453	25.483	25.5979		25.3236	25.5954	25.7618
PROT_0240	21.7495	21.8085	22.8389	22.2646	22.6073	22.7497	21.284	22.2218	22.2888	21.7539	22.2069	22.0449	21.5692	21.4711	22.1504	21.8033	21.7483		21.8685	22.0816	22.0522	22.0731	21.7728	21.9744	21.9052	22.3086	22.1689	21.9196	22.1466	
PROT_0241	21.2749	21.1807	21.6791	20.704	21.017	21.1639	20.5286	21.0398		20.8397	20.899	20.8566	21.1147	21.4388	20.614		20.8134	21.1492	20.3604	20.9616	20.9085	21.2489	21.1202	20.7422	21.2045	20.8385	20.4643	21.0011	20.9843	21.0116
PROT_0242	26.6309	26.5552	26.7778		26.6312	26.7279	26.6555	26.4019	26.7437	26.6847	26.2899	26.6321	26.6771	26.3436	26.4926	26.8182	26.4111	26.7068	26.5707	26.4184	26.6162	26.3823	26.45	26.728	26.7773	26.4575	26.6208	26.8628	26.6661	26.609
PROT_0243	25.0362	25.6016	25.5644	25.2729	25.5194	25.5341	25.0147	25.3187	25.6261	25.3597	25.1687	25.3981	25.3088	25.3112	25.4395	25.0532	25.5449	25.9742	25.0979	25.4188	25.6694	25.1313	25.2148	25.0967	25.0633	25.417	25.6467	25.0081	25.4854	25.3099
PROT_0244	20.805	21.889	21.3988		21.2234	21.4141	21.1097	21.4805	20.8635	20.8441	21.9385	21.5432	21.0917	21.1107	21.0217	21.5204	21.7885	21.3454	21.0998	21.0438	21.6991		21.479	20.9505	21.4067	21.3519	21.2773	21.0923	21.7582	21.5442
PROT_0245	21.8242	21.9612	21.5118	21.8401	21.7961	21.6263	21.8201	22.0691	22.1978	22.0402	21.6982	21.7493	21.6703	21.4934	21.5296	21.8312	21.922	21.9917	21.6193		22.1258	21.7278	22.0248	22.2919	21.8633	22.4035	21.5813	22.0063	22.1323	21.6564
PROT_0246	24.948		25.433		25.2694	25.1933	24.8664	24.9043	25.1009	25.3403	25.0083	24.9727	25.1006	24.6369	25.17	24.9396	24.7142	24.968	25.0185	24.6941	25.2946	25.2226	24.7158	25.213	24.7663	24.9519	24.8869	25.0769	25.0978	25.0629
PROT_0247	21.1009	20.5307	21.4352	21.2927	21.8899	22.4566		20.8272	21.2667	21.0546	22.0509		20.8151	20.721	22.0449	21.7793	20.9207	21.1179	20.5334	20.3062	21.3159	20.6662	20.4297	21.5386	21.1369	21.6552	21.452	21.1281	20.1354	20.8743
PROT_0248	20.9419	21.3468	20.863	20.921	22.1031	21.4759	20.9956	20.8813	20.7942	21.2044	20.6314	21.1861	20.5218	21.0345	20.7572	21.169	20.9176	21.2363	21.1211	20.9309	20.9601	20.5446	20.9142	21.1058	20.9374	21.3258		21.4226	21.757	20.9233
PROT_0249	19.7947	20.5634		19.7016		20.0003	20.1518	19.5802		19.9239	19.8505	20.5497			19.5124		19.8118	20.6261			19.9859	19.73			20.4188			19.7856	20.315	19.379
PROT_0250	23.385	23.0617	23.1882	23.3773	23.732	23.1267	23.8927	23.7147	24.1317	23.7781	23.3192	23.5823	23.3396	23.1712	23.3885	23.3916	23.3613	23.1027	23.2767	23.2573	23.2725		23.1768	23.121	23.5015	23.7604	23.3577	23.4458	23.8192	23.5606
PROT_0251	23.4593	23.0903	23.4181	23.1753	23.5874	23.4167	23.2914	23.1633	23.4707	23.2061	23.1063	23.6077	23.7525	23.5578	23.4753	23.5367	23.2049	23.1681	23.6957	23.1356	23.5613	23.0622	23.0087	23.2767	23.4972	23.6751	23.3215	23.5186	23.2089	23.5426
PROT_0252	26.2933		26.5801	26.5487	26.7205	26.2208	25.9479	26.0752	26.0536	25.8746	25.9773	26.1388	25.8758	26.1371	26.0669	26.0785	25.8351	26.0458	25.9712	25.7255	25.9352	25.8107	26.0622	26.1895	26.1875	26.3075	26.0235	26.2905	26.1199	26.1096
PROT_0253	21.6768	21.4458	22.2303	21.582	22.1213	21.918	21.8594	21.695	21.88	20.9464	21.6369	21.8079	21.9614	21.163	21.4248	21.3376	21.0238	21.9787	22.0213	21.7034	21.4254	21.4259	21.6978	21.9561	21.8575		21.9274		21.2293	21.759
PROT_0254	19.9376	20.1904	19.9473	19.6939	20.7242	20.0836	20.075	20.1594	20.488	19.9391	19.8177	20.0116	19.6204	19.5519		20.4909		20.5395	19.4996	20.0516		19.7821	19.6783	19.9319	20.3715	20.3757		20.3855	20.1785	20.3101
PROT_0255	22.0735	22.0329	22.6071	22.5656	22.3933	22.5209	22.0507		22.6977	22.255	22.3403	22.3093	22.5337	22.5566	22.5037	21.9815	22.7383	22.639	22.8718		22.1604	22.0075	22.3143	22.5038	22.1819	22.8302	22.0912	21.8994	22.4042	22.0535
PROT_0256	24.3495	24.369	24.1081	24.4077	24.2918	23.8968	24.791	24.4779	24.1651	24.4933	24.0032	24.3533	24.7732	24.0006	23.891	24.6278	24.2957	24.2526	24.5304	24.3819	23.9573	24.5155		24.2007	24.3809	24.4318	24.1422	24.2893	24.1241	24.0128
PROT_0257		19.3322				19.0305	18.7353	18.7757				19.5544	19.7775		20.1572	20.3967	18.8575	18.4123	18.7203	19.5737	19.5819	18.6293		19.1729	19.448	19.1871	18.8161	19.4706		18.9638
PROT_0258	25.2265	25.5039	25.3063	25.2616	25.5881	25.0814	25.354	25.3255	25.3205	25.3859	25.5626	25.2224	25.3804	25.2903	25.188	24.9619	25.3824	25.609	25.1638	25.3791	25.1648	25.3696	25.4576	25.3727	25.1231	25.6686	25.3729		25.3851	25.1584
PROT_0259	23.7721		23.5329	23.669	23.975	23.3794	23.6029	23.5825	23.7104	23.9305	23.5027	23.3007	23.9804	23.7016	23.7983	23.9956	23.8809	23.5511	24.0329	24.0315	23.7236	23.8331	23.8152	23.5803		23.8385	23.8657	24.1751	23.7138	23.5225
PROT_0260	23.5197	23.4233	24.0946	23.907	23.7123	23.9132	23.521	23.8852	24.1049	23.3834	23.993	23.8298	23.9037	23.5001	23.721	23.4039	23.6654	23.8034	23.3897	23.7155	24.0887	23.6149	23.1342	24.1049	23.7041	23.39	24.3313	23.6294	23.4937	23.879
PROT_0261	23.9855	24.3544	24.1731	24.2258	24.1366	24.4159	23.9966	24.3103	24.4684	24.0969		24.4883	23.9035	24.2768	24.2735	23.9066	24.3741	24.446	23.5705	24.0477	24.2697	23.8836	24.0775	24.4293	23.6142	24.4776	24.6358	24.0722	24.338	24.0472
PROT_0262	20.9267	21.7032	21.0197	20.7157	20.5059	20.7081	20.832	21.2821	21.3972		20.8027	20.8439	20.765	20.8688	20.5097	20.9424	20.7098		21.0198		21.0262	21.1114	20.1324	19.9239		21.1816	20.4299	20.7102	20.5506	20.156
PROT_0263	20.9277	20.8947	21.4889	21.0808	20.7111	20.8923	21.1682	20.8373	20.7905	20.3953	20.8201	20.6373	21.0053		21.2894	20.6236	20.5791		20.9991	21.2816	20.4896	20.6079	21.1762	20.5343	21.0262	20.6656	20.432	20.9052	20.6106	20.8879
PROT_0264	27.0402	27.0155	27.0704	26.9876	27.3154	27.1998	27.0083	27.1475	27.0365	27.2186	26.7606	27.074	27.1289	26.9796	27.1061	27.157	26.656	26.965	27.3055	27.1222	27.208	27.3409	26.7758	27.0951	26.8225	26.8018	27.5007	27.5393	27.2484	27.805
PROT_0265	22.1716	22.0372	22.1405	21.9539	22.3444	21.9806	22.1612	21.7351	21.9877	21.7457	21.7623	22.0369	22.1622	21.9287	21.8069		22.454	21.8364	22.5315	22.4071	22.0409	21.9487	21.8501	22.4044	22.074	21.4719	22.3083	21.9771	22.0103	22.2011
PROT_0266	26.1267	25.7918	26.7466	26.2546	26.3745	26.5683	26.3725	26.1331	26.3447	26.0174	25.2915	25.6337	26.2772	25.974	26.0911	26.4037	26.0841	26.3993	25.9206	26.2575	26.4568	26.2023	26.003	26.3116	26.5182	26.4076	26.8663	26.5652	26.499	26.9617
PROT_0267	22.6612	22.7062	22.514	22.5765	22.711	22.3104	22.977	22.6607	22.4659	22.8813	22.6577	22.5714	22.7742		22.5026	22.3073	22.4245	22.2233	22.9119	22.6817	22.7132	22.9155	22.6334	22.6211	22.5929	23.1712	22.4876	22.5292	21.679	21.9431
PROT_0268						19.2323		19.4127				19.2111	19.3714	18.5825		18.997	18.9306	19.8367	18.8584		18.659	19.6831	19.2883		18.9456	19.0034	18.5472	19.6686	18.6876	19.2153
PROT_0269	22.0291	22.227	22.0065	22.0771	22.1055	22.2399	22.092	22.0781	22.4588	21.8889	21.7923	21.6058	22.0688	22.19	21.9592	22.5143	22.1829	22.5453	22.0268	22.3183	21.946	21.7732	21.69	22.6141	21.9584	22.1378	22.4439		21.993	22.2291
PROT_0270	23.0724	22.6484	22.5101	22.8807	22.9047	22.6271	22.6474	22.7627	22.0757	22.5705	22.6187	22.5332	22.7181	22.8166	22.3102	22.3431	23.0406	23.1927	22.8532	22.7679	22.8806	22.5322	22.3271	22.5031	22.3652	22.8658	22.7245	21.9457	22.6442	22.8449
PROT_0271	22.0161	21.9982	22.3019	21.8215	21.8532	22.2328	21.7692	21.6278	22.0866	21.6725	22.0579	21.9157	22.1427	21.3536	22.1935	21.8968	21.8671		21.2839	22.0856	21.7146	21.8322	22.1456	22.1106	21.7493	21.9126	22.0291	21.6564	22.2319	22.2209
PROT_0272	24.724	24.7799	25.3424	25.0631	24.749	25.0199	24.9915	25.1098	24.9586	24.6529	24.4654	24.7486	25.1579	24.4234	24.9485	25.0314	24.9112	24.8069	25.161	24.834	24.9317	24.664	24.7293	25.1408	25.1954	24.6724	24.9047	24.6507		25.0109
PROT_0273	23.4963	23.4977	23.2399	23.5961	23.5025	22.8918	23.6744	23.2546	23.2685	23.422	23.2264	23.0857	22.8712	23.1881	23.2272	22.853	22.8035	23.4848	23.3782	23.2119	22.8597	23.3372	22.8838	23.5537	23.3754	23.38	23.2527	23.4045	23.1869	23.255
PROT_0274	23.8081	24.4568	24.4579	24.5738	24.6273	24.6645	24.0939	24.5486	24.1601	24.0695	24.2996	24.5556	24.2525	24.4533	24.1368	24.1698	24.144	24.497	24.3932	24.5848	24.4236	24.1901	24.7877	25.0814		24.8965	24.5854	24.1702	24.5132	24.2062
PROT_0275	24.7128	25.0246	25.227	24.7459	25.6018		24.7192	25.0322	24.9447	24.8295	24.973	24.9994	25.0549	24.8931	25.2551	25.0948	25.3376	25.3538	24.9256	25.573	25.0354	24.8165	24.9439	25.0026	25.0753	25.439	25.4147	24.8927	25.6667	25.0727
PROT_0276	22.8439	23.197	23.213	22.9716	23.3202	23.5979	23.3718	23.1316	23.5917	22.7136	23.2792	23.7661	22.8502	23.3785	23.5406	23.0858	23.5455	23.6872	23.3648	22.9081	23.4557	22.9752	22.7642	23.5902	23.0754	23.6195	23.6304	23.391	23.3786	
PROT_0277	25.9522	25.8437	26.5238	25.7547	25.8768	25.9412	25.5682	26.0658	26.2938	26.045	25.6953	25.6846	25.9152	25.7894	26.1999	25.9995	26.0561	25.9134	25.9094	26.4554	26.0964	25.8215	26.2049	26.4543	25.9651	26.3111	26.0172	25.7975	26.5127	26.0947
PROT_0278	23.7724	24.0996	24.1774	23.7631	23.8058	23.6872	23.3983	23.7756	23.7631	23.8698	24.1712	23.7473	24.0798	23.8824	23.7015	23.6345	23.8671	23.6866	23.623	23.8085	23.8025	23.6962	23.28	23.5435	23.9579	24.1067	23.7532	24.0969	23.6365	23.6488
PROT_0279	22.6668	22.6754	22.9838	22.6471	22.7465	22.9104	22.4793	22.7131	22.8924	22.2273	22.4027	22.7191	22.3895	22.6131	22.7513	22.7621	22.4476	22.7219	22.5687	22.5439	23.1325	22.6757	22.3853	22.3885	22.1926	22.7956	22.535	22.2525	22.52	22.3813
PROT_0280	20.7927	20.571	21.05	21.443	20.4297	20.9675	20.5048	20.6128	20.5554	20.9876	20.5796		20.7363	20.1647	20.8193	20.7153	20.4711	20.3429	20.5971	20.2108	20.7125	21.1906	20.5773	20.5089	20.7737	20.7476	21.1016			20.8939
PROT_0281	26.63	26.6719	27.1115	26.6641	26.5724	26.9629	27.3859	27.4195	27.6383	27.4443	26.3559	26.8649	26.8155	26.6469	27.025	26.9272	26.5594	26.8997	26.5595	26.5984	26.9068	26.5556	26.7044	26.9978	26.9806		26.9239	26.811	26.623	26.8772
PROT_0282	25.7402	25.7407		25.7986	25.6819	25.8636	25.6086	25.9402	26.0709	25.7205	25.5287		25.8685	25.3858	25.897	25.6168	25.5445	26.2205	25.8447	25.8435	25.7354	25.8997	25.634	25.628	25.5734	25.9335	25.3172	25.506	25.3209	25.6859
PROT_0283	22.4154	22.467	23.2151	23.6636	22.6147	22.714	22.5913	22.7416	22.7313	22.8418	22.1026	22.7584	22.5807	22.4454	22.6922	22.3995	23.0062	22.996	22.3303	22.6767	23.0575	22.8382	22.6819	22.5058		22.842	22.4073	22.3243	23.101	22.7662
PROT_0284	23.316	23.1467	22.9884	23.3438	22.8246		23.1468	23.2573	23.1123	23.7054	23.2993	23.1799	23.697	22.5055	23.0975	23.6011	23.1558	22.8306	23.308	22.961	22.8584	23.2238	22.742	23.1677	23.2426	23.239	22.7815	23.0805	23.3705	22.9758
PROT_0285		20.9316	20.8322	20.8997	21.1163		21.3267	21.6777	21.6532	21.3248	21.5794	21.0748	21.3763	21.2497	21.3854	21.016	21.4139	21.841	21.1922	21.8445	21.3961	21.7024	21.323	21.449	22.3806	22.23	21.3406	21.2499	21.5885	21.2345
PROT_0286	21.2859	21.4713	21.6072	20.8855	21.3044	21.8896	21.1815	21.0949	21.462	21.4433	20.4109	19.9803	21.8558	21.1716	21.3704	21.5657	21.7925	22.0024	21.6518	21.385	21.5143	21.5998	21.0342	21.2863	21.182	21.7482	21.3018	21.1283	21.8634	21.899
PROT_0287	20.2476	20.3174	20.5866	20.5167	21.1341	20.9088	20.011	20.4901	20.7511	20.8594	20.121	20.9985	20.4652	19.5569	20.2587	20.4721	20.1927	20.7249	20.1867	20.076		20.3462	20.2205	20.3671	20.4211	20.4426	20.0905	20.522	20.4523	20.7219
PROT_0288	21.0843	21.4861	21.2813		20.8469	20.8955	21.3297	21.39	20.4271	21.2836	20.7889	20.8191	20.4878	20.8121		20.754	21.3038	21.1713	21.1558	21.3403	21.1456	20.857	20.8965	20.8871	21.1119	21.4002	21.1475	20.5544	20.6849	20.8528
PROT_0289	22.1439	22.0997	21.9146	22.0132	21.8882	21.7079	22.4601	21.8638	21.938	21.9763	21.9817	22.1068	22.2471	21.6632	21.7133	21.5933	21.1281	22.2079	22.3159	21.9931	21.9747	22.3124	21.7847	21.3966	22.1262	22.2685	21.9809	21.7651	21.9092	22.2181
PROT_0290	24.148	24.354	24.1139	23.9295	24.5708	23.9534	24.0487	24.2154	24.0297	23.9924	24.1825	24.2107	24.0748	24.0356	24.1495	24.231	23.9291	24.0546	24.1804	24.0683	24.0755	24.2564	24.0909	24.3397	24.2788	24.2781	24.6105		24.4273	24.1417
PROT_0291		19.5281		19.6474	20.5886	19.3819				19.4101		19.4432	20.1544	19.7324	19.1496	19.6781		19.9494	20.2769	20.1179	19.3956	20.221	20.1566	19.6901	20.2732	19.7884	19.0589	19.7223	19.6068	
PROT_0292	22.2405	22.8032	22.8182	22.462	22.9483	22.857	22.8087	22.733	22.8092	22.6846	22.5297	22.4309	22.6805	22.9515	22.332	23.1023	22.8845	22.7731	22.7811	22.3647	22.4876	22.4903	22.7406	22.9551	22.8841	22.6151	22.6718	22.7394	22.9403	22.9644
PROT_0293	20.9585		21.068	21.2165		21.1045	21.3934	21.6672	21.2053	21.8845	21.5783	21.1451	21.3068	21.1253		21.3798		21.0555	21.3416	21.5613	21.2618	21.7094	20.7745	21.6305	21.3862	21.9475	21.7139	21.3189		21.1803
PROT_0294	22.2519	21.9324	22.3727	22.1723	22.32	22.2982		21.7857	22.3384	22.3858	22.0351	22.1107	21.8207	21.1083	22.2704	22.2617	22.035	22.3526	21.8116		23.8208	22.963	21.73	22.0014	22.3448	21.8579	22.5408	22.3887	21.935	22.5315
PROT_0295	27.3014	27.2179	27.2783	27.1822	27.6551	27.1323	27.2519	27.4226	27.3447	27.2889	27.1522	27.1468	27.4121	27.5729	27.1768	27.2367	27.1069	27.4451	27.5011	27.7981	27.5709		27.0045	27.4	27.4296	27.252		27.5199	27.4894	27.2738
PROT_0296	20.1603	20.4195	20.3229	20.2019	19.7017		19.468		20.2875	20.4089	20.4114	20.3068	20.0101			19.6606	19.8589	20.1301	19.8082	20.0238	20.3861		19.7961			20.0691		20.3491		19.6793
PROT_0297	23.6076	23.4874	23.2449	23.4388	23.8029		23.1945	23.3957	23.3221	24.0249	23.3373	23.7725	23.52	23.1172	23.1707	23.319	23.4788	23.7595	23.5888		23.5466	23.3639	23.4512	23.8014		23.4467	23.6158	23.3098	23.5446	23.5902
PROT_0298	25.3084	24.7605	24.9235	25.2609	25.057	25.1007	24.9391	24.9218	25.0709	25.0882	24.5791	25.2601	25.1127	25.0097	25.2286	25.2724	25.1425	25.0834	25.1123	25.0795	24.9144		24.6734	24.9248	25.2603	25.4454	25.1788	24.7816	24.8871	25.0997
PROT_0299	20.8288		20.7246	21.0205		20.6423	20.6459	21.5242	21.057	21.3041	21.1684		21.0052	20.7568	20.3648	21.4107	20.4567	20.8946	20.7886	21.4268	20.8446	20.4544	20.9782		21.0356	21.3196	21.3543	20.7813	21.0584	20.7452
PROT_0300	22.7485	22.5484	22.7674	22.7156	22.782	22.5191	22.4396	22.4216	23.2428	22.6462	22.4947	22.8065	22.7471	22.9155	22.2377	22.2516	22.5673	23.1642		22.2232	22.833	22.5926	22.4733	22.6951		22.0032	22.7227	22.3506	22.6673	22.6838
PROT_0301	24.5192	24.3136	24.5497		24.6929	24.5017	24.8346	24.8087	24.4503	24.772	24.4623	24.6115	24.7499	24.4269	24.5336	24.6804	24.4433	24.4441	24.3018	24.5862	24.2398	24.6068	24.386	24.6156		24.7909	24.5453	24.4914	24.5469	24.1854
PROT_0302	24.4006	24.2009	24.6542	24.3798	24.4743	24.6907	24.4582	24.1428	24.4498	24.4146	24.116	24.4687	24.189	24.3648	24.1102	24.1063	24.3737	24.1475	24.6163	24.6072	24.207	24.5223	24.1078	24.2104	24.3576	24.1542	24.5153	24.5429	24.5046	24.5617
PROT_0303	21.2568	20.2203	20.2975	20.8878	21.1335	20.5812		20.8175	20.2327	20.8023	20.57	20.048	21.0976	20.5579	21.0228	20.8418	20.839	20.046	20.4836	21.1656	21.046	20.4614	20.4377	20.1278	20.4658	21.0446	20.2983	20.344	20.4913	20.6967
PROT_0304	24.032		24.9688	24.3876	24.4345	24.6297	24.2424	24.1698	24.7788	24.7037	24.5021	24.7889	24.7461	24.4723	24.5673	24.2473	24.4789	24.5814	24.5209	24.0546	24.5257	24.2363	24.6628	24.5648	24.9114	24.6858	24.7122	24.1671	24.5874	24.6074
PROT_0305		20.0334			20.0344	19.7662			19.4511	19.1186	19.1907	20.0624	19.15	19.7114		19.4591	20.0139	20.0695	19.093	19.4806	19.5478	19.1453	19.6692	19.4666		19.8185	19.5981	18.7409		
PROT_0306	20.8914	20.9237	21.1919	21.1211	21.0908	21.5583	20.8765	21.3137	21.2064	20.8373	21.2778	21.7961	21.2743	21.2508	21.3116	20.5857	21.2424	21.0646	21.4616	20.6753	21.4437	21.2098	21.1348			21.3018	21.6096	20.8919	21.0181	20.9747
PROT_0307	21.1134	20.8363	20.7118	21.0378	20.4377	20.5359	20.8667	20.6998	21.317	21.2913	20.9553	20.6783	20.8878	20.8656		20.9776	20.5869	19.7834	20.7722	20.6595	20.7672	20.7585	20.6724	21.1307	21.6005	20.7663	20.1324	20.5486	20.7064	20.9799
PROT_0308	21.092	21.2336	20.9114	21.2225	20.7158	21.2624	21.2933	21.2875	21.1555	21.3012	20.6296	21.8985	20.9557	21.1168	21.3613	21.6014	21.1259	21.3522			21.4145	21.8237	21.0052	21.4766	21.3957	21.3187	21.3653	20.9425	21.1413	21.8131
PROT_0309		18.5576	18.7932	18.899	18.6251	19.4885	17.9338		17.7944	18.6599	18.7938	18.5053	19.1131	18.7896	19.3326	19.1568	19.2803			18.3621	19.7406	18.3078	18.9273	17.931		20.0874	19.2398			18.8137
PROT_0310	23.6501	23.2448	23.8298	23.3881	23.6461	23.8047	23.7126	23.4855	23.6199	23.9219	23.1862	23.7568	23.4879	23.3047	23.9363	23.1397	23.486	23.5738	23.8669	23.5093	23.673	24.0073	23.629	23.6917	23.7679	23.9795	23.9025	23.6875		23.1663
PROT_0311	29.9706	30.1175	30.0882	30.0942	30.3607	30.0529	29.9661	30.2753	29.8584	30.177	30.0565	29.8017	30.0699	30.2056	29.7976	29.9852	30.2364	29.9797	30.0626	30.1259	29.9566	29.9965	30.0327	30.2397	30.1371	30.2579		30.2209	30.1333	29.9526
PROT_0312	24.4575	24.7876	25.0191	24.6963	24.841	24.6235	24.4685	24.8517	24.9626	24.6183	24.6495	24.6875	24.613	24.7658	24.8638	25.0484	24.8136	25.2322	24.6743	24.9493	24.8458	24.3826	24.5422	24.8049		24.8828	24.5821	24.9667	24.8508	25.0424
PROT_0313	25.9708	25.4577	25.4707	25.5473	25.6191	25.3895	25.512	25.2966	25.5328	25.5784	25.2688	25.3541		25.2723	25.331	25.5289	25.1999	25.695	25.6239	25.4884	25.6605	25.6118	25.1286	25.2834	25.9073	25.2952	25.5519	25.9474	25.0749	24.9793
PROT_0314	24.6915	24.4755	24.8408	25.2922	25.1576	25.0332	24.863	24.7852	25.2106	24.833	24.9231	24.7158	24.8075	24.9611	24.7628	25.164	24.8533	25.0505	25.0246	25.1185	25.2866	24.9917	24.6086	25.0063	24.8704	24.8431	24.8182	24.704	24.6513	24.9245
PROT_0315	23.2093	23.2772	23.1338	23.5744		23.1982	22.7234	23.4592	23.4223		23.0142	23.1962	23.4756	22.7329	22.5032	22.5827	23.5868		23.4147	23.0608	23.1909	23.8727	23.2167	23.4534	23.0925	23.2688	23.0155	23.3504	23.6203	23.7717
PROT_0316	25.998	25.8915	25.9694	25.884	26.0025	26.436	26.1538	26.1517	26.1462	25.9657	26.0778	26.0266	26.1491	25.8588	26.0739	26.04	26.1146	26.3448	26.3583	25.9394	26.0501	25.9999	25.7561	26.2136	25.7884	26.01	26.3304	26.0131	25.7428	26.3736
PROT_0317	24.6067	24.6556	25.0327	25.0292	24.8522	25.0782	25.3749	24.8878	24.8268	24.8432	24.8034	24.7234	25.0084	24.6296	24.9624	24.8145	24.62	24.8982	24.9897	24.712	24.7785	24.7895	24.6443	25.0577	25.0892	24.9705	24.9557	25.0436	24.7782	24.8854
PROT_0318	24.3181	24.0263	24.01	23.9915	24.366	24.162	24.0316	24.5961	24.2949	24.362	23.8491	24.2289	24.4182	23.9972	23.7944		24.4536	23.8609	24.0069	24.3562	24.3623	24.1032	24.2459	24.1213	24.3025	24.2773	24.2536	24.3308	24.0982	24.0997
PROT_0319	18.7053		18.813		18.1129	17.8208							17.8694	18.3789	18.6546		18.4723	18.0579	18.1383	18.5644		17.9746		18.8466		18.5185			18.6545	
PROT_0320	19.7273		19.6421	19.896	20.47	20.6388	20.2312		20.1718	20.4887	19.8824	20.379		20.5979	20.188		20.1535	20.4735	20.1862	20.5763	20.0893	20.4282	19.4723	19.9827	20.1218	20.3704	19.8859	20.0162	20.6118	19.4389
PROT_0321		17.215																												18.6448
PROT_0322		18.8571						18.6195			19.298		18.8646			18.3607	18.6066		18.6693	18.4083	18.7903	19.4603	18.6753					18.8286	18.8828	
PROT_0323	21.5377	21.5306		21.3683	21.5352	21.5029	20.8806	21.6536	21.6545	21.402		21.0615	21.5488	22.2016	21.1496	21.5534	21.9125		21.3758	21.8672	21.6538	21.7121	21.5928	21.682	21.2553	22.1437		21.0949	21.5226	21.7749
PROT_0324	20.8632	21.1319	21.622	21.1018	21.5085	20.9888	20.8565		21.3232	21.2767	20.9604	21.5972	21.1468	21.0942	21.3237	21.2473		21.3966	21.1579	21.1008	21.537	21.0937	20.5373	21.3566	20.779	21.2764	21.2148		21.1175	21.1574
PROT_0325	19.1369		18.8885	19.1005	19.8998	18.6748	19.0767	19.3248	19.4517	19.0382	19.7195	20.3723	19.3847	19.1446	19.6948		19.4944			19.9481	19.1368		19.1445				18.7427	19.1102	18.2096	19.143
PROT_0326	24.9998	24.5683	24.9271		25.0047	24.9164	24.8567	24.7069	24.7733	24.5638	24.9099	25.0258	24.9848	24.943	25.0236	24.8246	24.5265	25.1102	24.6372	24.8485	24.7793	24.6872		24.9225	25.2753	24.7654	24.9924	24.8084	24.9057	24.9709
PROT_0327	24.1403	24.0663	24.16	23.784	23.8742	23.9338	23.6784	24.0107	24.3088	23.8932	23.8097	24.081	24.2696	24.0515	23.9008	23.8731	23.9233	23.8671	23.8991	23.8569	23.8387	23.6636	23.5851	23.8795	23.9485	23.7079	24.0609	24.0067	24.259	24.2739
PROT_0328	21.6725	21.5676	21.0963	21.3403	21.7352	21.0818	21.5861	20.9247	21.5321	21.9378	20.7365	21.4281	21.6315	20.7622	21.6797	21.1713	21.1259	21.5395	21.4321	21.3258	21.3914	21.5171	21.7018	21.6261	21.2082	21.9515	21.2417	21.8594	21.2806	21.4935
PROT_0329	20.6169	21.297	21.2739	20.6753	21.144	21.0778	20.745	21.4315	21.1763	20.8737	21.1842	20.9667	21.1263	21.5886	20.9521	21.066	21.4186	21.3393	20.2012	21.4479	20.9334	20.8615	21.4185	21.0923	21.4492	21.1184		20.139	21.2684	20.9452
PROT_0330	23.833	23.8577	23.7224	23.5989	24.0713	24.2511	24.0062	24.251	24.1827	23.8001	23.5284	23.9891	23.6474	23.7845	23.8705		23.5428	24.1796	23.984	23.6794	23.8425	23.8266	23.7351	24.251	23.8351	24.2471	24.175	24.2628	23.8281	24.0948
PROT_0331			19.1985	19.7874		19.9364	19.2521	19.2818		19.8365		20.0591		19.3761		19.9344	19.2576	19.9824	19.7817	20.1266	20.3658	19.4394	20.233	19.9035	19.6105	20.2869	19.7805	20.2508	19.3345	19.9917
PROT_0332	24.3792	24.1585	24.0997	24.143	24.2721	24.3855	24.13	24.5127	24.1375	24.3363	24.2235	24.1038	24.1195	23.998	24.2955	23.9315	24.3795	23.9553	23.9107	24.2933	23.9445	23.9606	24.3386	24.2793	24.1653	24.5421	23.8328	24.0069	24.2687	23.8416
PROT_0333	23.4735	23.3656	23.028	23.4885	22.9174	23.1556	23.13	23.0837	23.2705	23.1721	23.0467	23.0451	23.3756	23.3587	23.2392	23.1892	22.922		23.4725	23.0502	22.5348	22.681	23.4434	23.7842	23.317	23.3289	23.3691	23.1921	23.2082	23.1237
PROT_0334	19.1591	19.9599		19.4241	19.4803	18.9264		19.3838		18.984		19.1818	19.6988	20.144		19.4956	19.1838			19.3774	18.7623		19.9622		19.3279			19.259	19.1428	19.6132
PROT_0335	23.2878	23.4337	23.602	23.2601	23.881	23.7752	23.5958	23.7732	23.8966	23.5317	23.2253	24.0283	23.4644	23.3058	23.6726	23.5254	23.73	23.8282	23.8097	23.5318	23.9359	23.3959	23.6059	23.5021	23.4586	23.4951	23.6791	23.3826	23.4069	23.9336
PROT_0336	25.4771	25.5883	25.7151	25.6892	25.6115	25.7351	25.5016	25.6292	25.5411	25.5378	25.5115	25.1417	25.9492	25.5206	25.8508	25.2339	25.7837	25.7679	25.5756	25.4902	25.4929	25.9066	25.4704	25.435	25.768	26.0017	25.7661	25.4528	25.6147	25.5505
PROT_0337	24.7106	25.2023	25.5525	25.6671	25.5434	25.3615	25.4177	25.3013	25.1124	25.3645	25.2574	25.4689	25.3758	25.276	25.5918	25.4386	24.9914	25.323	25.5421	25.4259	25.6985	25.3901	25.1637	25.4501	25.5323	25.6198	25.4801	25.5131	25.5119	25.6636
PROT_0338	18.8975		19.4244	19.6974	18.6155	19.5128				18.8372	19.3624			18.8401		19.169		19.1945	18.866		18.9072		19.6538	19.015	18.2576	19.1493	19.2764	18.683	19.5024	18.5244
PROT_0339	23.5893	23.6772	23.4864	23.4724	23.5579	23.6613	23.426	23.5897	23.3769	23.4635	23.1097	23.3096	23.8173	23.1589	23.2151	23.1961	23.4421	23.0773	23.5233	23.3139	23.5308	23.1999	23.48	23.7075	23.8868	23.379	23.7223	23.6698	23.4309	23.5
PROT_0340	24.2769	24.1452	24.4254	24.7169	24.598	24.3152	24.3238	24.1049	24.5731	24.0912	24.0724	24.2832	24.5718	24.1896	24.1892	24.3027	23.6473	24.416	23.7043	23.5792	24.0902	24.2575	23.9957	24.2395	24.1729	24.3612	24.1624	24.147	24.286	24.1151
PROT_0341	24.6549	24.2344	24.4285	24.7307	24.4699	24.3055	24.6421	24.3729	24.6891	24.6258	24.056	24.4611	24.2423	24.2395	24.478	24.721	24.4962	24.5515	24.5542	24.6418	24.8226	24.8293	24.5058	24.9263	24.4292	24.626	24.466	24.5635	24.682	24.5415
PROT_0342	20.7275	19.8932	20.3729	20.2673	20.6178	19.7795		20.5121	20.6682		20.4382		20.179	20.7862		20.9993	20.1516	20.281		20.0481	20.0022	20.2115	20.5813	20.0988		21.2691	19.9528	20.4913	21.1395	20.5313
PROT_0343	19.3888	19.1988		19.4138	19.7123	19.803	20.7316	19.7387	19.2863	20.1725	19.331	19.275	19.6096	19.712			20.1468	19.9671		20.0823	20.2348		19.5462	19.4065	20.1034		19.9921	19.5177		
PROT_0344	22.6285	23.259	22.833	22.8809	23.2566	23.2695	22.9601	22.869	23.303	23.3349	22.9195	23.103	22.9383	23.1124	22.8686	22.922	23.099	23.0518	23.1603	23.0669	23.6282	23.3493	22.9765	22.9482	22.9296	23.0576	23.3243	22.9347	23.411	23.424
PROT_0345	23.2307	23.2193	23.2282	23.5087	23.7566	23.4044	23.0024	23.2634	23.2989	23.6428	22.9147	23.2062	23.1104	23.26	23.4944	23.335	23.3408	23.5653	22.6364	23.4195	23.0785	23.3162	23.01	23.249	23.2532	23.4793	23.5121		23.0641	23.5275
PROT_0346	22.6191	22.7096	23.0201	22.8201	22.8868	22.6817	22.6087	22.9646	22.8572	22.5307	22.5463	22.4925	22.2946	22.4561	22.0856	22.5239	22.8677	23.1489	23.1699	23.3263	22.9645	22.8516	22.6545	22.8596	22.6396	23.0293	22.8779	22.5302	22.3642	22.6362
PROT_0347	21.1056	21.2222	20.8805	21.2043	21.2707	21.1079	21.473	21.7967	21.3855	21.442	21.2506	21.8053	21.6717	21.7481	21.0563	21.6011	21.646	21.3646	21.7387	20.8682	21.1023	21.2206	21.1609	21.3638	21.3525	21.7956	21.5853	21.7946	21.9886	20.9838
PROT_0348	19.5614	19.5991	19.6863	19.4896				19.0039	19.3772	19.3401	19.7436		19.7946	19.7079	19.2944	19.7658		20.1097	19.5591	19.1	19.9419				19.4347	19.2993		19.4564		19.7744
PROT_0349	24.5895	24.3628	24.4459	24.0335	24.3325	24.2077	24.0761	24.2249	24.5131	24.4455	24.3974	24.2075	24.1166	23.9922	24.1472	23.9058	24.1673	24.203	24.2064	24.9493	24.6683	24.4665	24.0972	24.707	24.103	24.4509	24.4586	24.481	24.5869	23.9409
PROT_0350	19.847	20.4792	20.0894		20.1569	20.4233		20.1323	19.7798	20.0973	19.7423		20.1222		20.4031	19.9338	19.8225		20.1695			19.7193	19.4367	20.1961	20.2337	20.011	20.0217	19.5741	19.6573	21.0923
PROT_0351	19.8553		19.8233	20.126		20.6059	20.8207	20.4475	20.348			20.0727	19.9461	19.8269	19.8817	19.9875	20.7045	21.0918	20.0109	20.0918	20.6834	20.1668	19.9908		20.1956		19.3115	20.1607		20.0518
PROT_0352		19.2329	19.8745		20.0497		19.6962	19.3014	20.1471	19.5006		20.0756	19.0453	19.4772	19.6166	19.2421		20.0984	19.4311	19.9755		20.2801	20.1969		19.9437	20.022	19.9002	19.4079		
PROT_0353	21.9757	21.9841	22.0521	22.0372	22.1414	22.3685	22.4169	22.3642		22.3005	22.5115	22.3186	22.0896	21.3985	22.2814	22.2657	22.1171	21.9199	22.1344	22.2918		22.0872	21.7914	21.8832	22.1276	22.182	22.3219	21.6581	21.9583	21.7806
PROT_0354	26.4471	26.3127	26.2436	26.1708	26.6704	26.026	26.3112	26.5486	26.3065	26.3212	26.2378	26.2422	26.6593	26.1787	26.282	26.4275	26.0699	26.3282	26.341	26.534	26.5414	26.302	26.1329	26.294	26.6488	26.5176	25.9764	26.1299	26.4931	26.4262
PROT_0355	25.2567	25.3743	25.1527	25.0979	24.6389	24.6376	25.6275	25.7833	25.4301	24.9768	25.0643	25.3539	25.2448	25.5612		24.9825	25.3363	25.13	24.9349	25.1943	25.3503	25.1736	25.3788	25.6966		25.3447	25.3517	25.086	25.2231	25.3563
PROT_0356	21.7819	21.6763	21.7237	21.527	22.2514	22.1238	21.8755	21.7298	21.8349	21.5874	21.5647	21.3399		21.543	21.7118	21.8511	21.7134	21.9544	21.7371	21.9215	21.6472	21.3629	21.6602	21.5149	21.3026	21.8751	21.4029	21.9612	21.6163	
PROT_0357	21.4728		21.7963	21.3473	21.5323	21.3958	21.6832	21.4712	21.4244	21.4839	21.2038	22.2207	21.6273	21.7031	21.4491	21.5024	21.3662	21.6761	21.1153	21.2442	21.3597	21.6094	21.518	21.6207	21.628	21.8276	21.4958	21.7875	21.6487	21.4229
PROT_0358	26.0046	26.0327	26.0664	25.8333	25.7779	25.6666	25.7272	25.938	25.8124	25.6784	25.6945	25.6786	25.8446	25.6267	25.8265	25.8635	25.97	26.0297	25.8033	26.0322	25.4908	25.8568	25.5516	25.6542	25.6881	25.9176	26.218	26.0246	25.6511	26.0447
PROT_0359	20.0397	20.6556	20.638	20.5691	20.3971	20.3805	20.4056	20.5993	19.9283	20.494	20.1981	20.8722	20.4513	20.5297		20.7201			19.9917	20.2119	20.9834	20.4429		20.8079		20.6011	20.3531			20.5762
PROT_0360	25.191	24.9356	25.0329	24.9087	25.1646	24.9758	25.0532	24.832	25.1988	25.0252	25.1519	24.6154	25.348	25.0855	25.0935	25.1077	24.9539	25.0726	25.1173	25.1683	24.8014	24.913	25.0013	25.2742	25.0287	25.24	25.0801	25.0399	24.7874	25.1553
PROT_0361	23.2835	23.4142		23.5222	23.5416	23.4664	23.3279	23.4028	23.2935	23.7823	23.2262	23.3181	23.2266	23.3794	23.3826	23.5903	23.5281	23.1327	23.5073	23.6744	23.6932	23.6148	23.183	23.6499	23.593	23.1535	23.3026	23.432	23.5703	23.7066
PROT_0362	22.4507	22.9324	22.9289	22.407	23.3197	23.0556	23.0387	23.2901	23.156	22.6244	22.6895	22.6699	22.7783	23.06	22.5319	22.5655	22.8984	22.948	22.6767	23.0111	22.5617	22.3991	22.9432	23.0271	22.7337	23.0515	22.9521	22.8118	22.6463	
PROT_0363	24.5236	24.4026	24.4379	24.8998	24.7594	24.5776	24.7539	25.0293	24.6201	25.0623	24.4337	24.442	24.7444	24.3666	24.44	24.8305	24.2798	24.4232	24.9369		24.5975	25.1363	24.6126	24.3825	24.959	24.9593	24.5277	24.785	24.473	24.7388
PROT_0364	18.9511	19.5593							19.4729	19.7829		19.7287		18.9095	19.6081		19.4188	19.8685	19.8184		19.8507	19.334	19.5384	20.1044			19.6913	19.8438		19.5455
PROT_0365	21.8038	21.9528	21.4147	21.5699	21.6359	21.2509	21.9328	22.0341	21.8511	21.654	21.7109	21.9905	21.8189	21.7273	22.1007	21.9732	21.5775	21.8525	21.9954	21.8923		21.7656	21.8153	21.514	21.9975	21.8816		21.7573	21.8776	21.7999
PROT_0366	18.6087	18.4785	18.7558		19.4688	17.3815		18.7718							18.0741												18.1291			
PROT_0367	26.639	26.4371	26.321	26.5002	26.7968	26.7796	26.7435	26.789	26.352	25.8492	26.425	26.5089	26.678	26.6808	26.3842	26.743	26.7702	26.7329	26.6673	26.7404	26.4248	26.6293	26.6544	26.5643	26.5478	26.8554	27.4325	27.0241	26.8326	26.926
PROT_0368	23.5577	23.895	23.577	23.386	24.2953	23.9631	23.817	23.6134	23.2754	23.6275	23.4115	23.2927	23.981	23.7498	23.4145	23.4352	23.5591	23.8518	23.6759	23.7568		23.258	23.7727	23.684	23.5226	23.8268	23.5081	23.744	23.6894	23.8505
PROT_0369	21.1907	21.0769	21.5085	21.0901	21.6055	21.054	21.2504	22.2213	21.3646	21.2379	21.604	21.9597	21.0612	21.6742	20.9087	21.4994	21.4242	21.4145	21.3433	21.4422	21.2708	21.131	21.1811	21.1991	21.011	20.9693	20.9758	21.4083	21.2606	20.9729
PROT_0370	26.7683	27.04	27.3162			27.4749	26.9431	27.0147	27.2015	27.1162	27.201	27.3369	27.0007	27.2364	27.1331	27.3379	27.2327	27.4534	27.0684	27.0909	27.4153	27.0592	27.0389	27.0988	27.421	27.7128	27.3007	27.0117	27.2273	27.3668
PROT_0371	23.7539	23.8018	23.4841	23.6407	23.9988	23.6254	24.1506	23.6038	23.5642	23.6456	23.4144	23.7223	23.7963	23.6355	23.8603	23.4041	23.503	24.0042	23.4031	23.6301	24.1289	23.624	23.6956	23.8567	23.7625	23.6322	23.6557	23.83	23.692	23.4015
PROT_0372	25.2483	25.0292	25.3717	25.1517	24.8052	25.2235	24.9788	24.7815	25.2198	25.225	24.597	25.1601	25.427	24.943	25.2324	25.3261	24.9545	25.2082	25.1768	24.9956	25.3704	25.179	25.2943	25.1199	25.0432	24.9268	25.1679	25.1425	24.9205	25.4089
PROT_0373	17.9185			18.1085		18.9949		17.9518					18.5056				18.5767	18.945				17.9645	18.5459	19.1879	18.637		18.6901			18.443
PROT_0374	21.0477		21.8862	21.9835	21.9038	22.3361	21.249	21.406	21.839	21.5922	21.3738	22.0515	21.891	21.1895	21.9709	21.2005	21.6806	21.9106	21.4679		21.5254	21.5264	21.5987	21.9092	21.7293	21.7227	21.7092	20.8826	21.5615	21.5324
PROT_0375	20.4792		20.8875	21.1407	20.8872		21.1876	20.5958	21.0673	20.9798	20.8297	20.8911	20.9933	20.8618		21.3831		21.0233	20.9981	20.8747	21.1332	20.9303	20.6472		20.9688	20.6752	21.1503	20.8607		20.9744
PROT_0376	25.7684	26.0836	26.0463	25.9942	26.3381	26.0935	25.9153	26.1925	25.7265	25.9394	26.0348	25.9943	26.0514	26.2326	25.8241	26.0169	26.1326	26.0167	26.099	26.1111	25.9783	26.2795	25.7577	25.6556	25.7987	26.3022	25.8767	25.9214	26.1223	25.9426
PROT_0377	24.6554	24.9869	25.0778		25.2939	24.7054	25.0377	24.7307	24.82	24.9742	24.8482	25.0636	24.9729	24.7944	24.7776	24.9192	24.8096	25.0109	25.0814	24.784	24.777	24.9467		24.6802	24.9904	24.8159	24.9856	25.1826	25.0948	24.991
PROT_0378	23.9197	24.0408	24.1272	23.9163	24.4081	23.7738	24.1052	24.1163	24.2482	24.4499	24.4336	23.8297	23.9455	24.0115	24.4408	24.2705	23.971	24.0486	23.7369	24.2359	23.8753	24.0556	23.9894	24.1285	23.8209	24.4348	24.2414	23.8914	24.1029	24.1232
PROT_0379	20.8021	20.4431	20.3685	20.3279	20.4969	21.0825	20.6295	20.8467	20.9382	20.6629	20.5556	20.2232	21.1896	20.4372	20.8555	20.7076	20.799		20.2439	20.573			20.3281	20.9045		20.9723	20.939	20.4559	20.9807	20.578
PROT_0380	26.4042	25.9009	26.867	26.4398	26.383	26.3616	26.1362	25.8811	26.4478	26.8009	26.0001	26.1951	26.3275	26.1847	26.4193	26.2331	26.0352	26.3737	26.8002	26.3824	26.5442	25.9335	26.2504	26.6553	26.6187	25.9329	26.5788	26.4791	26.2364	26.537
PROT_0381		19.4965	18.7592	18.2508		18.8147	19.5588	19.2343	18.7733		19.2452		19.1258	18.321	18.879	18.2221					19.3564		19.1139			18.1096			18.9109	
PROT_0382		21.1478	20.669	20.7375	20.6354	21.1017	19.9313	21.1752	20.651	19.947	20.8267	20.8522	21.2467	20.6689	20.3008	20.8489	20.9784	20.6778	20.3144	21.3338	20.5376	20.3618	21.2127	21.5915	20.6658	21.0024	20.666	20.2096	20.4811	
PROT_0383	22.0534		22.3674	21.4244	22.1794	22.8044	21.6761	22.2226	22.5407	22.9123	21.8243	22.473	21.8825	22.3335	21.8049	22.3527	21.8565	21.8178	22.1367	21.914	22.1439	21.9173	22.2247	22.4197	22.6831	22.428	22.0338	21.9834	22.4626	22.0042
PROT_0384	22.0413	21.972	22.0954	21.9546	22.7647	22.6379	22.0116	21.8544	22.5977	21.5163	22.2771	23.271	21.8123	22.2309	22.149	21.8167	21.9414	22.6947	22.1318	22.3661	22.6094	22.1273	22.0003		22.5197	22.2605	22.3092	21.9625	21.9822	22.7023
PROT_0385	25.6089	25.54	25.0193	25.6404	25.9958	25.1304	25.4853	25.4894	25.4576	25.4061	25.3967	25.3165	25.5022	25.3105	25.1361	25.4047	25.613	25.1231	25.5174	25.3783	25.2982	25.2764	25.5934	24.8682	25.7385	25.9827	25.2766	25.381	25.5053	25.3737
PROT_0386	23.3499	22.7138	22.6037	22.6113	23.3459	23.0916	22.8487	22.9911	23.1873	23.2962	24.1368	23.5769	23.104	23.2065	22.7432	23.0471	22.9958	23.0791	23.0505	23.1587	22.8977	22.8739	22.9899	22.7532	23.08	22.9384	22.7027	23.6953	22.9612	22.8457
PROT_0387	26.5838	26.4251	26.4691	26.3845	26.2475	26.4475	26.5776	26.2673	26.1912	26.5264	26.3621	26.4197	26.5168	26.2452	26.1937	26.4101	26.2781	26.1847	26.3179	26.1584	26.3192	26.443	26.2141	26.0674	26.3924	26.6456	26.0516	26.2201	26.153	26.295
PROT_0388	19.4943		19.7883	18.6748				20.2488		19.8919	19.2037			19.3441	19.5155	19.4658	19.4894		19.2369	19.1107	19.1978	18.405	18.8323	19.6497	19.7578	19.2862			19.3908	20.4502
PROT_0389	22.6402	22.3686	22.3711	22.5098	22.8644	22.2696	22.2395	22.5854	22.0298	23.1592	22.6221	22.3521	22.4012		22.4224	22.4378	22.5304	22.2446	22.5538	22.426	22.8863	22.8856	22.1339	22.7827	22.3683	22.6258	22.5107	22.0896	22.4111	22.3703
PROT_0390	25.6793	26.291	26.5011	26.4194	27.8089	27.1126	26.6021	26.9053	26.0197	25.7664	25.7594	26.0195	26.6537	26.8496	27.0724	27.5137	26.626	26.8825	25.9564	26.2552	26.0255	25.9649	26.5148	26.2274	27.5485	27.5444	26.8115	26.6436	24.8067	24.8519
PROT_0391	19.3895	19.8899		20.548	20.4767		20.458	20.2437	20.0894	19.7947	19.6338	19.9794	20.2944		20.2286	19.9572		20.3678	19.7839	20.0411	19.8371	20.708	20.156	21.1363		20.9127	19.9673	20.4956	19.7833	20.6603
PROT_0392	21.598	21.8442	21.4638	21.3403	21.4496	21.827	21.5501	21.401	21.4361		21.6008	21.6883	21.0152	21.3768	21.4258	21.8925	21.6401	21.881	21.4707	21.6324	21.7916	21.7802	21.1989		21.7625	21.7258	21.4927	21.6745	21.5152	21.7453
PROT_0393		20.9387		21.2052	21.2961	21.1286	20.8621	21.0648	21.2859	20.9288	20.6112	21.1233	21.377	20.5482	20.8855	21.2486	20.8581	21.3713	20.9161	20.5087	21.0063	20.4976	21.388	21.3229	20.836	21.3751	21.0869	20.6076	21.2145	21.0561
PROT_0394	26.1647	26.0555	25.843	25.971	26.0292	25.6972	25.7204	26.1158	25.8501	25.9265	25.9436	25.8467	26.1562	25.8229	25.9307	26.2368	26.3397	26.2014	26.2458	26.5223	25.9339	26.1062	26.1574	26.121	26.1049	26.1481	25.7821		25.9409	25.8882
PROT_0395	24.8276	25.1238	24.8089	24.9607	25.0375	24.753	24.8415	25.0231	25.1803	24.9798	24.1032	24.2509	24.6222	24.7371	24.831	24.7971	24.6902	24.921	24.6562	25.2252	24.9898	24.3855	24.7046	24.8287	24.8695	25.0757	24.9409	24.909	24.7781	24.8609
PROT_0396	19.0208		18.7924		19.5357	18.862	19.1958	19.2576			19.3774				18.5141	19.1206	19.2621		18.8633	18.4889		18.5599		18.9395				18.9602		
PROT_0397	20.5503	21.2668	20.9239	20.7792	21.215	21.0719	20.6723	20.6247	20.7862	20.6488	21.075	21.0653	21.1972	21.0285	20.6409	20.5278			20.8398	20.9874	21.0954	21.0383	20.6904	20.945	20.9685	21.3223	21.0049	20.6068	21.8382	21.334
PROT_0398	25.2331	25.4178	25.1882	25.3178	25.5149	25.2897	25.1527	25.4722	25.2779	25.5855	24.8998	25.0466	25.3463	25.3317	25.2055	25.2917	25.2069	25.1572	25.3	25.5362	25.4464	25.5292	25.215	25.4007	25.1187		25.2024	25.289	25.4724	25.1558
PROT_0399	24.6409	24.8694	24.6771	24.6577	24.9524	24.7202	24.6992		24.619	24.5923	24.422	24.8663	24.6586	24.5163	24.598	24.5428	24.739	24.619	24.4485	25.1341	25.2213	25.1046	24.5788	25.036	24.6468	25.1436	24.5594	24.5335	24.6818	
PROT_0400	30.5703	30.4212	30.4073	30.4724	30.8175	30.2341	30.5152	30.4339	30.088	30.396	30.4203	30.1787	30.7255	30.6969	30.1491	30.4513	30.4743	30.4055	30.5509	30.4952	30.3439	30.5446	30.2959	30.3405	30.5615	30.6538	30.3908	30.304	30.9133	30.5001
PROT_0401	24.6816	24.4522	24.941	24.5808	24.7317	25.1603	24.731	24.8223	24.7147	24.3652	24.518	24.9292	24.7951	24.5291	24.9989	24.7789	24.7137	24.9725	24.7047	24.7879	24.9686	24.5631	24.6066	24.7588	24.8859	24.5388	24.6126	24.835	24.6607	24.7233
PROT_0402	22.353	22.439	22.4633	22.4028	22.6332	22.449	22.1039	22.455	22.4467	22.1331	22.317	22.5434	22.2293	22.311	22.4265	22.2891	22.109	22.8949	22.2743	22.504	22.4089	22.4869	21.9797	22.473	22.3268	22.1895	22.2548	22.0322	22.1559	22.6
PROT_0403	24.6308	24.3413	24.4472	24.5703	24.5533	24.4071	24.9453	24.4428	24.3603	24.7235	24.5543	24.7767	24.507	24.4251	24.634	24.7705	24.4638	24.7085	24.9732	24.6177	24.5494	24.6451	24.3418	24.6301	24.8021	24.6992	24.5419	24.6824	24.8323	24.3679
PROT_0404	24.9584	24.8911	24.7949	24.9261	25.2389	25.123	24.661	25.1874	24.8065	25.0501	25.1391	24.6379		25.0856	24.6316	24.9911	25.0023	24.8478	24.7097	25.0786	25.1559	24.939	24.8871		25.0193	25.1345	24.9054	24.6789	25.014	24.8343
PROT_0405	21.2267	21.041	21.0937	20.4311	20.5735	20.48	20.4653	20.6963	20.0648	20.6591	20.8582	21.1826	21.2081	20.7209	20.4577	21.4041	20.5402	20.9768	20.8738	20.2879	20.7674	20.7942	20.6237	20.7489	21.7973	20.6403	21.0242	20.1461		20.6749
PROT_0406	22.1055	21.6021	22.3119	21.9165	21.9833	22.232	22.4969	22.3071	22.1716	22.1865	21.8378	21.6547	22.2042	21.8976	22.1526	21.331	22.0562	22.5812	22.0035	21.7246	21.2965	21.6999	22.2996	21.8218	22.3653	22.0415	22.2158	22.4013	21.8496	21.9065
PROT_0407		21.4252	20.9571	20.9951	21.3249	21.3052	21.0899	21.7565	21.0434		21.4755	20.7213	21.0105	21.3233	20.961	20.6516	21.611	21.1096	22.2128		21.0241	20.8832	20.8733	20.9472	21.3341		20.8434	20.8776	21.015	20.9386
PROT_0408	20.1549	20.514	20.7932	21.133	21.2823	20.5786	20.2911	21.0489	20.6505	21.0605	20.7271	21.0992	20.6246	21.0624	20.4367	19.9207	20.4407	20.3278	20.2002	20.7701		20.1903	20.3267	21.3913	20.205	21.1159		20.7966	21.1322	19.9214
PROT_0409	26.0358	26.4283	26.5452	26.574	26.3909	26.2393	26.7011	26.2942	26.3511	26.5494	26.3014	26.6513	26.3976	26.7583	26.6138	26.5706	26.5272	26.7172	26.4258	26.2896	26.3534	26.2478	26.0231	26.5734	26.4543	26.687	26.3898	26.336	26.1022	26.336
PROT_0410	20.2639		20.2337		19.7251	19.6987	20.1874		19.6913	19.1665	20.5409	19.5286	19.6025	20.2675	20.1525	19.4586	19.9559	20.4077		19.9005		19.5543	19.9245	19.8511	19.8673	19.8544	20.8234	19.8634	20.1767	19.2314
PROT_0411	22.9508	22.618	22.4353	22.6027	22.6644	22.4573	22.546	22.082	22.8403	22.7385	22.2253	22.7935	22.5656	22.444		22.4855	22.1811	22.7653	22.0581	22.3099	22.7456	22.8062	22.3212	22.7813	22.7093	22.8056	22.5602	22.9966	22.8213	22.5649
PROT_0412	22.4686	22.8014	22.6702	23.0182	22.9329	22.8674	23.0949		23.1174	22.5548	22.878	22.9472	22.7829	22.3404	22.9695	22.6984	22.2528	23.0524	22.4253	22.4125	22.8497	22.6885	22.7834	23.0775	22.552	22.6519	22.4849	23.0518	23.0498	22.9254
PROT_0413			19.7154		19.1878	18.4628			19.4679	20.2899	19.1731	18.9009				19.3741		19.8119	19.4483			19.5386		19.4311	20.1542	19.9123		19.0019		19.4298
PROT_0414	23.0927	23.2434	23.317	23.0506	23.4309	23.0478	23.1023	22.8684	23.2391	23.0674	23.6219	23.6613	23.3218	23.4418	23.2989	22.8324	23.5362	23.3141	23.4567	23.604	23.3002	23.0011	23.1354	23.3806	23.293	23.636	23.4022	22.9845	23.405	23.2929
PROT_0415	23.6082	23.6634	23.6173	23.6098	23.8041	23.7755	23.5081	23.4592	23.8292	23.4903	23.475	23.7125	23.2434	23.5231	23.2971	23.4564	23.4928	23.3711	23.7225	23.8357	23.7667	23.4113	23.4664	23.8049	23.936	24.0235	23.4716	23.5487	23.7597	23.9515
PROT_0416	23.406	23.4558	23.306	23.2868	23.5039	22.982	22.9233	23.3757	23.7948	23.2833	23.0246	23.4298	23.5987	22.7405	22.9971	23.527	23.0754	22.9946	23.0721	23.0739	23.1019	23.6526	22.8669	23.0086	23.3949	23.0872	23.3884	23.1519	23.0992	23.8175
PROT_0417	22.4524	21.981	22.1845	22.3639	22.1222	22.2788	22.0355	22.4748	22.3455	22.2176	22.0864	22.2946	22.2376	22.2116	22.4327	22.3807	22.3358	22.2859	22.4277	21.908	22.1721		22.1633	22.5785	22.7122	22.2992	22.8417	22.1423	21.9141	21.7777
PROT_0418	25.8705	25.6527	26.2697	26.1086	26.2281	25.9705	26.1372	26.0397	25.8192	25.8996	25.9992	25.8555	26.3436	25.8316	25.8382	26.128	25.7584	25.7341	26.0515	25.9667	25.9258	26.0186	25.9246	25.822	26.2628	26.4783	25.9534	25.8895	25.9896	26.0001
PROT_0419	23.9093	23.2732	24.1375	23.8882	23.4394	23.6597	24.0489		23.9527	23.8652	23.915	24.3734	23.9335	23.3919	23.9273	24.0094	23.5286	23.8657	24.1877	23.864	24.2734	23.726	23.7971	23.6554	24.0155	23.5357	24.358	24.0393	23.8997	24.0838
PROT_0420	30.0624	29.8249	29.7982	30.2634	29.8499	29.8943	30.4382	30.0506	29.9951	30.3205	29.7217	29.5042	29.9898		29.6562	30.1792	29.8598	29.8007	30.2998	29.9957	29.7631	29.9783	29.9378	29.9766	30.2477		29.9271	29.8892	29.5952	
PROT_0421	27.6173	27.8509	28.0284	27.8409	28.0574	28.0958	27.6543	27.7584	27.6943	27.7419	27.9298	27.7619	27.5827	27.8676	27.8203	27.7116	27.8903	27.9713	27.7554	27.7851	27.8654	27.5113	27.7907	28.1874		27.88	28.0489	27.6086	27.7188	27.6622
PROT_0422	25.8953	25.982		26.3012	26.1161	26.4787	26.2022	26.164	26.2596	26.0672	26.3104	26.3925	26.2244	26.2648	26.4276	26.3483	25.8743	26.6525	26.1359	25.9675	26.6469	26.3555	26.3874	26.5292	26.2541	26.2217	26.1978	26.0169	26.1875	26.4662
PROT_0423	21.3651	21.3149	21.5764	21.3853	21.5551	21.4739	21.0927	21.4715	21.6904	21.5495		21.0727	21.6499	21.3023	20.9312		21.1683		21.4504	21.0262	21.7411	21.2077	20.8725		21.4731	21.2411	21.2666	20.586	21.0967	21.6211
PROT_0424	20.6931	20.8296	20.7898	20.4511	21.0438	21.2358	20.9923	20.2863	20.459	21.3697	20.6119	20.9353	20.4716	20.7727	20.8034	21.0977	20.4832	20.7293	20.5115		19.8074	19.8981	20.7202	20.6844	20.8039	21.4401	20.649	20.9009	21.0577	20.942
PROT_0425	24.7994	24.9483	24.7244	24.3803	25.0391	24.7695	24.4995	24.6029	24.8962	24.6224	24.7859	24.723	24.4365	25.1147	24.543	24.7556	25.0171	24.86	24.6106	24.9353	24.9252	24.7737	25.1206	24.8598	24.5638	25.1387	24.7891	24.4751	24.4268	24.9346
PROT_0426	27.3781	27.1414	26.9267	27.1849	27.3374	27.1487	27.1456	27.467	26.9979	27.2769	26.9311	26.9821	27.1559	26.8592	27.0855	27.2952	27.5778	27.623	27.1345	27.5158	27.0678	27.458	27.2526	27.1049	27.0193	27.4969	27.0854	27.3593	27.2836	27.2147
PROT_0427	22.906	23.1622	22.7979	23.1938	23.2418	22.8429	23.0758	22.8367	23.1684	22.8168	22.9911	23.2025	23.4077	23.378	23.1322	23.3553	22.9996	23.4979	23.1847	23.1287	23.1964	23.009	23.6757	23.1687	23.0672	23.2562	22.6056	23.2063	23.3773	22.6922
PROT_0428	22.2773	22.7353	22.5036	22.5304	22.049	22.3324	22.1937	22.4895	22.4203	22.636	22.423	22.5795	22.7333	22.1719		22.5756	22.4416	22.2721	22.3092	22.4874	22.5182	22.0992	22.4436	22.3155	22.7749	22.4499	21.6951	21.9733	22.6145	22.0294
PROT_0429	22.5628	22.8459	22.7088	22.1834	23.0066	22.6588	22.9323	22.6815	22.4273	22.7556	22.154	22.4228	23.0397	22.5112	22.6514	22.6924	22.5471	22.8678	22.5143	22.2252	22.4127	22.4425	22.2705	22.2958	22.3468	23.1083		22.6845	22.8415	22.4147
PROT_0430	22.1598	22.2068	22.9613	22.1693	22.3871		22.3165	22.4889	22.1557	21.9515	22.1759	22.186	22.4342	22.6587	21.7237	22.244	22.1794	22.4075	22.301	22.6964	22.6382	22.1568	22.173	22.4945	22.0418	22.4067	22.3178	21.7972	22.4525	22.1032
PROT_0431	22.886	22.7128	22.445	22.4816	22.7889	22.4186		22.1727	22.3244	22.659	22.4792	22.2306	22.3875	22.3014	21.9417	22.8539	22.1439	22.6127	22.4297	23.0272	22.5516	22.8626	22.4393	22.5192	22.4255	22.6807	22.0481	22.2401	22.989	22.0769
PROT_0432					20.6714		20.2689	19.5751	20.5793	19.8044	20.7088	20.7329	20.3786	20.3048		20.2554	20.6622		21.3382				19.0533	20.0747	20.6888	20.3152	20.1561		19.8449	20.4526
PROT_0433	23.2475	22.7054	24.0725	24.0128	23.0708	22.9108	22.8777	22.6842	22.2875	22.6029	22.4084	22.509	22.9148	22.7542	22.3485	22.718	22.9193	22.6463	23.2776	22.8107	22.9161	22.933	22.3743	22.6589	22.7146	22.527	22.6606	23.0788	22.5624	22.6278
PROT_0434	21.544		21.5151	22.2953	21.8055	21.8122	21.9444	21.9417	21.7783	21.9709	21.3829	21.379	22.1765	22.2497	21.8007	21.7705		22.0596	22.4168	21.8962	21.6031	21.6411	21.7136	21.7184	22.1317	21.7101	22.174	21.9964	22.3369	21.4101
PROT_0435	21.7357	21.551	21.8574	21.4537	21.7022	21.6717	21.2702	21.3875	21.4441	21.914	21.3788	21.3756	22.209	22.2567	21.5727	21.9467	22.1133	21.3722	21.944	21.7249	21.699	21.641	21.6473	21.5642	22.4529	21.9181	21.1029	21.9559	21.4007	21.7457
PROT_0436	21.5814	21.3235	20.8744	21.3069	21.7361	21.2531	21.0099	21.256	20.8849	21.0883	20.7876	21.0688	21.6602	21.4483	20.8074	21.2132	21.6383	20.7751	21.2741	21.4849	20.9936	21.1988	21.2073	20.6556	21.1573	21.6578	21.4966	21.5852	21.0555	20.9836
PROT_0437		26.3573	26.5397	26.2512	26.4389	26.2376	26.3094	26.0743	26.1493	26.4249	26.0986	26.2349	26.5866	26.4896	25.8462	26.0851	26.2874	26.3357	26.7769	26.6366	26.3339	26.521	26.344	26.5604	26.5915	26.4026	26.2102	26.3347	26.1405	26.5676
PROT_0438	25.9468	25.97	26.1402	25.8431	26.0862	26.0147	25.8083	26.1619	26.453	25.8428	25.9415	26.0771	25.667	26.0511	25.469	25.6352		26.3067	25.8714	26.1377	26.074	25.9277	25.848	26.0165	25.9367	26.0686	26.1566	25.9915	25.0237	25.5649
PROT_0439		19.781	20.0708	20.2781	20.4244	20.576	20.4678		20.4664	20.8837	19.4273	20.3621	20.8476	20.1091	19.7842	19.7257	20.8603	20.5024			20.2447	20.6297	19.591	20.1714	20.1762	20.3625		20.444		21.1389
PROT_0440		22.764	22.4319	22.0276	21.9315	22.2318	22.2614	22.5687	22.8351	22.1803	22.2066	21.5478	21.67	21.8112	21.7904	22.1607	22.2814	22.1343	22.149	22.5701	22.568	22.0724	21.9058	22.3819	22.4273	22.4758	22.0121	22.2965	22.3665	21.9351
PROT_0441	22.7624	22.4276	22.1556	22.0355	22.3687	22.197	22.8345	22.7843	22.3207	22.3931	22.8851	22.5624	22.875	22.7435	22.3103	22.5211	22.5492	22.6791	22.8014	22.6926	22.6947	22.6169	22.3322	22.7884	22.8028	22.8867	22.5022	22.4663	22.8772	22.9753
PROT_0442	25.6557	25.5133	25.5336	25.6234	25.6995	25.4469	25.3984	25.4026	25.7524	25.3851	25.3887	25.5274	25.519	25.5722	25.344	25.5003	25.4668	25.6726	25.7132	25.9311	25.6104	25.5842	25.2882	25.4146	25.7231	25.6424	25.4595	25.5704	25.2385	25.7386
PROT_0443	23.0452	23.2248	23.4314	22.9647	23.3403	23.164	23.56	22.7958	23.4091	23.0837	23.0353	23.1025	23.3552	23.0172	23.2266		22.4029	22.2638	22.0402	22.0175	22.6727	21.9527	23.0677	23.4876	23.1012	23.2754	24.1533	23.8725	23.1433	23.3687
PROT_0444	25.2675	24.805	24.7667	25.0505	25.2371	25.4712	25.2088	25.1348	25.318	25.2951	25.1372	25.3936	25.4268	25.118	25.2029	25.5573	24.7361	25.3313	25.0806	25.2329	25.0541	25.3956	25.0856	25.5224	25.2411	25.1763	25.5167	25.0938	25.2706	25.4741
PROT_0445	26.4405	25.8024	26.0908	26.2908	26.0372	25.8603	26.5079	25.9016	26.1661	26.1707	26.0993	25.9548	26.0358	25.7225	26.1358	26.1828	25.9694	25.9279	26.315	26.1583	26.1487	26.1951	26.022	25.8687	26.2876	26.37	26.2329	26.2919	26.0413	26.0913
PROT_0446	22.3676	22.0675	21.979		21.99	21.2698	21.5221	21.7828	22.4466	22.3933	22.0031	21.8971	21.8953	21.9756	22.0963	21.7696	22.64	22.13	22.4606	22.3372	22.3289	21.6875	22.5858	21.9698	22.1805	22.3371		21.543		22.2142
PROT_0447	20.9578	21.6975	21.4269	21.2664	21.2699	21.397	20.4493	20.9113	21.2107	20.9386	20.8659	21.037	21.3388	21.2393	21.0485	21.555	20.9711	20.7117	20.9731	21.3547	21.4812	21.4476	21.0064	20.926	20.6753	21.3137	20.7691	20.3782	20.7039	21.0332
PROT_0448	23.705	23.437	23.4104	24.1067	23.7393	23.5887	23.6542	24.084	23.1914	23.5061	23.4315	23.57	23.7129	23.689	23.6374	23.5687	23.1654	23.5525	23.7514	23.928	23.7543	24.1059	23.2245	23.4617	23.6902	23.6413	24.1544	24.1717	24.0885	23.8491
PROT_0449	22.0468	22.2678	22.4854	22.1523	22.4088	22.8152	22.1367	22.2083	22.2792	22.1249	22.0545	21.9226	22.1589	21.9642	22.4639	22.2481	22.2977	21.743	22.2219	22.5606	22.1297	22.5176	22.0504	22.1622	22.2664	22.6721	22.2048	22.1891	22.2333	21.9636
PROT_0450	23.2755	22.6135	22.6203	23.1008	22.7938	22.621	22.4351	22.9676		22.489	22.5257	22.8395	23.1417	22.9474	22.718	22.9505	22.6306	22.6109	22.883	22.4913	22.696	23.2689	22.5502	22.7322	23.1924	22.991	23.1954	23.1926	23.5158	23.6576
PROT_0451	26.2896	26.2561	26.5672	26.5371	26.4809	27.0331	26.5143	26.3782	26.7053	26.5034	26.2126	26.5085	26.4809	26.1826	26.7339	26.3531	26.782	26.9093	26.4606	26.5741	26.7451	26.5647	26.4591	26.3113	26.677	26.4654	26.7231	26.8431	26.5399	26.6774
PROT_0452	22.0778	21.5839	21.516	21.9105	21.6793	22.0551	22.1488	21.9106	21.9626	22.0589	21.7131	22.1486	22.1911	22.0462	21.7142	22.2592	21.9544	22.143	22.0823	21.4608	21.5299	21.3129		21.7982	22.0426	21.3358	21.771	21.9929	21.8897	22.1027
PROT_0453	25.0818	25.1223	25.2026	25.2568	24.9909	24.8602	24.8352	25.147	25.2844	25.3684	25.2466	25.0449	25.182	24.9942	24.5933	24.8481	24.9005	25.3197	25.0149	25.0466	25.0845	24.9633	24.7137	25.1035	25.2983	25.3154	24.8589	25.0325	24.9773	24.7548
PROT_0454	23.3029	23.3406	23.1614	23.8554	23.435	23.5503	23.5365		23.3523	23.2337	23.3125	23.3837	23.5496	23.2218	23.5448	23.3182	23.3039	23.4626	23.193	23.3698	23.125	23.5234	22.9868	23.599	23.3231	23.6813	23.4375	23.1383	23.1149	23.218
PROT_0455	24.6247	24.9581	24.8686	25.0699	24.9014	25.0698	24.8723	24.7535	24.9385	24.5366	24.8393	24.6634	24.931	24.7386	24.5259	24.847	24.8169	24.9594	24.8396	24.7484	24.7264	25.3042	24.5937	24.6452	25.5218	25.0902	25.0791	24.905	24.8109	24.5728
PROT_0456	20.3424	20.5521	19.9387	19.613	19.8633	20.6576	20.5846	20.4673			20.8858	20.2386	19.7713	20.3066	19.9711	20.307	19.6237		20.7595	20.4832	20.6822	20.0965	20.3321		19.9888	20.0225	20.9117	20.0261	20.217	20.395
PROT_0457	23.6884	23.0919	23.2051	22.9255	22.9635	23.1714	23.2869	23.2694	22.8905	23.2181	22.8087	23.3162	23.3427	22.9135	22.8857	22.7533	23.2405	23.1823	22.9725	23.1374	23.1434	22.8995	23.2208	23.0343	23.1888	22.7647	23.0298		23.3863	23.1159
PROT_0458				17.8669				18.2487						17.9702				18.5879		17.1052	18.1856	18.2565						17.6736		17.8582
PROT_0459	24.0743	23.8942	24.3914	23.9925	24.5018	24.3962	23.9041	24.0968	24.1156	23.6735		24.6423	24.0975	23.9605	24.1726	24.1656	24.2553	24.1186	24.1959	23.9012	24.2379	23.8585	24.1503	24.421	24.1154	24.2488	24.4403	24.2726	23.882	23.9284
PROT_0460	22.897	23.069	23.5836	23.0667	23.1878	22.7947	23.1166	22.7022	23.271	23.03	22.7657	23.0848	23.0141	22.7772	22.9541	23.1314	22.9615	22.9943	22.485	22.9238	23.0807	22.4256	23.2292	23.3186	22.8529	23.0268	22.8378	22.5395	23.128	22.9752
PROT_0461	22.2414	21.8583	21.5796	21.812	22.0334	21.7982	22.1581	21.7123	21.8443	22.0416	21.952	21.8877	22.2897	21.8789	21.7225	21.8879	22.1003	21.9227		21.6785	21.8391	20.9871	21.6692	21.6951	22.007	22.2088	22.016	21.6534	21.4283	21.4398
PROT_0462	26.1961	26.2962	26.3783	26.0958	27.1336	26.3948	26.7263	26.5519	26.5965	26.6542	26.8033	26.5075	26.5867	26.651	26.7716	26.6427	26.7655	26.9422	26.8382	26.8528	26.5986	26.8247	26.5749	26.6497	27.0752	27.0532	26.6678	26.6821	26.6116	26.4171
PROT_0463	23.7494		23.3896	22.8066	23.5752	23.0589	23.6068	23.1845	23.3199	23.0513	23.181	23.3953	23.1575	23.5136	22.8119	23.0604	23.4795	23.2775	23.4273		23.3625	23.2749	23.4087	23.0851	23.3717	23.6461	23.0904	23.1642	23.5458	23.2019
PROT_0464	25.8397	25.9774	24.7887	24.7469	26.3321	25.3897	25.6702	25.7124	25.3242	25.799	25.999	25.9067	25.7597	25.5881	25.5982	25.8039	26.1313	25.6732	25.4455	25.8251	25.7599	25.6346	25.8846	25.6453	25.3426	26.1222	25.6853	25.6593	25.9986	25.8498
PROT_0465	23.5396	23.6795	23.6063	23.8285	24.296	24.2462	23.8174	23.9104	24.2857	23.7138	24.0666	23.6534	24.1465	23.9973	23.7135	23.6493	23.9166	23.7102	24.0244	23.9294	24.3219	24.2183	23.8622	24.0197	24.2483	24.0568	23.769	24.1333	24.1719	23.8745
PROT_0466	22.224	22.1948	22.1017	21.3302	21.7943	22.446		21.8227	21.9123	22.2339	21.6808	22.3655	21.8372	21.2048	22.4541	22.2624	21.7859	21.5009	22.0655	22.1448	22.0434	21.9001	21.6132	22.4206	21.7719	21.6155	22.3506	21.8698	21.6659	22.1933
PROT_0467	24.3607	23.4998	23.3629	24.3422	23.6752	23.6842	24.0473	23.8372	23.4567	23.8975	23.2468	23.63	23.8095	23.7023	23.6856	23.458	23.5792	23.9331	24.3816	23.2901	23.6548	23.502	23.5263	24.0235	24.1538	23.8729	23.6066	24.0371	23.8955	23.7075
PROT_0468	22.5193	22.3568	22.5486	22.2927	22.8167	22.2525	22.6221	22.7342	22.5419	22.5128	22.7762	22.3857	23.0357	22.4779	22.48	22.7487	22.3933	22.7907	22.359	22.3294	22.3649	22.5315	22.7623	22.5711	22.7459	22.108	22.3829	22.5194	22.5389	22.6868
PROT_0469	16.8737			18.4084			18.9854				18.4432	18.8756		19.1891		17.7543		18.0675					17.9383			18.5873				18.5413
PROT_0470	25.2855	24.9476	25.1821	25.2311	25.368	25.2826	25.6977	25.3433	25.4165	25.0893	25.8238	25.5063	25.3083	25.4746	25.1421	25.4579	25.0053	25.5145	25.3955	25.3837	25.6319	25.5863	25.2842	25.4863	25.5933	25.4204	25.6902	25.6363	25.0808	25.2118
PROT_0471	26.6088	26.7126	26.9391	26.8777	27.0411	26.9705	26.7562	26.8237	26.9977	27.2011	26.5677	26.5393	26.9484	26.9179	26.7408	26.9123	26.7269	26.8885	26.7187	27.032	27.0268	26.8897	26.8849	26.5598	26.6407	27.124	26.7471	26.9139	26.6737	27.0271
PROT_0472	27.5348	27.3554	27.5971	27.5878	27.9087	27.7335	27.3408	27.4862	27.4769	27.5028	27.4652	27.3311	27.4745	27.7033	27.3693	27.5414	27.5081	27.4807	27.8107	27.4093	27.3691	27.504	27.2113	27.7205	27.7569	27.9521	27.4555	27.5794	27.47	27.7558
PROT_0473	21.8343	21.696	22.0875	21.6507	21.813		21.8687	22.1017	21.2673	21.8999	21.714	21.6606	21.3652	21.854	22.2555	21.6285	21.7143	22.2475	21.8761	21.912	22.0073	22.0857	21.7852	21.5533	21.8597	22.1515	21.8071	21.9998	22.1322	21.786
PROT_0474	25.7061	26.0246	25.5201	25.4071	26.0453	25.6559	25.5634	25.584	25.4965	25.5644	25.7969	25.8912	25.3712	25.4423	25.5773	25.357	25.4616	25.6011	25.4078	25.929	25.6738	25.3877	25.2866	25.5083	25.5351	25.8207	25.6085	25.5326	25.7437	25.9581
PROT_0475	18.9531	19.9318	19.7208		19.8436	20.2817	19.7393		19.7548	19.2726	18.7968	19.5801		19.3446			18.5646	20.1352	19.5283	19.0009	19.4437	18.8375		20.2362	19.3675	19.9475	19.7247			19.8746
PROT_0476	26.0745	25.9596	26.4635	26.4697	26.2958	25.859	26.2031	26.031	26.1338	26.105	24.9933	25.0647	26.2344	25.9763	25.8123	26.0742	26.1004	26.0455	25.9149	26.1746	26.0312	26.1489	25.5481	25.7855	25.8061	26.1364	26.0881	26.2678	25.8625	25.8521
PROT_0477	22.8433	22.8883	22.8735	23.0733	23.1293	23.2939	23.1327	22.9645	23.1767	22.8594	22.9116	23.6592	23.0364	23.4787	22.6754	22.912	23.5208	23.4563	22.9552	23.4404	23.4354	23.0025	22.5565	22.9672	22.7853	23.2553	22.792	23.007	22.2838	22.9651
PROT_0478		26.4389	26.8848	26.3993	26.6996	26.7432	26.3835	26.6353	26.6666	26.1298	26.4973	26.8813	26.5111	26.7243	26.3074	26.4834	26.6649	26.7494	25.9555	26.3372	27.0725	26.4655	26.8129	26.6813	26.3054	26.4256	26.7317	26.2742	26.7237	26.7345
PROT_0479	24.7366	24.8444	24.862	24.6602	25.5252	24.3122	24.3348	24.8149	24.7968	24.7397	24.9246	24.8214	24.7986	24.9642	24.7377	24.7009	24.9912	24.8907	24.5733	25.1366	25.161	24.5282	24.9389	25.0223	24.82	25.1325	24.9552	24.6197	25.1217	24.8888
PROT_0480	21.2725	21.2772			21.1321	20.7734	21.2581	21.2329	21.7247	20.949	20.7427	20.6663	20.8679	21.1546	20.6696	20.7879	20.8243	20.9212	21.0357	21.0656	21.2334	20.4599	20.5794	21.3515	21.2581	21.1395	21.0749	20.5835		21.1199
PROT_0481	22.6605	22.2704	22.6603		22.0686	22.3042	22.8205	22.5492	22.2861	22.5186	22.1319	22.4712	22.336	21.8915	22.8794	22.3865	22.1913	22.5729	22.4461	22.4186	22.534	22.0265	22.0509	22.2534	22.327	22.2184	22.7677	22.1367	22.9201	22.6613
PROT_0482	22.6797	22.2001	22.2248	22.0439	21.694	21.9798	22.3151	21.4366	22.2803	21.9765	21.2914	22.3869	21.9433	21.657	22.2129	22.1659	21.5612	22.097	22.3386	21.7359	21.9974	22.3487	21.4888	22.1499	21.6082		22.0282	22.1849	21.9705	21.6895
PROT_0483	24.3781	24.4637	24.5391	24.6496	24.5641	24.4171	24.8377	24.1563	24.4284	24.6171	24.3921	24.328	24.4638	24.2545	24.3036	24.2926	24.3437	24.6576		24.2326	24.3421	24.3067	24.2525	24.3257	24.4917	24.7165	23.1623	23.5178	24.617	24.5136
PROT_0484	25.9995	25.8839	26.017	25.8622		26.0317	26.0185	25.8661	25.8381	26.0411	25.5633	25.7628	26.2567	25.9226	26.0767	26.1161	25.5609	26.2334	26.0933	26.1801	25.9736	25.9341	26.063	25.8714	26.2648	26.1193	25.8376	26.0477	25.8564	25.6216
PROT_0485		18.5339	18.8909	19.402			18.8216			19.4958	19.6525	18.8613		18.6949	18.7943		18.9446	18.7436	18.9382	18.5736	18.7873					19.5744			19.4696	18.8734
PROT_0486	21.1041	21.4357	21.4467	21.0003	21.6098	21.3689	21.2602	21.3348	21.5137	21.4809	21.2748	20.8879	21.6262	21.0433	20.9481	20.7278	21.2388	21.3932		21.2679	20.2613	19.9567	20.4291	21.2002	21.1592	21.2654	20.9866	21.3868	21.2144	21.2219
PROT_0487	23.9679	24.1204	24.3779	23.9175	24.1853	24.1936	23.8999	23.8396	24.1166	23.9778	23.6462	24.0563	24.1193	23.9483	24.9184	25.2384	23.7232	24.2729	24.1951	24.1492	24.3553	23.7108	23.5881	24.369	24.3912	24.012	24.3314	24.0338	24.3168	24.3564
PROT_0488		21.6736	21.2085	21.7056	22.976	22.4839	21.4349		21.7375	21.7413	21.5476	21.2814	22.0324	21.1592	20.936	20.7839	21.2681			21.4604	21.3682	21.535	21.6118	21.7393	21.7926	21.4851	21.1	21.2559	21.2251	21.8688
PROT_0489	22.6051	23.0355	22.4019	22.1281	23.1687	22.5524	21.856	21.7437	21.7131	21.8932	22.2773	22.6266	22.5493	22.1652	22.6168	22.5359	22.6066	22.5479	22.4764	22.476	22.6462	22.348	22.6862	22.5369	22.2624	23.1583	22.3463	22.1342	22.9311	22.7002
PROT_0490	22.925	22.7759	22.7111	22.8844	22.9162	23.0196	22.8164	22.7882	23.0634	22.6416	23.5822	24.0419	23.14	22.5029		22.861	22.9252	23.0033	23.2533	23.041	23.2372	22.9176	22.7931	22.6273	22.8143	23.1629	22.9768	22.8762	23.435	23.1488
PROT_0491	23.7577	23.5905	23.6306	23.4098	23.6948	23.458	23.4048	23.5293	23.4566	23.5576	23.237	23.5784	23.8456	23.5542	23.4289	23.335		23.8639	23.6701	23.8665	23.3876	23.4723	23.5006	23.5709	24.0193	23.6818	23.8931	23.6779	23.2845	23.3938
PROT_0492	24.5161	24.4956	24.7084	24.3309	24.6095		24.4565	24.4995	24.4603	24.2034	24.619	24.7815	24.6104	24.0835	24.5308	24.2543	24.6253	24.5271	24.6487	24.5787	25.0151	24.2469	24.2778	24.8252	24.1928	24.8424	24.472	24.3746	24.742	24.6945
PROT_0493	22.688	23.3794	22.9588		22.9186	23.2085	22.3417	22.9962	22.8971	22.9419	22.7361	22.6966	23.1006	22.2717	22.9803	22.6151	22.7943	23.3167	22.3611	23.0086	22.9681	22.6828	23.0358	22.8173	22.9015	22.7137	22.1449	22.7942	22.6798	22.8131
PROT_0494	23.9207	24.3023	24.5645	23.8162	24.4717	24.4119	24.286	24.1213	24.241	23.9767	24.3007	24.6624	24.3139	24.0269	24.5099	23.9678	24.3248	24.3256	23.8218	23.8685	24.1949	23.9598	23.9759	24.7609	24.3042	24.2396	24.7916	23.9618	24.3628	24.4364
PROT_0495	19.7611		20.0924	19.4647	20.191	19.4048		20.0911	20.1224	19.9125	20.1643	19.6927	19.9855		19.6853		20.2895	19.7855	19.7398	20.3227	19.6985	20.0438	19.6487	20.6901	20.0487	19.8775	19.6909			20.1652
PROT_0496	22.0844	21.7638	22.0927	21.8864	22.1101	22.1492	21.8917	21.8415	22.3589	21.8446	22.3904	22.0906	22.142	21.8713	21.9496	22.1849	22.0793	22.1251	21.6911	22.2383	21.9276	21.9678	21.6423	22.1738	22.0078	21.6289		21.6923	21.876	22.2617
PROT_0497	21.5799	21.5342	21.4229	21.097	21.3461	21.5379	21.7764		21.452	21.6212	20.6914		21.3955	21.6502	21.5818	21.4014	21.1676	21.5189		21.125	20.6549	21.3843	21.1181	21.3332	21.5559	21.7723	22.175	21.7259	21.2176	21.0701
PROT_0498	25.7452	25.4997	25.5439	25.587	25.6443		25.4965	25.9348	25.6589	25.5236	25.5226	25.3062	25.3619	25.4654	25.2521	25.3697	25.2182	25.637	25.3133	25.6647	25.5797	24.9453	25.4963	25.713	25.8026	25.6994	25.2571	25.2286	25.4493	25.3491
PROT_0499	22.1145	22.3113	22.3438	22.3067	22.9782	22.5371	22.1016	22.3184	22.1284	22.4973	22.3718	22.4152	21.8028	22.4885	22.1526	22.6312	22.4451	22.1657	22.4521	23.1274	21.979	22.8904	22.2997	22.2068	22.3949	22.8834	22.3938	22.6411	22.5018	22.2892
PROT_0500	24.2719	24.4524	24.4201	24.5986	24.609	24.4361	23.9908	24.4057	24.475	24.5051	24.458	24.2664	24.2018	24.1522	24.1065	24.2053	24.4022	24.6603	24.0502	24.5119	24.6928	24.3442	24.0903	24.7146	24.5323	24.739	24.3095	24.2579	24.2243	24.6147
PROT_0501						18.5218	18.2965						17.5854		17.1563			18.1491		17.9741							17.5913	17.7821		
PROT_0502	19.475	19.8057	19.0393		20.0363		19.2101	19.839	18.9557	19.8866		18.772		19.2407		19.3942	19.5315			20.0513		19.4292			19.74	20.4224	19.9316		19.9805	19.5899
PROT_0503	18.9506		19.2111	19.6463		18.9578	19.5849		18.4091	19.5387			19.3764				19.3224	19.3195	19.139	19.2477		19.8279		18.7174	18.8792	19.3312			18.9092	19.0791
PROT_0504	24.3127	24.5333	24.7702	24.2932	24.0967	24.4477	24.3878	24.3378	24.7054	24.2807	24.448		24.595	24.262	24.5165	24.2921	24.4039	24.9063		24.1157	24.7236	24.2542	24.2108	24.5806	24.1008	24.356	24.3148	24.3161	24.2736	24.3609
PROT_0505	21.0524	21.374	21.2332		21.3582		20.872	21.3878	20.8571	21.4979	21.0647	20.7533	20.9562	21.0858	21.1075	21.0191	20.9896	21.2292	21.2292	21.2406	21.2521	21.0535	20.6229	21.3587		21.0066		19.6193	19.8632	
PROT_0506	23.6477	24.1164	23.9521	23.8328	24.2132	23.9977	23.8328	23.8849	24.0813	24.229	23.7982	24.2127	24.4153	24.0411	23.9529	23.9771	24.2321	24.1144	23.8859	24.08	24.0049	23.8256	23.8015	24.4016	24.314	24.3043	23.9355	23.9359	24.2681	23.9816
PROT_0507	20.5276	20.8751	20.7759	21.4266	21.7078	20.4848	21.1947	20.9564	20.5333	20.1958	20.6773	20.5439	20.4733	20.9995	20.3497	20.4365	20.6441		21.0723	21.2922	20.6391	20.4332	21.0364	20.8038	20.1671		20.9671	20.8071	20.7597	19.5571
PROT_0508	23.3263		23.6848	23.4878	23.3128	23.4267	23.3653	23.4111	23.667	23.7347	23.3229	23.4148	23.2894	23.4721	23.521	23.258	23.2538	23.5128	23.6012	23.4251	23.703	23.7476	23.2628	23.576	23.4204	23.3732	23.3585	23.4783	23.5937	23.6554
PROT_0509	22.2816	21.9188	21.8834	22.0784	22.298	21.5191	21.3077	22.0425	21.5105	21.4377	21.8142	21.4422	21.7934	22.6157	21.3012	21.6477	21.8539	22.0321	21.5598	22.6386	22.337	21.8669	21.8258	21.3958	21.9909	22.3571	21.7526	21.6586	22.058	21.5373
PROT_0510	19.9232	19.9816		19.0752	19.1146		19.8218	18.8567	19.3794	19.7215	19.0011	19.8952	19.5872	19.0757	18.6902	19.4562		19.0998	19.2552		20.5121		19.8805	19.7127	19.2729		19.8701	19.1079	19.2367	
PROT_0511	24.7393	24.6455	25.0097	24.5341	25.3359	24.9529	24.6043	25.261	25.2211	24.5934	24.9963	24.7681	24.8669	24.8636	24.6542	24.9013	24.935	24.888	25.077	24.7736	24.9213	24.9358	24.6989	24.9128	24.6924	25.072	24.8879	24.7431	24.6922	24.9618
PROT_0512		23.5026	23.4067	23.6744	23.7016	23.68	23.7195	23.9234	23.48	24.0038	23.677	23.4126	24.0676	23.4951	23.0428	23.2121	23.6831	23.9209	23.96	23.7619	23.5655	23.6263	23.6559	23.4456	23.8209	23.5218	23.774	23.7222	23.2869	23.6654
PROT_0513	23.9992	23.8173	24.2432	23.617	23.8453	23.9815	23.6499	24.0317	23.8559	23.7393	24.0237	23.825	23.8238	24.013	23.6554	23.9159	23.9829	24.4111	23.5195	24.1618	23.9427	23.5537	23.5984	23.924	23.7662	23.9556	24.275	23.2781	23.8142	23.513
PROT_0514	23.6579	23.7651	24.0502	24.3203	24.0958	24.0069	24.2836	24.4164	24.4146	23.7983	24.0011	24.1618	24.4467	24.1439	24.0275	24.163	24.1806	24.0129	23.8845	24.3675	24.2656	24.2024	23.8542	23.9682	24.1248	24.2736	24.0748		24.3161	24.2173
PROT_0515	22.053	21.5685	21.9586	21.995		21.3795	21.5076	22.2128	21.1528	21.8518			21.2389	21.5396	21.149	21.2244	21.5068	21.4752	21.5076		21.7968	21.7814	21.8184	21.4984	21.6213	21.7484	21.6183	21.5831	22.1288	
PROT_0516	23.5095	23.3489	23.1718	23.3161	23.3055	23.314	23.0635	23.2104	23.0157	22.8992		23.2987	22.9549	23.5595	23.2819	23.415	23.4004	23.3909	23.1568	23.4287	23.7836	23.3535	23.0578	23.1152	23.3637	23.3479	22.9345	23.0307	23.2947	23.3025
PROT_0517	21.2879	21.3371	21.3502	21.2679	21.3375		21.3797	21.2946	21.3872	21.2268	21.0757	20.4184	21.5414	20.6072	20.546	20.8842	20.7599	21.2322	21.1825	20.9098	21.4085	20.3994	21.4326	20.5334	21.9216	21.5609	21.3155	21.0	20.8912	21.0489
PROT_0518	24.5113	24.4232	24.1458	24.0794	24.5744	24.4794	24.4459	24.3307	24.0035	23.949	24.203	24.2035	24.4684	24.2348	24.1963	24.546	24.466	25.0029	24.6191	24.479	24.1137	24.1285	24.2741	24.0095	24.397	24.522	24.4071	24.5605	24.8321	24.4632
PROT_0519	18.9015		19.3234	18.9746	19.089	20.0888	19.0324		19.6127	18.9864					19.5833			18.3656		19.4725		18.994	18.6512	20.812	20.0357		19.6504	20.1048	19.0782	
PROT_0520	27.7193	27.7467	28.0689	27.9469	27.9112	28.081	27.841	27.6872	28.0795	28.0801	27.5402	27.9756	27.8012	27.8222	27.8491	27.7439	27.654	27.8434	27.5666	27.8383	27.9518	27.928	27.6984	27.9371	28.1182	27.9478	27.6189	27.5519	27.7818	27.9936
PROT_0521	24.7977	24.301	24.5775	24.4015	24.5089	24.2156	24.7195	24.595	24.3492	24.4823	24.4501	24.4394	24.6761	24.156	24.1258	24.334	23.8718	24.1376	24.3938	24.6204	24.5715	24.6027	24.1119	24.1289	24.3377	24.6532	24.5953	24.5743	24.3405	24.2642
PROT_0522	23.925	23.8591	23.4109	24.1876	23.8323	24.0014	24.8002	24.5103	24.7186	24.7436	23.6713	23.9141	24.0457	23.5641	23.607		23.9648	23.75	24.3937	23.6891	24.3626	24.5646	23.8813	23.6582	23.9695	23.8391	24.0818	24.1911	23.7172	23.9624
PROT_0523	20.8232	20.0283	20.786	20.9456		20.4997	20.9936	20.381	20.602	20.5165		20.4515	20.57	20.0428		20.4675	20.5661	20.6148	21.1323	20.4604	20.6021	20.5376	20.504	20.7209		20.6648	20.2235	20.0585	20.5941	20.7198
PROT_0524	27.4824	27.3123	27.4441	27.5868	27.4681	27.6791	26.6172	26.7114	27.4933	27.579	27.3404	27.574	27.4015	27.5912	27.2295	27.552	27.3695	27.5053	27.5615	27.1603	27.69	27.4067	27.2296	27.585	27.4527	27.5009	27.4128	27.5049	27.4304	27.4589
PROT_0525	24.3344	24.5447	24.5008	24.5317	24.7577	24.3731	24.8464	24.975	24.6398	24.375	24.4864	24.4977	24.3203	24.6507	24.5994	24.5316	24.4702	24.593	24.5651	24.3347	24.8296	24.2813	24.1847	24.4753	24.4886	24.3667	24.4375	24.2835	24.6248	24.8972
PROT_0526	25.6773	25.2195	25.4731	25.3439	25.8909	25.3773	25.1996	25.2298	25.5379	25.3163	25.3812	25.4149	25.3563	25.2481	25.3311	25.3372	25.3409	25.5091	25.3889	25.3305	25.5681	25.3411	25.2855	25.2184	25.5506	25.5097	25.3559	25.467	24.8402	25.0402
PROT_0527	24.5528	24.6514	24.9074	24.9557	25.5714	25.4847	24.8324	24.4108	24.6335	24.4773	24.5627	24.3687	24.6785	24.739	25.2709	25.8465	24.7895	24.5984	24.6455	24.3849	24.6747	24.6378	24.8009	24.8532	26.1629	25.8252	24.8948	25.0293	24.6567	24.4566
PROT_0528	24.6884	24.6504	24.8679	24.4035	24.7984	25.2537	24.1707	23.9907	25.1032	24.68	24.733	25.065	25.1269	24.5286	24.8261	24.4727	24.5247	25.2247	24.6716	24.8117	24.9739	24.7041	24.69	24.6871	24.6327	24.8723	25.0565	24.5129	24.6272	24.7859
PROT_0529	26.7856	26.5398	26.7539	26.7553	26.6223	26.4932	26.5577	26.5931	26.7323	26.4938	26.3163	26.6768	26.692	26.6012	26.3996	26.6019	26.0909	26.7406	26.8358		26.7288	26.5966	26.1881	26.8041	26.8118	26.6105	26.6941	26.4931	26.1679	26.7227
PROT_0530	23.0756	23.0958	22.8893	22.9342	23.0215	22.7753	23.1352	23.1794	22.8395	22.8588	22.9854	22.6901	22.808	23.336	22.948	23.1238	22.563	23.0594	22.9195	23.2118	23.0938	22.7557	22.3743	23.0365	23.0543	23.2108	22.7034	22.9883	22.9741	23.231
PROT_0531	24.164	24.3404	24.4122	24.2118	24.5447	24.5569	23.9296	24.3537	24.5049	24.4329	23.6904	24.4832	23.8948	24.1001	24.3114	23.9758	23.9611	24.3255	23.3409	23.4409	24.2998	23.966	23.8153	24.1425	24.0374	23.9497	24.1848	24.1214	24.185	24.273
PROT_0532	22.3333	22.937	22.6194	22.4475	22.9617	22.6763	22.7699	22.458	22.519	22.5008	22.5865	22.8436	22.8096	22.5538	23.0869	22.6303	22.6197	22.6123	22.6384	22.6376	22.755	22.3628	22.6732	23.2573		22.8275	22.5136	23.0176	22.7527	23.4911
PROT_0533	23.2161	23.4373	23.6413	23.0946	23.5002	23.4108	22.9139		23.7855	22.9329	23.4301	23.6761	22.4029	23.2782	23.1802	23.3334	22.7702	23.651	22.9709	23.4646		22.9019	23.1523	23.1181	23.0833	23.3591	23.4685	23.1801	23.7039	23.5255
PROT_0534	25.695	25.6516	25.7216	25.5986	25.6796	25.7208	25.2729	25.7341	25.7418	25.485	25.7078	25.4814	25.5374	25.6151	25.4032	25.6643	25.7275	25.7507	25.487	25.9038	25.5497	25.8712	25.6458	25.4999	25.453	25.8786	25.6026	25.509	25.7862	25.5001
PROT_0535	26.7269	26.7168	26.68	26.6947	26.5506	26.5523	26.9751	26.9054	26.9701	26.7708	26.692	26.8572	27.0583	26.5992	26.6244	26.5444	26.3865	26.8501	27.1864	26.8738	26.7298	26.8965	26.6936	26.7141	26.5961	26.7397	26.8904	26.8294	26.6949	26.6494
PROT_0536	24.9879	25.0719	24.9364	25.3156	25.4209	24.8475	25.0308	25.2432	25.2442	25.3427	25.0577	25.4353	25.1978		24.8678	25.2094	24.9542	25.3846	25.1335	25.3758	25.1249	25.121	25.0654	25.097	25.0779	25.3255	25.0879	25.1256	24.7	24.7814
PROT_0537	26.5752	26.4064	26.9405	26.6125	26.5275	26.8023	26.8213	26.4137	26.8403	26.7113	26.543	26.8405	26.7757	26.4626	26.8834	26.9023	26.279	27.1004	26.7983	26.521	26.7262	27.1822	26.4423	26.7816	26.8445	26.9533	26.7443	26.5556	26.5449	27.0245
PROT_0538	24.264	24.5776	24.2027	24.1473	24.482	24.0965	24.2924	24.0364	23.9137	24.3304	24.3988	24.2482	24.7916	24.2152	24.1147	24.4292	24.6167	24.3251	24.3616	24.5804	24.1962	24.1548	24.1706	24.2401	24.6301	24.5031	24.169	24.2414	24.2424	24.4234
PROT_0539	20.7235	20.2438	20.1927	20.2288	20.7557	20.7499	20.3973	20.7863	20.9413		20.4747	21.0026	20.3512	20.2255	20.4629	21.057	20.732	20.3864		20.7833	20.4926	21.0772	19.9342	20.6448	20.2165	21.4197	20.9339		20.6641	21.0158
PROT_0540																									16.1609					
PROT_0541	21.9964	22.2947	22.3408	21.9009	21.99	22.4895	22.4493	21.666	21.9085	22.8302	22.0345	22.1787	22.279	21.9354	22.1869	22.1177	22.1625	21.8304	21.866	21.8593	22.3194	22.1233	21.7324	21.9882	22.2237	22.1857	22.1055	22.1091	22.0163	22.3347
PROT_0542			20.6805	19.7583	20.2868		20.1695	20.5649	19.6137	20.5614	20.4077		19.7827	20.7562	20.0856	19.9474	19.5775	19.9055	20.0206	20.4058	20.108	20.2037	19.5492	20.44		20.2966	19.8927		19.518	19.9226
PROT_0543		17.7729	18.2498	17.2124								18.9985		18.2692		17.6083		18.9846		18.4527	19.4968	18.6889		18.4404		20.0189			18.5739	18.0221
PROT_0544	25.2618	25.3926	25.6856	25.4764	26.0674	25.7433	25.2724	25.5766	25.7352	25.5393	25.266	25.464	25.5655	25.5882	25.7544	25.6959	25.426	25.5363	25.2179	25.6745	25.3018	25.0618	25.5277	25.7411	25.6605	25.953	25.6475	24.9754	25.5391	25.5128
PROT_0545	23.8493	24.1175	24.4261	24.3931	24.3611	24.2156	24.1508	24.3877	24.2397	24.1319	24.0121	24.0553	24.74	24.3345	24.4019	24.418	24.3232	24.2813	24.0756	24.3432	24.4809	24.5482	24.7014	24.3713	24.4945	24.7798	24.1352	24.3193	24.4738	24.3812
PROT_0546	21.6669	21.8991	22.0021	21.956	21.7353	21.6174	21.8558	21.7002	22.455	21.3998	21.836	21.7739	21.591	21.5428	21.3142	21.7905	21.8544	21.638	22.0219	21.51	21.6958	21.7484	21.5678	21.7563	21.6603	22.1255		22.4702	21.652	21.7355
PROT_0547																			17.6304				18.0808							
PROT_0548	21.417		20.8988	21.3328	21.3296	21.1554	20.8893	21.0041	21.1561	20.9416	20.9311	20.8344	21.3634	21.1431	20.9388	21.8773	20.9822		21.0333	20.7992	20.7277	20.0899	20.9385	20.8046	20.7897	21.1786	21.1376		21.2455	20.5191
PROT_0549		18.5881		18.726	18.1903			18.2487			18.189				18.9177		18.0304				18.5559	18.6237	18.1218				18.1785	18.7968		18.6149
PROT_0550	25.9871	25.7893	25.5498	25.3885	25.8171	25.7344	25.5066	25.8945	25.7094	25.5239	25.2023		25.6585	25.5734	25.9055	25.2338	25.4318	25.4479	25.2152	25.4962	25.5847	25.4993	25.6489	25.603	25.5438	25.46	25.6034	25.4434	25.3405	25.5318
PROT_0551	22.2228	22.7134	22.2155	22.238	21.2168	21.0829	22.4566	22.7042	22.3277	22.6434	22.6586		21.6716	21.8419	22.1792	22.2871	22.4007	22.5508	22.2017	22.9778	22.3989	22.4912	22.6299	22.2179	22.6193	22.7237	22.3119		22.3539	22.59
PROT_0552	26.2719	25.7253	26.2966	26.1491	25.6915	26.1827	26.1416	26.3085	25.9251	26.2995	26.085	26.0665		26.1152	25.9678	26.1939	26.3773	26.3695	26.2926	26.2044	26.2271	26.141	25.9709	25.9488	26.0305	26.002	26.1298		26.0914	26.1501
PROT_0553											17.2799																			17.2566
PROT_0554	18.2697		19.3851			19.0871		18.138	17.7469	18.4842	18.2669	18.2519			18.8527	19.5557		19.7742		18.6659	19.3124			19.5664				18.1696	18.5006	
PROT_0555	24.578	24.285	24.3097	24.3911	24.2149	24.1633	24.3154	24.4312	24.281	24.6941	24.3366	24.7462	24.4389	24.4167	24.2605	24.4376	24.3295	24.4158	24.2363		24.3616	24.4024	24.4361	23.669	24.5845	24.6819	24.4659	24.0286	24.2326	24.2364
PROT_0556	24.3864	24.2527	24.3273	24.42	24.5392	24.3108	24.4086	24.596	24.4902	24.536	24.1284	24.5181	24.7229	24.4248	24.6649	24.4325	24.332	24.4199	24.3947	24.3112	24.4129	24.4429	24.4575	24.3781	24.4377	24.2295	24.0749	24.6603	24.7658	24.4079
PROT_0557	20.8853	20.6437	20.4869	20.0738	20.434	20.7099	20.3369	21.2422	20.8542	20.4123	20.3001	20.2894	21.1093	20.6963	20.4176	20.7425		20.6381	21.0811	20.1978	21.1694	20.9747		20.9901	20.726	20.6458	20.5628	21.0062	20.0415	20.2852
PROT_0558	19.9736		20.611	19.662		20.1605	19.9513	19.8956	20.6724	20.6586	20.3341	19.895	19.7799	21.2351	20.1549	19.3056	19.3546	19.3967	20.6677	20.2141	20.2478	20.5196	19.9008	19.904	20.4094	20.8783	20.0069	19.6961	19.9014	20.4091
PROT_0559	23.604	23.936	23.7687	23.6537	24.1623	23.5145	23.7415	23.6238	24.0229	23.5356	23.7118	24.109	23.8108	23.7266	24.0466	23.9182	23.7799	23.7899	23.9119	23.5236	23.9796	23.328	24.027	24.0806	23.8017	24.0057	23.8777	23.7901	23.6804	23.8351
PROT_0560	22.388	21.9465	22.3735	22.724	22.2458	22.0772	22.1344	21.5536	22.2589	22.6107	22.3287	21.9249	22.3913	22.1898	21.9472	22.0621	22.4188	22.1239	22.7111	21.5805	22.1372	22.1777	21.9205	22.2461	22.4791	22.407	22.206	22.4099	21.8558	22.4802
PROT_0561	20.6092	20.9849	21.242	21.1654	21.678	21.1556	21.3002	21.476	21.2762	21.5674	21.1962	21.2237	21.1749	21.0993	20.5154	20.5978	21.0163	21.1765	20.8778	21.2929	21.05	20.725	20.8644	21.1826	20.9749	21.6851	22.2426	21.6381	21.6826	21.6368
PROT_0562		20.613	21.0952	20.3825			21.0859	20.6701	20.8528	20.8425	20.5728		20.8619	20.5073	20.7353		20.3857	20.7754	20.5548	20.6695	21.0446		20.7686	20.6409	21.1195	20.7376	20.2852	20.0263	21.2888	20.9049
PROT_0563	24.7809	24.4724	24.4681	24.5647	24.6987	24.7483	24.1855	24.4907	24.6276	24.28	25.3318	24.9829	24.5971	24.375	24.6019	24.2086	24.708	24.3925	24.5859	24.4875	24.513	24.4446	24.5995	24.7582	24.7629	24.854	24.3504	24.0902	24.6121	24.595
PROT_0564	25.0186	25.0738	25.272	24.9366	24.7839	24.7479	24.9373	24.9323	25.0299	24.9344	24.8755	24.6966	25.2027		24.8108	24.9087	24.956	25.4876	24.6071	24.8732	25.2294		24.944		25.1967	25.2762	25.078	25.014	25.0757	24.8995
PROT_0565	25.9995	25.6909	25.7173	25.7106	25.5687	25.763	25.6372	25.5735	25.8084	25.6018	25.7684	25.735	26.0875	25.7648	25.931	25.7294	25.5143	26.0079	25.7775	25.6833	25.8594	25.9314	25.5927	25.6011	25.9444	25.9356	25.7778	26.0292	25.5289	25.8471
PROT_0566	25.1776	25.4109	25.5362	25.357	25.9505	25.9503	25.3909	25.4766	25.4014	25.7014	25.6014	25.7496	25.8538	25.3148	25.6898	25.4931	25.4294	25.8305	25.4886	25.6051	25.592	25.6604	25.29	25.9257	25.3961	25.372	25.2808	25.2881	25.3395	25.609
PROT_0567	20.0846	20.1597	20.5267		20.1669	20.8395	20.588	19.7175	20.0075	19.7731		20.6382	19.641	20.5311	20.6901	20.823	21.0926	20.5599	20.3145	20.6065	19.9416	19.9134	19.8341		20.5378	20.2162	20.2069	19.9901	20.9474	20.3005
PROT_0568	22.0768	21.6953	21.9813	22.0205		21.604	21.3759	22.0296	21.4931	22.6326	22.1108	21.7095	21.8177	22.5485	21.7222	21.3513	21.9015		21.7069	22.0331	21.9598	21.5543	21.4384	21.8926	22.4082	22.0738	22.0323	21.756	21.948	22.0954
PROT_0569	25.9347	26.2995	26.2017	25.9393	26.7181	26.1919	25.9681	26.0538	26.2496	26.1453	26.1449		25.4422	25.6427	26.1944	25.8051	26.2824	25.9514	26.0761	26.4355	26.645	26.1029	26.2872	26.2046	26.2294		26.2603	26.2929	26.3185	26.0677
PROT_0570	20.3465	20.1974	21.0495	19.8017	20.8142		19.9372	20.2479	20.2496	19.7721	19.9956	21.0278	20.1272	20.1916	20.3199	20.1471	20.0898	20.4846	19.8238	20.2275	20.7788	19.7584	19.482	20.7045	20.351	20.1036	20.6697	19.7839	20.6173	20.1764
PROT_0571	23.9043	23.955	23.7302	23.8028	23.8527	23.9014	23.9207	23.8197	23.7869	23.5404	24.11	24.0024	23.8101	23.8782	23.4839	23.5266	23.4736	23.6973	23.9663	23.8394	23.6933	23.6763	23.308	23.2971	23.6832	23.8402	23.767	23.4784	23.5579	23.8687
PROT_0572	23.7654	23.6212	24.3344	23.9706		24.2276	23.8344	23.8078	24.0669	24.0392	24.0243	24.1035	22.9253	22.8327	23.2257	23.0623	23.9198	23.8068	23.9024	24.043	23.8344	23.8464	23.9433	23.9454	24.1515	24.018	23.8532	23.7286	23.9261	23.8765
PROT_0573	21.2	21.0811	21.5495	21.1856	21.288	21.2442	21.0698	21.2902	21.0844	21.0163	21.341	21.4498	20.3634	20.3399	21.0385	20.5432	21.7482			20.8486	21.0123	21.4367	20.799	21.2498	20.9305	21.8281	21.7246	21.4002	21.2039	21.2521
PROT_0574	23.0391	23.2068	23.6916	23.1458	23.5045	23.3096	23.3642	22.8262	23.5405	23.1804	22.7755	23.1113	23.3137	23.3172	22.6876	23.0293	23.7793	23.3672	22.7548	23.0971	22.9181	23.4009	22.8739	23.1135	22.8321	22.7125	23.1684	23.046	23.1737	23.4389
PROT_0575	25.0701	25.3531	25.4299	25.4529	25.4743	25.1799	25.2783	25.4495	25.1537	25.5805	25.4847	25.1646	25.4969	25.2525	25.3744	25.1244	25.3334	25.5475	25.3258	25.6909	25.301		25.1159	25.5311	25.5748	25.5105	25.3335	25.4965	25.2548	25.1558
PROT_0576	27.4633	27.2754	27.5576	27.4478	27.7192	27.4123	27.2763	27.2541	27.5445	27.5023	27.3814	27.2009	27.5738	27.2987	27.2144	27.7004	27.4902	27.8027	27.4512	27.4588	27.3389	27.4849	27.551	27.8299	27.3627	27.674	27.3528	27.1238	27.5279	27.4897
PROT_0577	22.1889	21.6131	21.5528	21.5456	22.1754	21.4513	21.6005	21.5354	21.711	21.5609	22.2105	21.8447	21.3887	21.3838	21.8064	22.0183	21.8365	21.6977	21.9095	21.71	22.2402	21.8748	21.8422	21.469	22.1657	21.8551	21.6661	21.6224	21.3214	21.8951
PROT_0578	22.2403	21.8002		21.8031	21.5815	21.9806	21.4325	21.9932	21.7799		22.072	21.7668	22.249	21.7195	21.7006	21.8825	22.0962		21.3663	22.3613	21.9853	21.4817	22.0942	22.0632	21.8849	22.3075		21.9939	22.3591	21.8112
PROT_0579	23.2981	23.7723	23.4128	23.5327	23.5182	23.4934	23.0416	23.728	23.5359	23.5435	23.626	23.6467	23.3539	23.4769	23.5954	23.6666	23.5725	23.9076	23.4774	23.7635	23.479	23.2749	23.7427	23.6313	23.5148	24.1858	23.5526	23.4217	23.9203	23.5857
PROT_0580	18.4461	19.3198	19.2541	19.3281							19.0281	20.4642	18.5948	18.8448	18.8822				19.6645		19.3157	19.4576	19.788	19.7757	19.441	19.3912	20.0087	19.5404	19.3455	18.9192
PROT_0581	22.8172	23.1506	23.1673	23.1278	23.1669	23.157	23.0836	23.3536	22.919	22.2988	23.0192	22.8311	23.7534	24.2348	24.0667	23.592	23.1654	22.8087	23.0484	22.9871	22.1051	21.8563	22.4625	22.7127	22.8146	22.6866	23.093	22.8688	22.6923	23.1129
PROT_0582			19.3681		19.213	19.7529	19.4271	19.6296	20.1707	18.8848	18.385		19.6413		18.8515	19.1437	19.3929	19.6882	18.9684	19.3302				19.3468				19.3126	19.022	18.926
PROT_0583	24.6944	24.1548	24.7842	24.6779	24.6728	24.7064	24.335	24.3286	24.4697	24.6557	24.496	24.585	24.7366	24.5653	24.6431	24.356	24.5063	24.7099	24.2791	24.5404	24.6257	24.5759	24.4353	24.8242	24.7372	24.7428	24.7916	24.6566	24.4136	24.7953
PROT_0584	21.7218	22.037	22.4753	21.9776	22.5246	22.5149	22.1864	22.325	21.7842	21.983	21.9797	22.3543	21.7019	22.3016	22.8436	22.8714	21.766	21.9138	21.8618	21.8338	22.1665	21.9093	22.125	21.9257	21.9852	22.5113	22.2398	22.0001	22.4298	22.4047
PROT_0585	25.9816	25.7613	25.9038	25.9393	25.8935	25.9592	25.8927	25.9277	25.8519	25.6295	25.552	25.4821	25.8419	26.055	25.9296	25.6458	25.8661	26.1708	25.7985	25.7263	25.7661	25.8595	25.4568	25.8503	26.0793	26.0507	26.1145	26.0876	25.3884	25.9496
PROT_0586	20.746	21.0707	20.7376	19.9109	20.0463	20.298		20.2502	20.0124	21.0618	20.7583		20.1819	20.7661	20.532	20.6383	20.151	20.4478	20.197	20.2409		20.5006		20.1891	20.1329		20.2967	20.253	20.8287	19.6019
PROT_0587	23.2841	23.1481	23.1233	23.4438	23.1307	22.4034	23.4205	23.1918	22.5942	23.4495	23.0444	22.8398	23.1212	23.1776	22.3192	23.3535	22.9579	22.694		23.2711	23.0931	23.0609	23.0043	22.8099	23.2698	23.0874	23.4133	23.3764	23.2126	23.1686
PROT_0588	23.171	23.0409	23.222	23.0323	23.3741	23.1426	22.9867	23.553	23.4206	22.8664	23.248	23.0366	23.0704	23.2815	23.0469	22.8662	22.9884	23.3638	23.0156	23.525	23.4073	22.6002	22.9834	23.7895	23.2974	23.5477	23.4363	23.3732	23.3302	23.455
PROT_0589	22.158	22.2696	22.102	22.1053	22.9149	22.4252	22.4088	22.3476	22.862	22.187	22.1875	22.0476	22.0113	22.398	22.1971	22.3892	22.5778	22.3542	22.6194	22.5591	22.1226	22.4726	22.2927	22.3746	22.5234	22.0974	22.4218	22.6922	22.2102	22.3038
PROT_0590	24.8179	24.9098	24.9227	25.0009	25.4991	24.9406	24.9002	25.0412	25.016	25.1758	24.9039	24.7698	25.1225	25.2168	24.8311	25.1095	24.9984	25.05	25.3111	24.8136	24.892	24.9968	24.9264	25.1547	24.9158	25.044	25.0487	24.6518	25.0983	24.9618
PROT_0591	20.2092	20.6101	19.9468		20.5013	20.5663	20.5409	20.92	20.7304	20.7244	21.0427	20.0002	20.4569	20.8965	20.3784	20.7275	20.8327	20.4575	20.162	21.0285	20.6989	20.4801	20.2801	20.1662	20.5836	20.7946	19.7411	20.5921	21.3297	20.9489
PROT_0592	23.1194	22.8977	23.399	23.5743	23.4302		23.0556	23.1404	23.0119	23.6041	23.4203	23.132	23.3991	23.6152	22.8181	23.6138	23.2674	23.3517	23.4792	23.9087	23.0408	23.4307	23.3657	23.1041	23.5975	23.4398	23.2494	23.3975	23.1549	23.4938
PROT_0593	22.6417	22.3559	22.3415	22.7024	22.553	22.4262	22.4918	22.4034	22.819	22.284	22.2917	22.3762	22.7387	22.2972	22.1056	22.5433	22.8814	22.8445	22.4834	22.6037	22.3738	22.3808	22.4877	22.613	22.6477	22.6305	22.7161	22.4883	22.0727	22.273
PROT_0594	20.9841		21.2595	20.6184		21.5503	21.702	21.6512		21.4279	20.9406	20.6302	20.6901	21.2293	20.8517	20.3301	20.8143	21.3782	20.8126	21.0713	20.988	20.6167	20.4731	21.2898	21.1702	20.7645	21.1857	20.7123	20.6409	
PROT_0595		26.2742	26.5416	26.2043	26.5134	26.3644	26.2337	26.3587	26.4083	26.2544	26.1762	26.4389	26.2606	26.0979	26.2754	26.3782	26.2765	26.431	26.2093	26.5545	26.4144	26.46	26.2928	26.4892	26.2752	26.5886	26.4402	25.9587	26.4397	26.3003
PROT_0596	22.4775	22.6244	22.3209	22.711	22.9132	22.3543	22.5206	22.8746	22.6783	22.8379	22.8006	22.5233	22.8043	22.9494	22.7269	22.6008	22.8737	22.8078	22.4707	22.7478		22.0543	22.5311	22.5241	22.6023	22.5476	22.5843	22.4255	22.483	22.7619
PROT_0597	21.5083	22.1308	21.6527	21.3364	21.182	21.8371	21.4746	22.0675	22.2245	22.1507	21.2814	20.877	20.9479	21.4994	21.1663	21.1849	20.8998	21.8607	21.0003	21.7757	21.6216	21.2918	21.2836	21.5488	21.8133	21.825	21.6789	21.4012	21.5182	21.9225
PROT_0598	25.2473	25.1668	25.5245	25.349	25.8348	25.5767	25.1368	25.2698	25.4744	25.4709	25.0754	25.1117	25.6156	25.2555	25.2261	25.4017	25.31	25.6861	25.0471	25.3514	25.865	25.5439	25.3338	25.2936	25.2513	25.7292	25.6075	25.5445	25.163	25.3913
PROT_0599	21.7994	22.1655	22.8185	22.6485	22.4326	22.5734	21.7502	21.7643	22.1224	21.9758	22.0306	22.7163	22.0115	21.8954	21.9735		22.1148	22.459	21.9667	22.3746	22.4088	22.1099	22.1128	22.2427	22.1777	22.6425	22.6135	22.5487	21.8566	22.4501
PROT_0600		22.0815	21.9052	22.3911	23.2178	22.736	22.7862	22.6166	22.6058	22.4374	22.4113	21.9602	22.4633	22.3413	22.171	22.4543	22.3531	22.9516	22.8332	22.3921	22.4187	22.8621		21.9082	22.7421	22.6983	22.8433	22.5482	22.8528	22.3128
PROT_0601	20.5913	20.3478	20.2671	20.2941	20.4104	20.4618	20.6716	20.6043	20.7128	20.6475	20.7	20.4787	20.6724	20.4504	20.8579	20.6704	20.667	21.0803	20.6255	20.3957	20.6812	20.8984	20.7855	21.1116	20.193	21.1088		21.062	21.3095	20.5916
PROT_0602	24.6503	24.5921	24.7543	24.7999	25.0549	25.0583	24.7158	24.4368	23.5915	23.6069	24.7705	24.8301	24.9927	24.828	24.4924	25.0905	24.9222	24.5305	24.6601	24.5076	24.8075	24.7159	24.8436	24.7591	24.7178	24.7585	24.578	24.7573	24.618	24.7788
PROT_0603	24.4998	24.3221	24.674	24.3966	25.0295	25.4088	24.5534	24.4944	24.3566	24.6049	24.3252	24.4578	24.5065	24.319	24.0353	24.4204	24.0265	24.7316	24.7938	24.3645	24.5848	24.5777	23.2797	23.6247	24.5438	24.926	24.1885	24.3787	24.4753	24.816
PROT_0604	19.9437	20.0379	20.5266	20.8371	20.3911	21.1883	20.0428	19.8839	20.0711	20.3161		20.5841	20.4578	20.1719	20.0126	20.529	20.2489		20.3698	20.3784	20.6236	20.8256	20.198	20.7681	20.3211		20.0372		20.532	20.2724
PROT_0605	20.7561	20.0648	21.1408	19.9023	20.6029	20.256	19.9955	20.5209		20.3981	20.4175	19.5472	20.1642	20.4402	19.8117	20.2083	20.137	20.0582	20.0138	20.6734	20.2738	19.5977	20.241	20.0938	20.1631	20.1985		20.2589	20.1274	20.0399
PROT_0606	24.024	24.3027	24.2117	23.9423		24.4514	23.7474	23.9946	23.8772	24.0208	23.556	23.5258	24.286	23.8482	24.2986	24.144	23.6823	24.2907	23.9715	24.0324	23.6191	24.2603	23.9841	24.0216	24.1078	24.1242	23.718	23.9436	23.6992	23.8708
PROT_0607	24.4509	24.9442	24.6004	24.7473	25.4556	24.8123	24.5826	24.7226	24.4626	24.6672	24.7522	24.5759	24.2436	24.3198	24.3637	24.463	24.2429	24.9994	24.7015	24.8747	24.5367	24.574	24.4637	24.4133	25.0352	25.2666	24.5156	24.6408	25.1047	25.3428
PROT_0608	21.7923	21.569	21.7995	21.3483	22.042	22.1694	21.8034	22.0029	21.7436	21.6451	21.6069	21.9617	21.6597	21.5441		21.3777	21.7891	21.2582	21.71	21.6536	21.905	21.9172	21.4636	21.7349	21.482	22.1366	21.349	21.1595	21.2631	21.6697
PROT_0609	24.3547	24.3242	24.0255	23.9416	24.2659	24.3268	24.3611	24.0705	24.0207	24.1442	24.3293	24.3765	24.0768	23.8062	23.9358	24.0483	23.7983	24.1775	24.1952	23.8945	23.705	24.1549	23.9041	23.8558	24.2763	24.1394	24.0584	24.2663	23.5276	23.8317
PROT_0610	25.9121	25.8677	26.1169	26.027	26.2322	26.4618	25.7557	25.8192		25.8609	25.5822	25.6871	26.1404		25.8702	25.8078	25.9553	25.782	25.8112	26.0681	26.0875	26.0296	25.7749	25.7135	26.0592	26.0488	25.9012	25.7235	25.8777	25.8209
PROT_0611	21.4182	21.3224	21.7335	21.1315	21.5213	21.5345	20.7259	21.4297	20.4821	20.8403	21.0452	20.8023	21.125		20.5253	20.8804	21.1453	21.0763	20.8878	20.9817	20.9175	21.5925	20.873	21.2571	20.7338	21.0782	21.1398	21.4091	21.1503	
PROT_0612	24.9766	25.2717	25.1505	25.2341	25.6901	25.6951	25.1121	24.7437	25.0362	24.9434		25.0374	25.1611	24.8077	25.0013	24.8286	24.9163	25.2699	24.5713	24.6095	25.1793	25.0874	25.0358		25.4057	25.1494	25.2643	24.9073	25.0752	25.5583
PROT_0613	20.9827	20.57	20.515	21.2043	21.3725	21.493	20.4214	20.1975	20.6836	20.9309	20.109	20.7451			20.4416	20.7431	20.8472	20.8378	21.0824	20.3607	20.8692	20.603	20.9544	20.6727	20.6485	20.3407	20.5882	20.6207	20.5756	20.9808
PROT_0614	24.1752	24.2486	23.6445	23.9291	24.4608	24.2128	23.831	23.7637	23.8944	23.7323	23.7585	23.9765	24.142	23.6653		23.8299	23.8577	23.9908	23.9483	24.1811	23.8518		23.8057	23.7558	23.9287	23.9537	24.0294	23.9641	24.1112	24.1987
PROT_0615	22.7563	22.6268	22.4596	22.3335	23.2325		22.3217	22.5297	22.3877	22.3971	22.228	22.7782	22.9964	22.3621	22.9902	22.5691	22.7222	22.7021	22.7862	23.0017	23.037	22.4287	22.5824	22.0567	22.7151	22.3955	22.4361	22.451	23.027	22.8329
PROT_0616	23.9255	23.9715	23.926	24.3397	24.4854	24.139	23.9344	23.975	23.758	24.0119	23.8448	24.0807	23.7325		23.5263	23.5874	23.8343	24.0543	23.8923	24.1947	23.8386	23.8587	23.4424	23.8367	24.1396	23.7703	23.9056	23.6436	24.0685	24.0241
PROT_0617	26.7602	26.5474	27.117	26.65	27.3139	27.8321	26.8526	26.6912	27.107	26.983	26.5506	26.9166	26.9468	26.87	26.9938	26.662	26.359	26.7947	27.0243	26.8963	26.8133	26.7806	26.5163	27.1305	26.85	26.9202		26.7435	27.1279	26.7119
PROT_0618	19.7996	20.2549	20.5932		21.0394	20.8213		20.5261	20.1804	19.7086	19.9046	20.279	20.5561	20.0763	20.2012	20.6008	19.8401	19.6672	20.0823		20.7683	20.3876	20.4204	20.6113	20.7909	21.0666	20.2245	20.1552	20.3193	20.0792
PROT_0619		19.2626	18.9894		20.3646	20.3449	19.8002	18.3473			20.4481	18.6374		18.579	19.0951		18.7358	19.1099		18.8732		19.0894	19.1572	17.9528	18.5954		19.016	19.2339	18.4578	19.5185
PROT_0620	24.1346	23.6434	23.8925	24.2783	24.4857	24.6174	23.9363	24.1395	23.7787	24.2562	24.3258	23.8952	24.1334	24.0505	23.7308	23.5408	23.9653	24.0618	24.3065	23.8651	24.0852	24.475	24.1488	23.6941		23.8496	23.9776	24.197	23.9592	24.0057
PROT_0621	26.4059	26.8837	26.8813	26.6467	27.2556	27.2385	26.2532		26.8335	26.403	26.6447	26.7417	26.5251	26.7716	26.6346	26.5336	26.628	26.903	26.3191	26.7827	26.8742	26.56	26.2716	26.6426	26.4917	26.8987	26.7111	26.3871	26.6031	26.5801
PROT_0622	21.9052	22.1113	21.6377	22.4448		22.4952	22.1368	21.9243	21.8627	21.9768	22.2791	22.2069	22.264	21.7458	22.0047	22.1995	22.3264	22.0856	22.1117	22.157	21.7162	21.8573	22.0017	22.0709	21.8203	22.1413	22.2427	21.9757	22.0412	22.2093
PROT_0623	19.6332	19.2769	18.8133		20.2739	19.7484	19.7463	19.2976	18.7834				20.1047	19.059	18.4724	19.1688						19.6241		19.6241	18.7008					18.5873
PROT_0624	18.7267					16.9618				16.6941			17.2682	18.6026			18.2746						18.3193	16.6792	18.0932					
PROT_0625	24.3281	24.0119	24.343	24.3428	25.3271	25.5873	24.0159	24.3153	24.4369	24.8995	24.363	24.2159	24.2079	24.6736	24.4054	24.8276	24.3464	24.9436	24.2405	24.5432	24.6701	24.3387	24.2607	24.4182	24.5752	24.8501	24.5828	24.5295	24.3613	24.5608
PROT_0626	25.9392	25.9179	26.1655	25.7195	26.5867	26.6472	25.9375	26.1599	26.1461	26.432	25.9148	26.2704	26.2483	25.8981	26.2084	26.1173	26.0452	26.0606	25.9685	25.9175	25.9881	26.1534	25.8961	26.2595	26.0388	26.1062	26.274	25.9591	26.1923	26.0932
PROT_0627	18.5984	19.1864		19.5825	19.5421			18.5909		18.9292	19.348	18.746		18.8368	18.9691		18.3953					19.252			18.6615		18.4803	18.9303	19.0524	18.9934
PROT_0628	20.0509	19.8273	21.1851	20.7189	20.9429	20.926	20.1874	20.3891	20.7742	20.2136	20.2782	19.8184	20.0626			20.8259	19.8918	20.0465	20.2528	20.5783	20.4841	19.8068	20.6929	20.6189		20.513		19.8145	20.7119	20.4352
PROT_0629	22.8656	23.2361	23.1225	22.5966	23.6386	23.1649	22.9008	23.3434	22.6158	23.0339	22.6738	22.9358	22.8439	23.6094	24.0658	23.8401	23.2405	22.9126	22.7549	23.0379	22.8596	23.0361	22.9694	23.064	22.6942	22.9383	22.3251	22.6176	23.067	22.8386
PROT_0630	22.2329	22.4106	22.095	22.2061	22.7136	22.2448	22.5159	22.2756	22.2356	22.412	22.3913	22.2075	22.0726	21.8628	22.1306	22.0426	21.9827	22.0522	21.9585	22.3374	22.1629		22.406	21.8726	22.125	22.1712	22.0467	21.9003	22.3314	22.1198
PROT_0631	24.6158	24.4434	24.8648	24.5489	25.3803	24.8079	24.5525	24.5391	24.6983	24.5863	24.673	24.5795	24.6863	24.4099	24.4906	24.5227	24.5437	24.6528	25.0379	24.8899	24.7294	24.6219	24.4971	24.6838	24.7235	24.5161	24.5076	24.5045	24.6502	24.7271
PROT_0632	25.5718	25.8266	25.621	25.5825	25.8758	26.0533	25.4502	25.2513	25.5178	25.2808	25.0781	25.3989	25.68	25.6676	25.3358	25.3267	25.0135	25.7827	25.1024	25.6271	25.7943	25.2741	25.6751	25.6998	26.0031	25.9625	25.5099	25.3188	25.8083	25.5404
PROT_0633	26.6556	26.6602	26.5452	26.4351	27.2794	27.0601	26.2357	26.3668	26.5156	26.5804	26.042	26.5111	27.0914	26.3407	26.4324	26.2189	26.5441	26.7713	26.6018	26.5051	26.522	26.601	26.1707	26.6053	26.564	26.239	26.8386	26.6435	26.4221	26.5793
PROT_0634	20.6715	20.969	20.6995	21.1434	21.8589	20.6588	20.0924	21.1848	20.7024	21.1347	20.8059	21.2032	20.8606	21.6572	20.6898	20.8105		20.9713	20.406	21.1558	20.7849	20.5303	21.3127	20.827	21.3185	20.6987	20.9147		21.0003	20.7352
PROT_0635	22.7019	22.4608	22.0469	22.2382	22.7849	22.9075	22.4061	22.1191	22.2649	22.2494	22.235	21.8105	22.4268	22.2098	21.9782	22.1646	22.4238	22.2623	22.0958	22.3327	22.5468	22.0341	22.902	22.6542	22.7426	22.5962	22.101	22.0338	22.5076	21.8653
PROT_0636	25.3067	25.4698	25.676	25.7353	26.1901	26.0902	25.5017	25.5252	25.8065	25.3227	25.5003	25.6881	25.7615	25.6464	25.463	25.9931	25.5903	25.5692	25.7381	25.3747	26.0068	25.8575	25.2182	25.7162	25.6876	25.4719	25.7258	25.49	25.5425	25.4943
PROT_0637	21.9611	22.5373	22.37		22.895	22.9446	21.7977	22.1446	22.5535	22.003	21.77	22.6082	22.9852	23.2739	22.547	22.0971	22.1523	22.67	22.3319	22.3635	22.0024	22.5456	22.5237	22.9466	21.9435	22.1476	22.0404	22.4429	22.2878	22.2206
PROT_0638	23.1153	23.1263	23.1637	22.917	23.8199	23.1856	23.0475	22.8449	22.2141	22.1627	22.9318	23.3956	23.0699	23.0339	23.0544	22.9053	23.3858	23.243	23.1461	23.1279	23.3047	23.2068	23.1776	23.0131	23.2418	23.2336	22.9823	22.596	23.3229	23.7146
PROT_0639	22.7835	22.921	21.907	22.2523	21.3579	21.4443	22.3003	22.205	22.9983	22.893	23.2583	22.8582	22.109	21.9136	20.5903	21.0594	21.7797	22.3949	23.0963	23.1606	22.8964	22.8547	21.7289	22.145	21.1898	21.1619	21.9744	21.9115	23.1779	23.0818
PROT_0640	26.7831	27.083	26.9915	26.8692	27.8023	26.9584	26.4212	27.1086	26.6896	26.7208	26.9303	26.9608	26.9697	26.7263	26.6724	26.3873	27.1564	26.6121	26.7693	27.1586	26.3863	26.9365	27.0601	26.6841	26.8903	27.2899	26.8071	26.7024	26.8379	26.8341
PROT_0641	28.1783	27.9824	27.8887	27.9241	28.3551	28.6255	27.7854	27.7729	28.1924	28.1727	27.6308	27.8606	28.0388	27.9036	27.659	28.0634	28.0269	28.0362	28.0568	27.7713	27.9443	27.6149	27.6258	28.285	28.0354	28.0893	27.9193	28.0855	27.988	27.9716
PROT_0642	21.777	21.1316	21.4719	21.2372	21.18	21.0577	20.6336	20.7173	21.153	21.2345			20.8973	21.356	20.1576	20.3507	20.9778	21.0657	21.5376		21.2354	21.0832	20.9868	20.9217	20.2427	20.564	21.2027	21.8586	21.4852	21.7841
PROT_0643	27.2624	27.1571	27.3858	27.2004	27.5787	28.1706	27.3489	27.3835	27.3412	27.2678	27.0488	27.267	27.089	26.957	27.3422	27.1128	26.7483	27.277	27.2266	27.4294	27.5743	27.4086	26.7209	27.4666	27.2359	27.3545	27.2296	27.0982	27.3345	27.3437
PROT_0644	19.5988		19.9287	19.3399	20.0703	20.672	19.7116	19.9612		20.3938	20.4054	20.1966	19.9529	19.8176	19.7919	19.8682	19.2551			19.9941		19.9126			20.0142	20.257	19.5272		19.3153	19.9152
PROT_0645	22.5965	22.4947	22.5598	22.2005	23.7969	22.0742	22.6255	22.5675	21.8663	22.26	22.5618	22.1074	22.6918	22.3981	21.7455	22.4285	22.5407	21.9476	22.5668	22.843	22.215	22.9701	22.7099	22.2223	23.215	23.3502	22.5289	22.2401	22.6374	22.5687
PROT_0646	23.3158	23.6553	23.7538	23.4135	24.2271	24.5527		23.893		23.5062	24.1963	23.1683	23.5138	23.6023	23.4037	23.2213	23.7968	23.8425	23.4551	24.1202	23.5723	23.7814	23.2995	23.5795	23.4373	23.8916	24.0123	23.7293	24.006	23.7938
PROT_0647	22.806	22.2614	22.7742	22.6591	22.782		22.7289	22.5771	22.5337	22.385	22.15	22.4411	22.6222	22.2558		22.3255	22.155	22.5142	22.2853	22.5173	22.4227	22.8097	22.5026	22.2736	22.527	22.9464	22.2776	22.7198		22.7562
PROT_0648	20.8422	21.3168	21.1627	20.9933	21.5287	20.5905	21.0333		21.3488	21.229	21.0845	20.9334	20.8776		20.8261	21.2238	21.2482	20.9973	21.0409	21.411	20.6433	20.3095	21.0299	20.6512	21.39	21.2077	21.4062		20.8246	
PROT_0649	19.7247	19.99	19.9592	20.427	20.7057	20.7373	20.0677	20.4342	20.474	19.8636	19.8671	20.2428	20.1667	20.4677	20.3826			19.5779		20.5976			20.0292	20.1614	19.6856	20.4765	20.5468			21.2005
PROT_0650								17.1703	18.2885			17.7065						18.8245												
PROT_0651	26.0277	26.2889	26.4351	26.0062	26.7893	26.553	25.8606	26.3365	26.4978	26.1356	26.4384	26.436	25.7663	26.4334	26.4269	26.1482	26.1121	26.7181	25.9091	26.3566	26.0678	26.2112	26.292	26.5611	26.0068	26.3974	26.1453	25.9496	26.0863	26.1484
PROT_0652	27.6425	27.845	28.1484	27.6614	28.9535	28.8349	27.7382	28.5331	27.9979	27.6515	27.6761	27.704	27.8595	28.1321	28.4318	27.8673	28.1877	28.0678	27.4023	27.9292	28.2544	27.7238	27.8581	28.1837	27.9549	28.5869	28.1435	27.8739	28.0326	28.0216
PROT_0653	21.7633	21.9929	21.9842	21.7025	22.5005	22.4028	21.8862	21.7567		22.0203	21.6194	22.1169		22.4052	21.875	22.2717	21.8726	22.5781	21.8644	21.8363	21.5917	21.8861	22.3029	21.3241	22.041	21.9688	21.6948	21.9065	22.0506	22.1813
PROT_0654	26.4653	26.8669	26.7506	26.3441	26.8605	27.2614	26.5808	26.5518	26.8595	26.6058	26.5899	26.7197	26.5415	26.5067	26.5718	26.1202	26.8009	27.161	26.6948	26.7036	26.7233	26.5233	26.7004	26.7145	26.6058	26.7534	26.8125	26.4278	26.8834	26.9346
PROT_0655	26.6296	26.7462	26.7854	26.6536	27.1516	27.3684	27.1254	26.9452	26.7643	26.9111	26.5836	26.8338	26.9844	26.5483	26.9481	26.6288	26.6393	27.0058	26.5916	26.6581	26.8415	27.1611	26.886	26.9531	27.0781	26.6194	26.9665	27.026	26.543	26.8663
PROT_0656	26.483	26.7786	26.5723	26.7461	27.3866	27.097	26.4538		26.6048	26.4523	26.5668	26.3782	26.8822	26.6846	26.622	26.7836	26.6421	26.3697	26.4186	26.7127	26.3925	26.62	26.7617	26.4177	26.5665	26.9149	26.4502	26.8505	26.7887	26.6921
PROT_0657					18.1743			17.7724			18.2106	18.1072				17.7589	18.129	19.2975				17.1938		18.1723				17.5594		17.6613
PROT_0658	24.1198	23.7367	24.3354	24.073	24.4848	24.7687	24.3619	23.5848	23.9014	24.2235	23.7787	24.0934	23.8316	23.9509	24.5574	24.1548	23.8083	24.3724	23.9479	24.0315	24.2736	24.1792	23.9334	24.4755	24.0996	23.6178	23.8995	24.2159	24.1024	24.2581
PROT_0659	28.1819	28.4359	28.5408	28.366	28.7512	28.9175	28.1629	27.9887	28.5444	28.1583	28.3407	28.5397	28.2019	28.426	28.5283	28.3492	28.4189	28.5581	28.3138	28.4256	28.3567	28.2654	28.308	28.4322	28.2674	28.5751	28.5187	28.3221	28.3147	28.2893
PROT_0660	22.3334	22.8927	22.6073	22.7462	23.6419	23.0082	22.3188	22.9234	22.6731	22.8733	22.9205		22.8423	23.1517	22.5861	22.6367	23.1859	22.5402	22.4122	22.7965	22.6975	22.7285	22.2726	22.4817	22.7864	22.7454	22.629	22.6536	22.8814	
PROT_0661	24.9409	24.4341	24.6059	24.1813	25.3799	25.2159	24.6359	24.4453	24.5674	24.6988	24.6687	24.5109	25.1215	24.7654	24.7338	24.8865	24.6989	24.5349	24.5833	24.3921	24.9241	24.63	24.5718	24.5858	24.533	24.7488	24.5551	24.5963	24.716	24.4494
PROT_0662	22.4178	22.019	22.5863	22.6876	22.7835	23.3362	22.5112	22.4879	22.7189	22.3162	21.9701	22.6157	22.8522	22.5244	22.7851	22.7366	22.2071	22.8932	22.6179	22.6294	22.5194	22.4787	22.226	22.7076	22.5247	23.0637	22.8662	22.3683	22.5886	22.9587
PROT_0663	25.2844	25.5914	25.6445	25.5264	26.3913	26.1639	25.6654	25.8659	25.5127	25.5484	25.8054	25.5486	26.2948	25.9241	25.5002	25.4136	25.585	25.5711	25.3408	25.6715	25.7529	25.3278	25.6548	25.8163	25.5981	25.6878	25.8202	25.7457	25.5794	25.602
PROT_0664	18.7202		18.9528	18.54	18.7186	18.9801	18.7311	17.789	18.7857			19.0334	18.799					18.6744		19.3069				18.4955		18.2323		18.2613		
PROT_0665		18.2759	18.4948				18.9531		18.4382						17.2321		17.7123		18.8843	18.9432	18.6084				18.431		18.5473			
PROT_0666	23.0774	22.5846	22.9878	22.6545	23.2518	22.9976	23.0429	22.9644	22.785	22.5968	22.6894	22.8645	23.0113	22.6215	22.5677	22.7774	22.3571	22.9055	22.9792	22.7766	22.5166	22.6774	22.4807	22.2977	22.6825	23.1754	22.7043	22.8732	22.4386	22.9093
PROT_0667	25.9966	26.2782	26.1036	25.8555	26.8641	26.8788	25.9712	26.3408	26.5774	25.9667	26.1888	26.3904	26.0991	26.3805	26.128	25.7773	26.0671	26.4312	26.0576	26.3365	26.4708	26.446	25.9509	26.0292	25.9994	26.0658	26.221	25.8536	26.3853	26.1516
PROT_0668	22.3106	22.9226	22.3179	22.8191	23.0661	22.8991	22.7649	22.8567	22.5843	22.5991	22.8316	22.2411	22.7523	22.5606	22.3344	22.6126	22.4879	22.1838	22.6662	22.8496	22.4268	22.7968	22.6706	22.6962	23.1049	22.9665	22.4664	22.7748	23.0957	22.9864
PROT_0669		19.7221		19.2664		20.0428	19.6908	20.1398	19.0944		19.1117	19.264		19.0315	18.6062	20.1131	18.6274	19.0236	19.1521	19.2153			18.8626	19.8999		19.3881	19.7882	18.7235	19.2944	19.2078
PROT_0670	25.1012	25.0684	25.1509	25.301	25.8011	25.1611	24.8805	25.3651	24.9047	25.2806	25.2966	24.9827	25.495	25.3492	24.7272	25.0245	25.3424	25.3492	25.2994	25.2558	24.9709	25.0541	25.1828	24.7494	25.3518	25.5594	25.0973	24.9436	24.9693	25.1374
PROT_0671	23.4919	24.2747	24.1495	23.742	24.5226	24.238	23.8538	23.7219	23.8862	23.5691	23.3829	23.7184	23.6504	23.9717	23.5668	23.8597	24.0193	24.1702	23.3909	23.7305	23.6925	23.5176	23.44	24.0144	23.9027	23.8549	24.2982	23.8609	22.9414	24.2389
PROT_0672		20.9414	20.7339		21.3152	20.8264	19.8097	20.3823	20.0542	20.5687	20.5217	19.99	20.4036	20.3768	20.709		20.3027	20.4365	20.8145			20.7232	20.757	21.0506		20.8579	20.4711	20.8078	20.4068	20.6176
PROT_0673	24.4457	24.2291	24.3257	24.69	24.8891	24.9092	24.1831	24.2607	24.0466	23.9328	24.2346	24.1698	24.4958	24.1805	23.928	24.146	24.0885	24.3077	24.2524	24.2181	24.261	23.9655	24.2501	24.3314	24.3103	24.3756	24.5129	24.2257	24.1464	24.3142
PROT_0674	27.7424	28.0027	27.7255	27.5094	28.4412	28.1907	27.4246	27.5767	27.8906	27.8687	27.5003	27.5134	27.7582	27.6421	27.4617	27.1262	27.8913	27.7608	27.7468	27.7452	27.8357	27.7425	27.2979	27.5057	27.4638	27.699	27.4173	27.4981	27.7529	27.4585
PROT_0675	19.1024	19.5598	20.0051	19.3453	19.9214	19.6338	18.7776	19.1744		18.7682		19.9594		19.6771	19.6866	18.6604		19.4054	19.3238	19.8564	19.6787	19.8366		19.916	19.3878	20.1032	19.4771	19.3051	19.4397	19.5074
PROT_0676				17.2302	18.4298	18.7901			18.499	17.5977	18.5148							18.3961						18.6584	18.6713	18.4845	18.8654	18.4295	18.7671	19.1077
PROT_0677	20.4399	20.0094	20.2579	20.0662	20.8609	20.0438	20.2348	19.9217	20.2372	20.7373	19.7143	20.225		19.9132	20.107	20.2064	19.4729	19.708	19.9308	19.8393		19.9613		20.6436	19.6691	19.4447	19.941		20.2014	20.207
PROT_0678		20.7234		21.5232	21.5209	21.5231	20.9939	21.12		21.4338	21.0095	20.8687	21.6398	21.2143		20.7274	20.9389	21.0848	21.2343	20.966	20.7864	20.7984	20.8571	21.104	20.4391	21.5382	20.3052	20.7218	20.8203	21.1878
PROT_0679	24.5666	24.2153	23.9248	24.2053	24.6678	24.3931	24.7555	23.7479	24.0052	24.1909	23.8073	23.7597	24.6045	23.9474	23.8337	24.5471	23.906	23.8043	24.1413	23.6089	24.4147	24.3367	23.6674	23.9356	24.4922	24.3759	24.1445	24.1685	23.8497	23.8992
PROT_0680	24.5778	24.747	24.7133	24.5024	24.9386	24.8597	24.1554	24.4151	24.3157	24.3645	24.7024	24.9307	24.3963	24.762	24.6899	24.3217	24.6109	24.7437	24.7405	24.8293	24.6804	24.2357	24.4951	24.7685	24.4853	24.8603	24.4294	24.2421	24.6566	24.5851
PROT_0681	20.8893	20.5455	20.2955	20.2635	20.8591		20.4563	20.2324	20.2871	20.2868	20.875	20.5169	20.3375	21.0659	20.5841	20.8228	20.4262	20.2611		20.6266	20.7391		21.225	19.9698	20.7726	21.1403	20.6814	20.5609	21.9132	21.162
PROT_0682	19.9297	19.5888	20.5456	20.0704	20.2501	19.7093	19.7707		20.2601	20.2778	19.5328	20.482	20.0774	19.7928	19.8903		19.7365	19.8456			20.0443	19.0594		19.2326		19.5146		19.732	19.6948	19.6974
PROT_0683	18.2708			18.0198	18.6859	19.061	17.3827		18.317			19.3921	18.2675	18.1663	18.1419			17.7302		18.4155	18.4991			17.2849	17.739			17.7545		
PROT_0684	27.0631	26.6942	27.0493	27.1526	27.4426	27.4882	27.2568	27.086	26.896	27.0117	27.0083	26.6708	26.8582	26.7445	26.6173	27.0661	27.1706	27.5129	26.8183	26.8529	26.8497	27.1314	26.9485	26.6929	27.0745	27.1384	26.9576	26.9929	26.9342	26.8496
PROT_0685	28.416	28.5841	28.5026	28.319	29.0427	28.7457	28.2623	28.5374	28.2727	28.0265	28.4385	28.4731	28.3368	28.3006	28.5274	28.1905	28.1226	28.3661	28.2406	28.5626	28.105	28.3801	28.4463	28.4537	28.325	28.6673	28.6736	28.3742	28.6765	28.4772
PROT_0686	23.0923	22.5912	22.9678		23.0772	23.536	22.4198	22.8676	22.8797	22.4504	22.4394	22.5649	22.509	22.3822	22.6333	22.636	22.522	22.9265	23.0737	22.5536	22.9242	22.1736	22.5129	22.6066	22.6778	22.9237		22.772	22.8706	22.5967
PROT_0687	25.5204	25.6436	25.6264	25.3887	25.8454	25.6932	25.4154	25.2727	25.3156	25.1808	25.4086	25.7632	25.3893	25.4843	25.2406	25.3118	25.4443	25.7282	25.356	25.5923	25.3894	25.1676	25.0887	25.4064	25.0311	25.5426	25.5823	25.433	25.2821	25.8213
PROT_0688	23.612	23.4791	23.5102	22.9674	24.079	23.8622	23.5529	23.4808	24.0818	23.893	23.7272	24.0928	23.6083	23.5053	23.7016	23.7792	23.3987	23.5288	23.299	23.6339	23.7859	23.5593	23.5293	23.6632	23.834	23.9314	23.6297	23.4445	23.5214	23.5911
PROT_0689	23.505	22.9048	23.4686	22.9854	23.5536	23.5951	23.2189	23.0832	23.456	22.6605	23.1701	23.115	23.1416	22.8437	23.156	22.834	23.2225	22.9306	23.6491	23.3105	23.1991	23.1989	23.1364	23.0109	22.7284	22.9613	23.4002	22.8837		23.3962
PROT_0690			19.1429	19.2944			18.9419			18.6123	18.6626			18.3489		18.6631	19.2394		18.8963	18.1651	19.0476			19.0622	19.4175					
PROT_0691	20.3855	20.6282	20.2319	20.3071	20.3533	20.4042	20.6335	21.0511	20.3613	20.6478	20.736	20.4003	20.5943	21.0091	21.0341	20.7414	20.9066	21.402	20.839		21.3935	20.8387	21.2762	20.5374	20.6727		20.7725	20.9186		
PROT_0692	21.3386			21.7546	21.6087	20.9615	22.2717	21.6817	21.6166	21.5427	21.2467	21.2274	22.0553	21.9154	21.7183	22.0254	21.5185	21.9253	21.9234	21.4413	21.4819	21.5935	21.6176	21.9301	21.4055	21.8906	21.548	21.5582	21.8509	21.8823
PROT_0693	26.4218	26.7046	26.6103	26.1515	26.6247	25.9705	26.4342	26.5919	26.4141	26.5729	26.5487	26.4495	26.4814	26.4918	26.2302	26.5085	27.4612	27.4121	26.4919	26.8941	26.2829	26.1466	26.7062	26.6529	26.7308	26.6599	26.6466	26.2627	26.5681	26.5003
PROT_0694	23.7192	23.9117	23.6909	23.5532	23.8711	23.771	23.8257	23.9768	23.6161	24.4686	23.8338	23.9992	23.8204	24.1311	24.184	23.7253	23.5055	24.0042	23.9213	24.1568		23.7243	23.8096	23.7334	23.7602	23.933	23.9501	23.6417	23.8327	24.0157
PROT_0695	21.0635	20.7556	20.6357	20.901	21.3884		21.4071	21.7446	20.6675	21.2857	20.4595	20.991	21.189	20.8132	20.3147	20.7616		20.701	20.8948	21.3902	21.1256	21.0054		21.1942	21.1452	21.2421	21.4382	20.5094	20.8942	20.7033
PROT_0696	26.6862	26.755	26.8312	26.7511	26.9498	26.4546	26.6215	26.8523	26.7448	26.5836	26.7003	26.6545	27.0209	26.8827	26.5534	26.7494	26.7344	26.6407	26.4739	26.7936	26.8909	26.7	26.7493	26.3327	27.0856	27.2957	26.3876	26.742	26.4795	26.342
PROT_0697	20.978	19.8629	20.6551	20.5118	20.1809	20.7556	21.1013	20.6254	21.0025	20.4649	20.6626	20.4047	20.5021	19.6862	20.3532	20.9251	20.7104	20.2483	21.0751	20.7843	20.6825	20.2412		20.0925	20.6528	20.2291	20.435	20.636		20.5863
PROT_0698	22.6285	22.6868	23.0462	23.1938	22.9571	22.8223	22.7512	22.9452	22.7779	22.5656	22.5746	23.1419	22.5179	22.945	22.6217	22.4991	22.783	23.1275	22.023	21.5092	22.8869	22.7375	22.9066	22.3102	22.8657	22.7425	23.2427	22.9993	22.6595	22.7113
PROT_0699	20.4984	20.8385		20.6809	20.5946	21.1403	20.6348	20.902	19.9378	20.5294	20.8752	21.0036	21.2959	20.9926	20.4228	20.1819			20.0328	20.6183		20.3718	20.3171	21.2045	20.0361	20.9926	20.8897		21.1081	21.1235
PROT_0700	27.2988	27.6042	27.725	27.4108	27.9701	27.5432	27.5261	27.7079	28.1103	27.5158	27.2737	27.3634	27.463	27.6558	27.4229	27.3776	27.794	27.9769	27.3926	27.9255	27.5596	27.4401	27.6844	27.6083	27.2832	27.7536	27.6482	27.7117	27.6754	27.641
PROT_0701	24.1741	24.1139	24.1929	23.9593	24.2966	24.1314	23.9837	24.1419	24.4498	23.8721	23.9069	24.1105	24.427	24.3115	24.2512	24.0802	24.0337	24.2872	24.0944	23.9027	24.534	23.9262	23.4604	24.2518	23.7812	23.9488	24.3886	24.0418	23.756	24.2096
PROT_0702	20.1178	20.3377	19.9432	19.8788	20.3531	19.4268	19.829	20.1067	19.785	19.7012	20.1027	19.8689	20.0293		19.342	20.0133	19.3896	19.8593	19.5945		19.5629	19.8774		19.4786	20.0388		20.1687			19.7574
PROT_0703	21.665	21.8288	22.0333	22.2713	21.6267	22.487	22.2661	21.7593	22.248	22.3197	22.0837	21.7154	21.8794	21.8425	21.5137	21.8878	21.6045	22.0589	21.7406	21.9741	21.6894	22.3031	21.6452		21.5815		21.5702	22.3016	22.3291	22.324
PROT_0704	20.6286	20.8487	21.2216	21.5124	21.2587	21.4354	21.2345		20.7941			20.5916	21.4419	21.2368	20.3993	21.4526	20.8177	21.1113	21.0599	20.8437	21.4533	21.5626	21.3812	20.6857		21.2288	21.2354	21.497	21.0034	21.2691
PROT_0705	22.5994	22.6709	22.9778	22.473	22.5969	22.7502	22.5791	22.967	22.7827	22.4721	22.7074	22.8507	22.4134	22.4199	22.6631	22.2342	22.2873	23.1893	22.6394	22.009	22.7567	22.9029	22.5763	23.0598	22.5672	22.2231	23.0309	22.401	22.5113	22.7977
PROT_0706	18.4199	19.7881	19.9413	19.2423	19.2232	18.6374				18.9809		19.2118		19.0571		18.8828	19.2224	19.1894	19.0643	18.9879	19.3588			19.5867	19.0089	19.2014		18.9983	19.3952	
PROT_0707	23.5891	23.0241	23.8185	23.6104	23.9056	23.2245	23.5554	23.4098	23.3077	23.5227	23.3093	23.3257	23.7069	23.4248	23.5171	23.8029	23.6116	23.6385	23.5607	23.5484	23.2633	23.4329	23.3081	23.0956	23.5328	23.5193	23.6898	23.4217	23.4693	23.4896
PROT_0708	23.0279	22.97	22.8233	22.5154	22.4942	23.1402	22.6699	22.417	22.7511	22.5497	22.6356	22.6484	22.4986	22.9664	22.5697	22.7406	22.9048	23.1908	22.2316	22.8819		22.1351	22.1106	23.0887		23.1304	23.0131	22.6777	22.7983	22.4058
PROT_0709	24.0534	23.9656	23.9873	24.2435	24.3594	24.3825	24.1391	24.6023	24.7734	24.487	24.0865	23.737	24.1742	23.9958	24.1853	24.3472	24.0539	24.177	23.8998	23.8492	24.3445	24.1939	23.8162	23.9807	24.2893	24.4287	24.208	24.0936	23.827	24.1341
PROT_0710	21.8356	22.1623	21.8107	21.7338	22.1579	22.0736	21.9584	22.0292	22.2754	21.9998	22.2786	22.0894	21.7793	22.0147	21.5442	21.8374	22.0459	21.9874	21.7382	22.6586	22.0978	21.8653	22.2645	22.0987	22.3234	22.2948	22.3238	21.7032	22.283	21.8796
PROT_0711	20.522		20.1831	20.1843	19.8408	20.3	20.3735	19.8299	20.7959	20.7275		20.5299	20.1883	20.3967	20.4209	20.0526	20.7035	20.738	20.0877	20.6671	20.2043	19.8922	20.6552	20.5702		20.3509	20.6407	20.3342	20.8053	20.3813
PROT_0712	22.4792	22.5125	23.1737	22.6458	22.5889	22.8721	23.229	22.9499	22.5992	22.6375	22.2974	22.8398	22.5506	22.7258	22.561	22.9065	22.4212	22.8534	22.7928	22.6492	22.5129	22.754	22.4291	22.7654	22.537	22.8002	23.1587	22.957	22.6065	22.8301
PROT_0713	28.8314	28.9546	29.3128	28.9248	29.0696	29.2329	28.7801	29.0098	28.825	28.9645	28.7807	28.8413	29.0727	29.0422	28.8725	28.8636	29.0721	29.0702	28.7981	29.0512	29.0623	28.8548	28.796	29.041	28.9289	28.8689	29.0291		29.1339	29.1874
PROT_0714	20.7084	20.4506	20.7014	20.7769	20.9784	21.0099	20.2349	20.7089	20.7089	20.6079	20.303	20.3553		20.4945	20.2619		19.9708	20.702	20.0954	21.0417	21.1191		20.457	20.6191	20.8372	20.0995	20.9695	20.5408	20.6495	20.562
PROT_0715	23.5738	23.0939	23.5426	23.215	23.8829	23.9759	23.3476	23.7208	23.8856	23.3833	23.4348	23.1932	23.0038	23.5489	23.7564	23.4136	23.5275	23.6305	23.2821	23.9521	23.505	23.4615	23.3179	23.4192	23.4211	23.4078	23.8505	23.4878	23.4266	23.7275
PROT_0716	24.6307	24.6646	24.9678	24.5976	25.101	25.1413	24.5971	24.6188	24.8033	24.6164	24.521	25.2151		24.4344	24.6833	24.6708	24.3442	24.9924	24.5834	24.7451	25.0585	24.5352	24.7783	25.1262	24.7864	24.7731	25.0165	24.584	24.8485	25.5003
PROT_0717	22.4279	22.4261	22.2129	22.1477	22.7794	22.3337	21.9038	22.8207	22.5243	22.281	22.6639	22.2684	22.4392	22.437	22.6086	22.0336	22.3421	22.4202	22.2442	22.9199	22.3418	22.3226	22.3324	22.1816	22.3934	22.9518	22.5954	22.3328	22.1642	22.9762
PROT_0718	25.9675	26.4349	26.2522	26.1285	26.5001	26.3023	26.4195	26.2509	26.2843	26.5517	26.0953	26.2842	26.4249	26.3897	26.3356	26.2195	26.2649	26.5331	26.0096	26.0041	26.3854	26.4811	25.937	26.486	26.3792	26.6295	26.2869	26.2929	26.1654	26.0927
PROT_0719	27.6161	27.3733	27.1255	27.6175	27.2671	27.3596	27.2309	27.4066	27.4449	27.3446	27.4658	27.2081	27.4591	27.2062	27.3357	27.4795	27.5338	27.3879	27.4802	27.1175	27.3097	27.5478	27.135	27.4275	27.4143	27.3519	27.3786	27.6307	27.1984	27.191
PROT_0720	23.3682	22.837	22.9617	23.3484	22.494	22.9135	23.1093	22.7463	22.9327	22.6793	22.3275	22.8235	22.9322	22.7705	22.8576	22.9568	22.5539	23.2049	23.0045	22.9043	22.9807	23.1483	22.6101	22.9254	23.0745	22.78	22.8942	23.1787	22.7408	22.9876
PROT_0721	19.8368	20.8561		19.8562	20.963	20.5456	20.2278		20.941	20.3532	20.4552		20.0827	20.5983	20.1271	21.1134	20.2849	20.3615	19.7558	20.3494	20.2869	20.6375		20.2236	21.2879	21.0673	20.2592	20.1054	20.9578	20.542
PROT_0722	22.9524	23.1769	23.1653	22.9959	23.0646	22.9209	22.9664	22.9489	22.8516	22.9537	22.5977	22.4043	23.1079	22.6905	22.4803	22.8729	22.7652	22.8991	23.1495	22.5014	23.0308	22.8968	22.5234	22.5097	23.0711	22.9057	22.9887	22.8551	22.8692	22.854
PROT_0723	23.1236	23.2422	22.8843	22.4885	23.4376	22.7185	23.2987	23.5088	23.382	22.8839	22.7276	22.3571	22.8268	22.9118	22.6933	23.0227	23.1308	23.2512	23.2587	23.086	22.9723	23.1124	23.1771	23.0301	22.8456	23.1719	23.024	22.8477	23.1848	22.7777
PROT_0724		24.5506	25.6213	25.6507	24.4052	24.8529	23.9943	24.0398	25.2892	24.7156	24.1691	25.0227	24.6195	24.2064	24.8316	24.5325	24.3164	24.7705		24.1785	24.7176	24.4961	24.0753	25.1555	24.6066	24.337	24.6865	24.5773	24.4762	24.7996
PROT_0725	25.9842	25.9393	25.8259	25.6478	25.9128	25.7284	26.0082	25.8886	25.5233		25.79	25.4394	25.8341	25.702	25.4015	25.644	25.5591	25.9187	25.7427	25.7599	25.7477	25.7125	25.8179	25.9392	25.8282	25.9338	25.9059	25.9727	25.9704	25.8312
PROT_0726	26.1591	25.5712	26.2779	25.8286	24.7338	24.902	25.5649	25.6347	25.917	25.6616	25.7062	25.9189	26.17	25.953	25.822	25.953	25.742	26.2621	25.8346	25.7617	25.9981	25.7965	25.665	26.2218	25.8227	25.963	26.0155	25.6292	25.949	26.4011
PROT_0727	25.8602	25.5152	25.8797	25.9088	25.857	25.8124	25.7049	25.6363	25.7656	26.1996	25.6425	25.5078	25.8876	25.5935	25.6932	25.6413	25.6281	25.4339	26.0016	25.8443	25.6281	25.8879	25.6121	25.7006	25.7247	25.7342	25.8199	25.7297	25.5129	25.6328
PROT_0728	25.0389	24.6605	24.5257	25.0748	24.8752	24.4396		24.4111	24.3938	24.7534	24.927	24.5213	24.7308	24.8584	24.6176	24.6767	24.7218	24.8141	25.0283	24.5707	24.7329	24.7544	24.4741	24.6533	24.9952	24.7746	24.7835	24.8271	24.8218	24.6429
PROT_0729	18.8282	18.6018		18.1371				19.0879			17.5858	18.1848			17.8115	17.1083		18.4571								18.6822	17.5095			
PROT_0730	20.0708	20.6031	20.1557	20.1614	20.7817		20.6233	19.9958	20.2106	20.7183	20.5032	20.1186	20.1792	20.22	20.2719	20.6682	20.1427		20.3306	20.3243	20.6568	20.1242	20.3496		20.7294	20.9011	20.4156	20.9295		19.7916
PROT_0731	20.8707	21.9107	21.4697	21.7185	21.7096	21.937	21.4993	22.0154	21.5016	21.311		21.0474	21.0226	21.3	21.0688	21.2511	21.6693	21.5651	21.6336	21.5651	21.8471	21.5052	21.6657	21.6491	21.2822	21.2143	20.8723	21.3494	21.4605	21.2372
PROT_0732	21.0574		21.1331	21.256	20.6907	21.2599	20.9109		20.8659	20.7702	20.6268		21.0523	20.4705		20.4439	21.3382	20.9342	21.1081	20.8289	20.5743	20.1202	20.8274	20.7634	20.9949	21.2586	20.7972	20.5072		21.4948
PROT_0733	20.8889	20.4811	21.2897	20.9214	20.4594	20.5599	20.4065	20.4758	20.1489	21.0784	20.0806	21.2312	20.5444	20.626		20.3149	20.1737	20.9302		20.3911	20.6713	20.7259	20.5429	21.1364	20.6534	20.3861	20.2501	20.1888	20.728	20.7974
PROT_0734	24.4891	24.6306	25.1073	24.622	24.9664	24.9988	24.6687	24.627	25.1767	24.4971		24.7211	25.1293	24.7387	24.8083	24.7762	24.3013	24.8071	24.8322	25.0459	24.8537	24.6753	24.6671	24.9	24.6246	24.8073	24.9832	24.5972	24.9121	24.976
PROT_0735	20.7249	20.4834	20.6263	20.8251	20.6304	19.8937		20.5723	20.5526	20.7473	20.7512	20.4713	20.8443	20.7576	20.9659	20.8161	20.669		20.7378	20.8769			20.8439	21.3165	21.163	21.1407	20.641	20.5726	20.8575	20.2086
PROT_0736	19.1968	18.9103			19.6381	19.2752	18.5196	18.6335	18.7896		18.7891	19.2722	19.2965	18.8639		19.1481	19.0436			18.7996		18.9448	18.033	19.0539	18.6594	19.6469	18.7264	19.2763	18.7603	17.7389
PROT_0737	27.4596	27.6912	27.6037	27.7504	27.8476	27.6214	27.6145	27.5649	27.8233	27.6419	27.3504	27.481	27.6931	27.4614	27.4059	27.4218	27.2879	27.7339	27.5587	27.4428	27.5738	27.2621	27.2463	27.5932	27.4195	27.6692	27.434	27.5119	27.5903	27.3871
PROT_0738	24.7464	24.4387	24.7682	24.4006	24.9125	24.2173	24.2338	24.467	24.3912	24.3451	24.2675	24.3991	24.787	24.8776	24.4961	24.3956	23.9147	23.989	24.3416	24.5158	24.3525	24.373	24.3649	24.2726	24.3401	24.6032	24.4327	24.4778	24.4257	24.2746
PROT_0739	23.6215	23.6846	23.6105	23.6181	23.7761	23.6955	23.8314	23.2748	24.0899	23.4441	23.4311	23.6535	23.9137	23.1034	23.5905	23.1422	23.1653	23.1246	23.5162	23.6929	23.4161	23.4953	23.7596	23.5779	23.7482	23.5627	23.7584	23.6826	23.2824	23.7069
PROT_0740	20.5284	20.415	20.1021	20.4388	20.1806	20.5161				20.3887	20.6084		20.1943	20.0232	20.2174	21.1077	20.4513	20.761	20.077	20.8334	20.3348	20.7667	20.5355	20.4301	21.3655	20.3945	19.8009	20.3291	20.1692	20.4628
PROT_0741	23.3268	23.2363	23.187	23.0542	23.2154	22.9736	22.8982	23.245	23.1398	22.7773	23.287	22.8871	23.3482	23.2193		22.8959	23.2908	23.269	23.4595	23.3607	23.1106	23.264	23.324	23.2675	23.3841	23.5484	23.7161	23.9009	23.6846	23.874
PROT_0742	25.5636	25.4596	25.9923	25.5381	25.5634		25.596	25.6343	25.801	25.8846	25.4989	25.7314	25.7969	25.3889	25.6085	25.2012	25.5393	25.4912	25.2719	25.4009	25.6158	25.4147	24.9538	25.8463	25.6336	25.6518	25.8103	25.763	25.4224	25.7564
PROT_0743	21.4426	21.7667	21.7671	21.7118	21.2251	21.6439	21.8628	21.7884	21.4972	21.1001	21.2154	21.4861	21.506	21.4982	20.808	21.3664	21.1521	21.5959	21.688	21.2162	21.8594	21.5051	21.2888	21.6888	21.6848	21.3902	20.8084	21.658	21.4243	21.6822
PROT_0744	23.1261	22.8778	23.1775	23.1144	22.9886	22.7889	23.3549	23.0445	23.4011	23.0589	22.6635	22.9584	22.9227	22.9619	23.0965	23.2391	22.9549	23.3237	23.5049	23.2802	23.0162	23.167	23.0815	22.9124	22.8886	22.8417	22.8967	23.06	22.5808	23.2456
PROT_0745	20.82	19.7362	20.016	19.6197	20.6465	19.4263		20.064	20.0751	19.8824	18.8392	20.2367	19.4216	19.4675	19.0385	19.2446		19.6766	19.7416	19.6053		20.1115	19.6826	19.9572	19.9667	18.8921	20.4531	20.1132	19.4615	19.9319
PROT_0746	25.3327	25.4998	25.7685	25.9753	25.463	25.5639	25.4467		25.4381	25.4082	25.4598	25.5121	25.6385	25.4626	25.7065	25.4067	25.427	25.5242	25.711	25.3975	25.7569	25.523	25.4884	25.4013	25.6049	25.8069	25.6948	25.4345	25.547	25.6098
PROT_0747	23.2114	22.9757	22.9672	23.4826	23.4022	23.0685	23.5038	23.1479	23.0734	23.0545	22.3057	23.0823	23.7225	23.421	22.9852	23.555	22.8479	22.6861	23.4277	23.2253	23.1396	23.269	22.7719	22.8382	23.2993	23.3491	23.0305	23.2954	23.6131	23.0569
PROT_0748	23.5208	22.9658	23.0132	23.3283	23.2039	23.5274	23.2332	23.3773	23.0141		23.6447	23.4138	23.5747	23.056		23.1744	23.2329	23.0576	23.0686	23.0578	23.32	23.0803	23.2939	22.9037	23.2114	23.6059	23.4172	23.1202		23.3605
PROT_0749	24.85	24.5389	24.5143	25.0179	24.8763	24.7032	24.6578	24.7522	24.6053	24.6815	24.1477	24.4718	24.7483	24.447	24.4872	24.9951	24.5897	24.3246	24.7454	24.6242	24.6711	25.0436	24.5217	24.7726	24.8169	24.8217	24.86	25.0898	25.0133	24.7222
PROT_0750	25.4287	25.5183	25.2129	25.4897	25.2358		25.0498	25.2732	25.2026	25.1183	25.1365	25.1453	24.9528	24.7329	25.1675	24.9722	25.1652	24.9768	25.6167	25.6781	25.4299	25.4556	25.2577	25.1881	25.3136	25.5517	25.3725	25.5658	24.983	25.207
PROT_0751					18.1257	18.9867		18.6852	18.5304			18.4746			18.372					18.6368		17.7036	18.5251	18.8709	19.349					17.8162
PROT_0752	18.7817					18.4668					19.4381		18.2908	18.156	19.1593	18.0279							18.264			18.3278			18.8602	17.7282
PROT_0753	26.0086	26.0613	26.3565	26.0898	25.9246	25.9692	26.0058	26.2251	26.2734	26.299	26.2208	26.0992	26.2424	25.9556	26.0642	25.7784	26.2355	26.4177	26.3433	26.092	26.4135	26.2465	25.9423	26.076	26.2568	26.2266	25.8922	26.0742	26.3519	26.7479
PROT_0754	28.5168	28.4495	28.5926	28.5801	28.9066	28.6916	28.2803	28.3694	28.3258	28.4428	28.498	28.5022	28.4269	28.6696	28.5999	28.2566	28.568	28.4248	28.7962	28.7485	28.2758	27.9331	28.4579	28.5775	28.4164	28.7279	28.4345	28.3854	28.5363	28.4856
PROT_0755	22.2827	21.2468	22.2944	22.2126	21.5599	22.2339	21.8097	21.6062	21.7609	21.8275	21.4766	21.9036	21.6543	21.4686		21.9007	21.2584	21.8096	21.6689	21.1525	21.9188	21.396	21.4003	21.6223	22.0964	21.4652	22.4198	21.8688	21.8788	21.5377
PROT_0756	21.6987	22.0242	22.0957	21.7868	21.8585	21.7467		21.8458	22.0114	21.8988	21.7307	21.9299	22.2537	21.3441	22.0957	22.0542	21.93	22.1074	21.6987	21.9957	22.3468	22.1599	21.7874	21.9426	21.6958	21.8064	22.1536	22.085	22.6118	22.8619
PROT_0757	25.7457	26.1495	26.196	25.9617	25.9565	25.8507	25.9093	26.0601	26.0009	25.9066	25.8293	26.0987	26.1352	26.0798	25.9871		26.0053	26.24	25.876	26.0622	26.4741	25.9982	25.8294		25.7651	25.7178	25.9506	25.8364	26.1621	26.1389
PROT_0758	27.5319	27.6754	27.8334	27.5328	28.1111	28.1843	27.6829	27.9902	27.6668	27.612	27.6871	27.6775	27.7553	27.9346	27.8503	27.9153	27.9639	28.0273	27.4755	27.7916	27.6347	27.4219	27.9826	27.8844	27.8653	28.0149	27.8687	27.9024	27.8896	27.7805
PROT_0759	23.8781	23.9353	24.0144	24.4082	23.9914	23.9621	24.1562	23.7298	24.1245	24.0388	23.9605	24.0159	24.2127	23.7877	24.1496	24.4229	24.6385	23.9556	23.9686	24.265	24.0755	24.1081	24.1342	24.2502	24.351	24.2039	24.0907	24.121	24.2433	24.2082
PROT_0760	22.3585	21.8833		21.6324	21.9401	21.5139	21.5728	21.6539	21.2055	21.447	21.6004	21.7453	21.8682	22.1466	21.8545	21.7926		21.7338	21.8769	21.732		22.0745	22.0001	21.9857	22.0812	21.6621	22.2747	21.3984	21.8268	21.8497
PROT_0761	23.5246	22.9145	23.1134	23.4756	23.6044	22.6789	23.5693	23.2572	22.9601	23.0744	22.917	22.9608	23.3567	23.0406	23.0413	23.3289	22.9461	22.8233	23.4121	22.8096	22.8842	23.2245	22.65	22.9957	23.4521	23.1777	23.1166	23.044	23.4182	23.0651
PROT_0762	26.6656	26.8126	26.6781	26.9039	27.0748	26.7475	26.9181	27.0069	26.8938	26.9708	26.4826	26.723	26.9432	26.7036	26.8436	26.5591	26.6548	26.9283	26.9354	26.723	26.9353	26.7162	26.8653	26.8928	26.7881	26.6361	26.921	26.9005	26.3953	26.8447
PROT_0763	21.9237	22.1254	22.3414	22.3129	21.7523	22.0529	22.4282	22.0267	22.3177	22.1714	22.057	22.2167	22.3781	22.0633	22.0215	22.0091	22.3212	21.694	22.6051	22.6236	22.0209	22.1933	21.4906	21.812		22.4307	22.4909	22.6754	21.9784	22.2635
PROT_0764	23.9711	23.9099	23.6445	23.9406	24.0887	24.4604	23.69	23.7249	23.7874	24.0149	24.3919	23.9377	23.5448	23.95	23.7138	23.5304	24.2014	24.2022	23.843	23.6889	24.0958	23.8061	23.7425	24.3215	23.8909	24.015	23.9107	23.7552	24.4045	23.7701
PROT_0765	27.7949	27.6837	27.4121	27.7359	27.4094	27.5112	27.3909	27.3572	27.3933	27.3269	27.3349	27.4359	27.6572	27.4605	27.6853	27.4401	27.4102	27.4562	27.5956	27.5468	27.4751	27.6335	27.3061	27.3691	27.578	27.9587	28.025	28.0091	27.6362	27.4876
PROT_0766	20.9689	20.6233	20.5877	20.6411		20.7728	20.6089	20.9879			20.8308	20.8007	20.8086	20.5236	21.2106	20.9294	20.9378	20.8843	20.5084	21.4129	21.0017	20.9235	20.481	20.9159	21.1997	20.5758	20.266	20.6145	20.9884	20.3894
PROT_0767	23.8348	23.5252	23.902	24.0528	23.8457	23.9727	23.6232	23.3708	24.0506		23.4095	23.5767	23.7488	23.799	23.9741	23.9309	23.6623	23.8727	23.8926	23.6445	23.9968	23.8724		24.0316	23.7325	23.6247	23.3914	23.8308	23.6205	
PROT_0768	26.3578	26.2794	26.7977	26.4476	26.6559	26.6613	26.2304	26.1615	26.7874	26.6649	26.5363	26.9651	26.3039	26.4155	26.8515	26.1779	26.413	26.5488	26.2631	26.5468	27.799	27.1248	26.3743	26.9035	26.5932	26.4876	26.7134	26.2716	26.4496	26.7721
PROT_0769	20.8485	21.1512	20.9475	21.1907	21.5128	20.745	21.214	20.4038	21.3176	20.782	21.189	20.8406	20.5744	20.8784	20.2099	21.269	21.1032	20.8815	21.0833	21.2917	20.6281	20.7602	20.8698	20.7375	21.391	20.8129	20.7237	20.5852	20.811	20.9279
PROT_0770	27.8684	28.0292	27.7398	27.7346	28.0251	27.6897	27.6266	27.6391	27.6659	27.86	27.3642	27.3788	27.6564	27.6256	27.5212	27.6127	27.8071	27.8878	27.7525	27.7619	27.7384	27.6533	27.6248	27.6066	27.8221	28.1534	27.905	27.7536	27.9916	27.8005
PROT_0771	18.8075	17.9715				18.0616				17.9937	18.5152						17.8285			18.6329			18.7207			18.5799			19.0444	
PROT_0772	23.0363	22.7883	23.1344	23.2352	23.1074	23.3298	22.765	22.7479	23.2144	22.6784	22.9341	23.5033	22.9772	22.8333		23.0978	22.6376	23.2723	22.867	22.96	23.6196	22.8606	22.588	23.2943	23.27	23.2099	23.3223	22.8695	22.8465	23.0512
PROT_0773	21.6072	22.1196	22.116	21.9947	22.1992	22.4299	21.7539	22.028	22.0856	22.058	21.9809	21.2714	22.3137	21.838	22.016	21.6878	22.1241	21.9992	21.7548	22.6135	22.0723	21.8698	21.849	22.2263	22.0403	22.5919	21.8486	21.7912	21.9031	22.0184
PROT_0774	22.1948	22.6118	22.5781	22.4225	22.7381	22.323		22.1615	22.7576	22.5535	22.5292	22.7962	22.6803	22.5621	23.0439	21.8746	22.6128	22.8888	22.3233	22.2423	22.5312	22.5346	22.4753	22.5272	22.3949		22.5988	23.0457	22.4302	22.5621
PROT_0775	23.313	22.9817	22.2469	22.5436		23.0962	23.0626	23.2113	22.4565	23.2061	23.4031	22.7759	23.4978	23.3504	22.776	23.2118	23.3566	23.0124	22.9348	23.3127	22.6692	22.9168	23.3731	23.1776	23.4289	23.4616	22.6955		23.3176	22.8056
PROT_0776	21.1553	21.4613	21.5414	21.4091	21.5454	21.5162	21.2864	21.9135	21.3926	20.8015	20.538	21.528	21.4297	21.4865	21.4308	21.0449	20.8727	21.4514	21.2493	21.1098	21.7958	21.6933	21.467	21.5564	21.3963	21.6323		21.3076	21.0791	21.3957
PROT_0777	21.8706		22.0987				21.5702	21.6201	22.044	21.965	21.3629	22.5795	21.54	21.2351			21.715	22.1588	21.7577		22.6091	21.7641	21.3919	22.086			22.3596		21.7233	21.9565
PROT_0778	24.2672	24.0821	23.951	24.0053	24.5308	23.9484	23.9836	24.2975	24.3099	24.2604	23.9205	24.0199	24.0707	24.068	23.9583	24.0967	23.9628	23.8199	23.8926	24.3961	23.7902	24.2292	24.146	23.7905	23.7274	24.2171	23.987	24.2532	24.2416	24.2272
PROT_0779	20.9731		21.4763	21.1711	21.6841	21.3297	21.2427	22.2135	21.6905	21.7888	21.979	21.7467	21.706	21.7475	21.8251	21.797	22.3867	22.0871	21.7943	22.0782	21.7348	21.9486	22.077	22.4262	21.6823	22.2219	21.9671	21.4134	22.0417	21.9681
PROT_0780	24.3673	24.862	24.4892	24.4095	25.1034	24.3897	24.5876	24.754	24.4435	24.5631	24.7375	24.7642	24.3838	24.5846	24.5193	24.9139	24.9184	24.3363	24.54	24.819	24.5665	24.8341	24.7773	24.1846	24.5419	24.8777	24.4934	24.2863	25.1158	24.7252
PROT_0781	23.7207	24.2098	24.6272	24.6206	24.3629	24.7045	24.3086	24.5268	24.553	24.2979	24.0069	24.2335	24.5647	24.841	24.306	24.3177	24.1991	24.7182	24.1326	24.0749	24.8512	24.1008	24.4564	24.6503	24.4639	24.2827		24.1409	24.5354	24.4678
PROT_0782	25.7519	25.3881	25.8662	25.5296	25.627	26.0474	25.5372	25.0689	25.7525	25.3522	25.5293	25.5959	25.4093	25.1213	25.3789	25.1705	25.1983	25.8175	25.6059	25.5963	25.6364	25.9816	25.0224	25.5478	25.6768	25.5726	25.6027	25.836	25.4952	25.5425
PROT_0783	22.7844	23.0341	23.1985	23.0819	23.1096	22.7933	22.736	22.9855	22.8511	23.3245	23.1574	22.8713	22.8674	23.1946	23.1082	22.9269	23.1835	23.1519	22.7916	23.0116	22.8774	22.8363	23.2958	23.3704	23.0882	23.2015	23.0423	22.9565	23.3197	22.7901
PROT_0784		18.5405	18.2621						19.1996	18.2932	18.8646	18.2692	19.2351		18.5907	18.8012			18.9434	18.0443			18.5868		19.4134	19.4209	20.0259			18.8439
PROT_0785		20.984		20.9849	21.4661	20.7909	21.3239		21.0703	21.066	20.7721	20.4822	20.9571	21.0049		21.2562	21.0273	21.0389	20.632	21.1331			20.6895	21.2742	21.4345	20.871	21.7106	21.645	21.0272	21.4193
PROT_0786	25.116	25.4772	25.308	25.1581	25.8094	24.9664	25.0258	25.5503	25.4309	25.4251	25.2636	25.1114	25.3876	25.5735	25.2311	24.9167	25.6069	25.395	25.1712	25.6523	25.3886	24.7447	25.2738	25.2009	25.3876	25.5637	25.2357	25.2989	25.6213	25.3263
PROT_0787	22.7092	22.1773	23.223	22.5434	22.9436	22.6374	22.5274	22.4927	22.2329	23.0663	22.2633	22.4842	22.8244	22.868	22.7923	23.0962	22.3494	22.286	22.8346	22.4855	22.6079	22.4823	22.5423	22.3743	22.7949	22.6335	22.2428	22.9965	22.8386	22.7407
PROT_0788	22.8783	22.8403	23.5037	23.1031	23.3472	23.519	23.3062	23.152	23.7097	23.1008	22.7511	23.0192	23.1067	23.2242	23.3129	22.9984	23.2653	23.3345	23.171	23.164	22.929	23.4178	23.2446	23.3602	23.1778	23.4746	23.6145	23.3074	23.3271	23.5191
PROT_0789	23.4218	23.0976	23.1355	23.2379	22.8543	23.1895	22.6754	22.4818	23.1027	22.6869	22.5888	22.8951	22.7338	22.6481	22.8306	22.8805	23.2297	23.0429	23.2751	22.9426	23.373	23.1337	22.7127	22.9685	22.7435	22.8741	22.9848	23.0055	22.7965	23.3906
PROT_0790	22.0477	22.1881	22.5213	22.3924	22.8162	22.7026	22.2704	22.396	22.3605	22.3224	22.1579	22.41	22.5194	21.9988	22.4013	22.5051	22.2152	22.713	22.2078	22.4008	22.5495	22.2792	21.7364	22.5416	22.1825	21.954	22.0335	21.7858	22.084	22.4392
PROT_0791	24.8234	24.6182	25.0037	25.105	24.7732	24.908	25.0753	24.7992	24.7562	24.9651	24.2955	25.1193	25.2759	24.6637	24.7913	25.0084	24.8489	24.9325	24.9625	24.9717	24.8824	25.1632	24.6166	24.8053	25.141	24.8048	24.9784	25.0367	24.7019	24.6581
PROT_0792	21.3175	21.1189	21.5131	21.0128	21.5985	20.8782	21.0307	20.9797	21.1059	21.0136	21.1232	20.8815	20.8445	21.4731	20.4364	21.2069	20.4741	20.1837	21.0021	20.9232	21.1086	21.133	20.7741	21.5006	21.3939	21.4711	20.8972	20.9466	21.4824	20.8439
PROT_0793	19.507	19.5449	20.3448	19.4846	20.0026	19.6738		19.8253		20.1313	19.4412		20.2534	19.5647	19.3532	19.2818	19.9574	19.6338	19.0494	19.5094	19.3374	19.0042			19.9488	20.1103	19.6463	19.7584	19.0469	
PROT_0794	20.0459	20.4422	19.3116		19.9944	20.0173	19.0511	20.614	20.3168	19.4638		20.1089	20.392		19.606	19.807	19.5724	19.6756	19.5813	20.0705		19.9284		19.8381	19.6341	19.033	19.7475	19.2265	19.5413	19.7431
PROT_0795	17.9149			18.1045						18.2092			17.6668		18.6106	19.1819				18.5002	18.461			19.2271						
PROT_0796	22.9481	23.1379	23.0339	23.071	23.35	23.3517	22.7689	23.2735	23.1785	22.8738	23.076	23.2146	23.0677	23.1947	22.9985		23.0178	23.1318	23.3753	23.1866	22.7984	22.8914		22.8883	23.1517	23.565	22.954	22.8775	23.2196	22.6691
PROT_0797	26.7992	26.666	26.7098	26.9821	26.6942	26.505	26.3694	26.6781	26.4158	26.9323	26.5398	26.6069	26.6773	26.8029	26.4121	26.8326	26.6615	26.525	26.5642	26.5805	26.4779	26.8498	26.939	26.5646	26.8077	27.0448	26.3169	26.6199	26.4855	26.5501
PROT_0798	22.1355	21.7195	21.7297	21.5755	22.3827	21.4199	22.4145	22.254	21.7708	21.7406	22.0479	21.1939	21.598	22.1585	21.1444	22.3237	21.648	21.5147	21.188	22.0457		21.8662	21.757	21.572	21.7761	22.2103	21.4075	21.5336	22.1594	21.4231
PROT_0799	23.0152	22.8161	23.0316	22.7144	22.7292	23.3827	22.9571	22.8451	22.8748	22.7637	22.5866	22.8674	23.0795	22.5962	22.7596	22.8583	22.8136	22.9404	22.8452	22.4916	22.5797	23.45	22.3231	23.0839	23.2854	22.9307	22.8463	22.5209	22.8502	23.0035
PROT_0800	21.9749	22.2207	21.8085	21.6318	21.9454	22.4481	22.1815	21.9321	21.834	21.8884	21.8758	22.2723	22.1526	21.7104	21.8429	22.2814	21.9575	22.0909		22.3067	21.8279	21.862	22.1138	22.0518	22.0337	21.7565	22.1959	21.9149	22.0923	21.5487
PROT_0801	20.7563	20.6372		21.0265	20.8244	20.5348	20.0534	21.2256	20.043	21.0071	20.2418		20.8192	20.6991	20.2983	20.6747	21.0285	21.2575	20.8868	20.4675	20.5666	20.7886	20.3337	20.4646	20.888		20.3815	20.6379	20.891	20.6449
PROT_0802	26.6204	26.4218	26.4069	26.3822	26.5438	26.604	26.1852	26.1625	26.5607	26.5524	26.3954	26.3238	25.7297	25.241	25.4475	25.3942	26.7518	26.4656	26.4912	26.3862	26.4876	26.2701	26.2207	26.6612	26.2143	26.257	26.2784	26.4941	26.4333	26.5538
PROT_0803	21.2363	21.5777	21.0689	21.104	21.6299	21.5707	20.9452	21.5925	21.3482	21.3368	21.2331	21.1879	21.4508	21.3955	20.7813		21.2784	21.2162	21.0515	21.9574	21.6868	21.2896	21.465	21.1891	21.2581	21.3569	21.8089	21.3817	21.7404	21.6769
PROT_0804		19.2769									18.7245				19.3068	17.9758	18.9849		18.8823	19.3377			18.6027	18.9451			19.1533	18.1876	18.9053	19.4325
PROT_0805	25.4107	25.4044	25.2976	25.6076	25.378	25.182	25.2674	25.2146	25.2386	25.1875	25.3276	25.1569	25.455	25.3975	25.2112	25.1494	25.2139	25.1736	25.6252	25.322	25.3252	25.2657	25.4306	25.3761	25.3395	25.4892	25.6061	25.5577	25.1426	25.2186
PROT_0806	22.8854	22.8647	22.88	22.9665	22.9262	22.5758	23.302	23.0826	22.6314	22.7742	23.3851	22.697	22.5545	23.0453	22.715	23.145	22.849	23.1327	22.6169	22.8673	22.8633	23.2139	23.0129	22.6464	22.9921	22.9864	24.4401	23.9951		22.6716
PROT_0807	23.4736	23.8353	23.9588	23.6464	23.5173	23.7185	23.6476	23.791	23.8632	23.6372	23.4363	23.6963	23.5661	23.4297	23.5416	23.7159	23.8124	23.5899	23.9269	23.6	23.5257	23.8485	23.6525	23.8082	23.6298	23.7467	23.8193	23.9198	23.8566	23.5443
PROT_0808	24.8009	24.8272	25.7114	25.0857	25.1796	25.1105	24.9528	25.2545	24.9396	24.9407	24.94	25.1591	25.0359	25.0825	24.8877	24.7686	24.7231	25.1734	24.9597	25.0213	25.4137	24.8707	24.6618	25.0781	25.3476	25.3664	24.7681	24.8231	24.982	25.3616
PROT_0809	22.198	22.3639	21.7797	22.1567	22.3026	22.2518	22.2038	21.7807	22.1516	22.3242	22.2139		22.2401	22.3167	22.0743	21.9989	22.1548	21.929	22.2221	22.2233	22.6784	21.9811	22.0625	21.9163	22.2043	22.4274	21.9106	21.9775	22.563	22.5474
PROT_0810	22.7032	22.5008	22.6871	22.5212	23.0026	22.878	22.4656	22.5599	22.6848	22.3986	22.726	22.4718	22.7057	22.5347	22.5059	22.6129	22.5835	22.8165	22.6776	22.4256	22.6714	22.7269	22.3939	22.624	22.3881	22.3435	22.8119	22.537	22.7552	22.5675
PROT_0811	19.9216	19.9453		19.3059	20.011	19.8923		20.0773	19.4763		20.2341	19.5276	19.6755	19.6944	19.1116		19.5584	19.6339	19.3499	19.7762	19.1636		19.6927	19.6021	19.3184	20.3219	20.28	19.1621	19.8821	19.7666
PROT_0812	21.7032	21.7331	21.9929	21.937	22.3858	21.4957	21.7744	21.705	21.974	21.4051	22.0732	21.9304	21.7032	21.9784	21.6821	22.0785	21.9173	21.4907	21.7256	21.7924	21.5674	21.9827	21.5047	21.3435	21.8488	22.1412	21.3475	22.0178	21.7705	21.9648
PROT_0813	20.7577		20.3244	20.3293	20.2008	20.8896	20.5394	20.767	20.1539	20.3024	20.0841	20.4157		19.6488	20.6999	20.6118	19.991		19.914	20.9187	20.5125	19.3152	20.3382	20.9111		19.9973	20.5026	19.9442	20.221	20.1003
PROT_0814	25.7467	25.4586	25.2155	25.4217	25.6526	25.6161	25.1912	25.6865	25.2232	25.4345	25.471	25.2297	25.828	25.1188	25.2575	25.3292	25.139	25.7009	25.4901	25.5737	25.2777	25.5396	25.3611	25.6254	25.9428	25.5197	25.328	25.595	25.3053	25.4082
PROT_0815	22.608	22.7823	22.6915	22.3683	22.7901	23.0209	22.6265	22.4921	22.4264	22.9597	22.3726	22.7822	22.4028	22.4556	22.7137	22.6887	22.5673	22.8868	23.0618	22.8496	22.8447	22.5099	22.1764	22.722	23.0607	22.6496	22.8983	22.8299	22.9235	22.8666
PROT_0816	23.1949	22.251	22.4572	22.5232	22.6905	22.6593	23.1086	22.7331	22.5443	22.8668	22.5463	22.6946	22.8772	22.4769	22.4992	22.5681	22.5604	22.5004	22.7658	22.6498	22.5821	22.8347	22.682	22.6124	22.5408	22.7402	22.6379	22.8203	22.3433	22.5544
PROT_0817	24.5636	24.6235	24.4509	24.1426	24.4987	24.2392	24.166	24.1522	24.4514	24.0194	24.5404	23.8969	24.4073	24.3666	24.4872	24.1621	24.5965	24.1905	24.2465	24.6949	24.3583	24.4983	24.4973	24.3873	24.3977	24.8261	23.9589	24.0856	24.4467	24.1457
PROT_0818	22.7523	22.7077	23.1229	22.7057	23.3022	23.2176	22.6789	22.3437	22.478	22.5596	22.7409	23.0459	22.4513	22.2488	22.912	22.324	22.5057	22.4713	22.6352	22.4436	22.9211	22.6157	22.3629	22.8671	22.5521	22.8862	22.9024	22.63	23.0	22.8218
PROT_0819	28.5394	28.0129	28.6246	28.5287	28.1841	28.4862	28.5438	28.0313	28.7237	28.7417	28.2534	28.2742	28.4839	27.6884	28.1935	28.2944	28.1047	28.615	28.4139	28.0236	28.5099	28.5216	27.873	28.3001	28.6955	28.5382	28.228	28.4523	28.0469	28.3571
PROT_0820	25.6477		25.545	25.6334	25.708	25.3607	25.663	25.3903	25.221	25.5037	25.3788	25.4263	25.6037	25.5347	25.3822	25.763	25.4956	25.3174	25.7615	25.5729	25.3585	25.4597	25.3112	25.3782	25.7584	25.7705	25.5739	25.583	25.3145	25.1639
PROT_0821	22.2248	21.9682	22.0069	21.7586	22.0669	21.9564	21.4001	22.0649	21.9761	21.9775	21.7565	21.9338	22.1433	21.9343	21.8434	21.9727	21.5286	22.0723		21.7585	21.9748	21.9873	21.9147	22.1194	21.913	22.2619	21.913	22.0502	21.9235	22.266
PROT_0822	22.3209	21.4932	22.3336	21.9447	22.3218	21.6887	21.5115	21.8547	22.1229	22.2879	21.4753	21.9299	21.8856	21.699	21.6844	21.8807	21.8642	22.2521	22.3147	21.565	22.1886	21.6668	21.2448	21.8089	21.7646	22.0742	21.9347	21.1982	21.6537	22.081
PROT_0823	26.5896	26.7902	26.7337	26.7374	27.1006	27.0149	26.6646	26.9592	27.1739	26.71	27.0097	27.2297	26.7209	27.0263	27.0696	26.674	26.7814	27.2318	26.5746	26.8287	27.1782	26.9427	26.852	26.9126	26.6268	26.9864	27.0889	26.8175	26.9044	26.7674
PROT_0824	24.256	24.241	24.8964	24.434	24.4936	24.3445	24.2107	24.797	24.4268	24.1826	24.2361	24.1096	24.6179	24.1527	24.5678	24.1138			24.4705	24.2383	24.7052	24.1983	24.7479	24.6202	24.3921	24.5834	24.3878	24.3568	24.4443	24.3099
PROT_0825	24.0058	23.574	23.6706	23.4765	24.0513	24.0807	23.4192	23.3107	23.5225	23.3346	23.9002	23.7962	23.3616	23.6108	23.4726	23.5879	23.9152	23.6228	23.4705	23.5024	23.7089	23.4187	23.5467	23.4691	23.6998	23.3535	23.6816	23.648	23.5204	23.5137
PROT_0826	26.6352	26.7168	26.8096	26.7738	26.7636	26.5894	26.7943	26.3172	26.4121	26.2764	26.2762	26.4849	26.3701	26.359	26.6238	26.6057	26.4182	26.6913	26.5026	26.5832	26.5474	26.1644	26.5039	26.2902	26.4204	26.7827	26.4188	26.4542	26.5082	26.4871
PROT_0827	23.8775	23.828	24.5175	24.0623	23.7869	24.0404	23.6109	23.6532	24.4588	23.6933	23.5105	23.9911	23.1055	23.2417	23.3281	23.0961	23.6293	24.041	23.902	23.575	24.1031	23.8671	23.7785	23.91	23.5111	24.0077	23.9498	23.7629	23.9997	23.9663
PROT_0828	22.5489	22.4895	21.964	22.3042	22.564	22.4355	22.1594	21.8759	22.4838	22.936	22.2895	22.1266	22.6308	22.4743	22.2402	22.4699	22.2575	22.5524	22.9838	22.2881	22.2812	22.6633	22.2346	22.4656	22.8684	22.9992	22.5119	22.5939	22.0959	22.5759
PROT_0829			17.8658								16.9553	17.16							17.8954				17.6703					17.8262	17.8296	
PROT_0830	25.2006	25.6424	25.7169	25.1139	25.5354	25.5267	25.4427	25.2115	25.6053	25.3653	25.5351	25.1641	25.1278		25.3281	25.2853	25.4574	25.2515	24.9126	25.5254	25.6907	25.3651	25.6499	25.3028	25.4336	25.6505	25.3482	25.1632	25.4782	25.6416
PROT_0831	24.9918	24.8816	25.6059	25.3138	25.4905	25.3431	25.0745	25.5885	25.1794	25.0213	25.4887	25.1255	25.4264	25.2504	25.0047	25.2352	25.2038	25.1703	25.1978	25.1269	25.0842	25.2715	25.2568	25.1863	25.3407	25.3521	24.9778	25.1257	25.2486	25.1173
PROT_0832	18.9587	19.3349	19.744	19.4051		18.7012		19.5424			18.7723		18.7742		18.5601		18.0036	19.4058	19.198		18.9891	19.021	18.2416	19.631			18.5154			18.8855
PROT_0833	19.2409	19.806	20.3419		20.17			19.6648	19.7225	19.7476	19.1803	19.638	19.3723			18.8074		19.4143	18.8558	20.3133	20.8894	19.982	19.3683	19.7695		19.4354			19.1906	19.6793
PROT_0834	23.3273	23.4053	23.1837	23.3938	23.235	22.8771	23.0096	22.6023	23.4444	23.1977	23.4009	23.0728	23.0218	23.0544	23.0213	22.8597	23.216	23.255	23.7967	23.3943	23.2055	23.5834	23.4914	23.3465	23.5395	23.5562	23.2934	23.5727	23.4534	23.3783
PROT_0835						18.627			18.0967			18.5408						17.6638			18.6645					18.8897			17.9939	18.8358
PROT_0836	19.8485	19.6082	20.0155			19.7096	20.1427	19.9432					19.4741	19.871	19.8533	19.72	20.2194	19.677	19.7455		19.8977		19.4436	19.5851	19.8094	19.778	20.197	20.8612	19.7862	
PROT_0837	18.9821	19.539	19.7697	19.4532	20.0607		19.5147	19.8209	20.3381	19.8467	19.8228	20.1454	19.5651		19.4352	18.9607		20.4618	19.3559	19.5959	20.2079	19.6646		20.3184	19.2192	20.1131	19.9839	19.9804		19.8996
PROT_0838	23.3453	22.3696	22.9871	23.3273	23.1273	22.4435	22.9218	22.8608	22.5886	23.0312	22.7113	22.4654	23.1648	22.8091	22.9317	22.981	23.1816	22.8145	22.8687	22.5854	22.3676		23.1128	22.6192	23.4443	22.9646	22.9718	22.5328	22.7845	22.7478
PROT_0839	26.8534	26.7003	26.3847	26.4254	26.7288	26.5914	26.2252	26.6986	26.5935	26.5404	26.3645	26.1828	26.245	26.4424	26.0471	26.436	26.3722	26.5824	26.2722	26.847	26.538	26.4205	26.2689	26.6005	26.6692	26.7511	26.705	26.5357	26.8428	26.6238
PROT_0840	21.7707	21.6281		21.6685	22.0836	22.0733	22.131	22.1767	22.0046	21.9318	22.0377	21.8393	22.2402	22.0187	22.0369	22.0855	21.4493	21.8576	21.2916	21.5546	21.793	22.2866	21.9614	21.928	22.5592	22.4506	21.7576	21.7746	22.0016	22.108
PROT_0841	20.5002	20.9886	20.7165	20.5897	21.0826	21.2678	20.8246	21.0759	21.4106		21.0494	20.4253	20.8105	20.6894	21.0866	21.0213	20.8001	21.1	20.8243		20.2302	20.8766	20.8957	21.3662	21.0206	21.3219	20.7229	20.7107	20.7499	21.0319
PROT_0842	22.0552	21.6952	21.8192	22.0501	22.0132	21.7016	22.4107	21.5659	22.074	22.0665	22.1464	22.2312	21.7949	21.5721	21.5642	22.2729	22.2505	22.2996	21.9415	21.9345	22.1553	21.871	21.5375	22.0754	22.1305	21.9389	21.8835	21.8797	21.9132	22.0793
PROT_0843	27.7336	27.7695	27.4819	27.6495	28.0146	27.6781	27.6619	27.5034	27.1592	27.5518	27.5557	27.4666	27.573	27.3944	27.5434	27.5649	27.1332	27.1321	26.8988	27.3349	27.5634	27.6082	27.5923	27.5054	27.3209	27.7078	27.6479	27.6296	27.4826	27.2357
PROT_0844	22.682	22.7543	22.7434	22.6235	23.1175	22.7281	23.5638	23.7608	22.6989	22.6068	22.6779	23.2743	22.7615	22.6608	22.5133	22.6113	23.0796		22.8343	22.6119	22.9712	22.6388	22.9021	22.356	22.5914	23.0247	22.499	22.3625	22.5295	23.0798
PROT_0845		18.5839	19.1625					19.1967	19.086		18.0144	18.3148			18.5812	18.5231		18.9993		18.7949		18.9945		18.9349				18.5144	18.2377	
PROT_0846	24.578	24.5701	25.0155	24.9462	25.018	25.2715	25.252	24.9066	25.2105	24.9365	24.8414	25.2413	25.0675	24.9984	24.915	25.0219	24.8889	25.1956	24.7595	25.1788	24.8835	24.7063	24.8567	24.8954	25.1373	24.921	25.2524	24.9568	24.7764	25.3589
PROT_0847										17.7606																				
PROT_0848	18.9712	19.8387	19.5267			18.5658		18.8125	18.1665	17.9799	18.5957	19.205	18.888	18.1545				19.5594		19.2974			19.2971	19.3682		19.9053		18.9108		
PROT_0849		23.2861	23.7675	23.5691	23.6954	23.6656	23.2808	23.3119	23.5508	23.5288	22.853	23.1267	23.666	23.0439	23.0742	23.7511	22.768	23.5139	23.628	23.4108	23.378	23.5102	23.385	23.4366	23.5756	23.4333	23.5622	23.8305	23.6364	
PROT_0850	22.0957	22.013	22.1195	21.7559	22.0043	22.7071	21.8184	21.796	22.4456	22.0009		22.0528	21.8303	22.2681	22.4321	22.3079	22.1562	22.199	22.3782	21.9073	23.1868	22.2441	21.89	22.4263	21.9327	21.8843	22.0808	21.8093	22.3462	22.7032
PROT_0851	23.6887	23.9301		24.0638	24.131		23.4802	23.7232	23.6162	23.6925	24.2367	24.2538	23.8715	23.7808	23.7592	23.611	23.3309	24.0639	24.2911	24.1417	23.7406	23.7971	23.7326	24.0338	24.044	23.7481	23.9554	24.3381	23.4979	24.2644
PROT_0852	20.9148		20.7372	20.6153	20.9893	20.7356	20.8898	20.9808	20.9559	20.6905	20.7993	21.139	20.8024	20.9025	20.7583	21.6519	21.0188	21.1123	20.5585	21.1449	20.8597	20.9674	20.9642	20.482	21.4266	21.0236	20.7465	21.1018	21.1396	20.8976
PROT_0853	26.4845	26.6761	26.935	26.2367	26.8424	26.6137	26.6793	26.7935	26.6927		26.7241	26.7547	26.2347	26.6872	26.6527	26.3399		26.6247	26.5565	26.7987	26.6112	26.5054	26.5286	26.9707	26.4888	26.7166	26.779	26.4205	26.6696	26.6978
PROT_0854	23.1426	22.6457	22.662	23.1178	22.7524	22.8081	23.3093	22.7068	22.9474	22.5239	22.4838	22.5961	22.8966	22.5591	22.5736	22.9135	22.4766	23.3288	22.9904	22.8729	22.9941	22.7374	22.8644	22.5853	22.7064	23.0597	22.6929	23.1308	22.4231	22.8229
PROT_0855	24.7923	24.4424	24.6289	24.2854	24.2764	24.4654	24.7611	24.4186	24.7118	24.5637	24.3433	24.3428	24.4872	24.2675	24.2731	24.6023	24.1397	24.7189	24.3978	24.0339	24.5073	24.8248	24.2989	24.7591	24.5975	24.5909	24.5961	24.6031	24.4969	24.5796
PROT_0856	21.582	21.5772	21.8735	21.6248	22.325	21.7596	21.4876	21.4011	21.8035	21.4836	21.4539		22.0261	21.559	21.3933	21.9144	21.1717	21.6225	21.7915	21.6372	21.3443		21.8998	21.3964	21.7378	22.0247	21.436	21.1261	21.662	21.6572
PROT_0857	24.0826	24.2536	24.0944	23.9786	24.2639	24.1573	24.2571	24.0395	24.0918	23.7428	23.9755	23.9158	24.0771	23.9478	24.0544	24.3677	23.9277	23.8129	23.9997	23.927	24.0645	23.9919	23.8547	24.0278	24.1703	24.3791	24.4257	23.5537	24.1901	24.2564
PROT_0858	22.6728	22.431	22.3204	22.659	22.9131	22.6512	23.0079	22.8494	22.4229	23.0849	22.5453	22.425	22.8233	22.7095	22.8172	22.7834	22.8752	22.9676	22.8058	22.8881	22.829	22.5367	22.5416	22.4061	23.0015	23.3304	22.9039	22.8868	22.6607	23.1804
PROT_0859	18.7132	18.9495		19.7821	20.021	19.4687		19.6918			18.0204		19.1023	19.5971			18.8095	18.5796	18.9406	18.9129	18.5339	18.5876	19.5133		19.9161	19.2895	18.8417	18.6357	18.8921	18.7993
PROT_0860	20.241	19.7875	19.387		20.6165	19.8008	19.6615	19.6315	19.5142	20.7935	19.6489		19.9891	20.1615	19.3872	20.3167	19.9293	20.4257	19.4869		19.3061	19.0666	18.8874	19.7244	19.8022	20.1612		19.2678	20.1563	19.7388
PROT_0861	19.6726	20.7561		20.2782	20.5486	20.4105	20.8748	20.2709			20.6815	20.7731	20.9567	20.6866		20.5841	20.6793	20.8039	20.6834	20.3394	21.011	21.0945	20.6379	20.3247	20.0298		20.2197	20.5048	20.1561	20.3396
PROT_0862	23.3683	23.9991	23.3001	23.5896	23.4889	23.9797	23.8519	23.4703	23.4555	23.7393	23.3292	23.1473	23.4426	23.7258	23.205	23.664	23.3491	23.4833	23.7862	23.2956	23.3259	23.6342	23.4866	23.1444	23.5338	23.616	22.9621	23.5868	23.2881	23.492
PROT_0863	22.4087	22.1799	22.2848	22.3764	22.706	22.0844	22.018	22.2129	22.2463	22.6229	22.1837	21.7414	22.6182	22.1649	21.7571	22.2108	22.3223	22.337	22.2346	22.204	22.2444	22.1728	22.7248	21.8061	22.3992	22.3491	21.7567		22.586	22.1378
PROT_0864	21.2057	20.963	21.1616	20.8459	20.8808	21.3113	21.62	20.8123	20.7221	20.7019	20.814	20.5723	21.2003		20.6462	20.8523	20.2682	20.7745	21.603	21.0876	20.8148	21.1314	19.9707	21.5044			20.8909	21.1288	20.8654	20.2617
PROT_0865	21.1106	21.2651	20.5995	20.8564	21.1626	21.4274	21.0808	21.0694	21.1476	20.87	20.6585	20.593	21.3616	20.6927	20.6899	20.4871	20.8948	20.9667	20.8927	20.6441	20.5658	20.6736	20.767	20.9467	21.0972	21.552	20.8939	21.3295	21.147	21.1374
PROT_0866	25.4356	25.7844	25.8716	25.4693	25.9303	25.7706	25.4813	25.6952	25.5986	25.4212	25.8615	25.9488	25.5967	25.718	25.7176	25.3304	25.6649	25.6812	25.521	25.6599	25.7336	25.5356	25.7234	25.308	25.4076	25.5881	25.7181	25.3727	25.6571	25.9362
PROT_0867	21.9899	21.338	22.0401	21.8912	21.8826	21.3497	21.612	21.6273	22.2933	22.0085	21.3178	22.0886	22.0319	21.8248	21.8225	21.7561	21.5319	22.3231	21.9838	21.9096	21.7622	21.8829	21.4385	22.2407	21.9835		21.8232	21.6754	21.4478	22.1173
PROT_0868	26.2991	26.4143	26.5093	26.4233	26.5944	26.8704	26.6418	26.3266	26.7222	26.1766	26.3666	26.3141	26.6392	27.0356	26.5677	26.5927	26.2744	26.713	26.7498	26.4666	26.5542	26.2882	26.4648	26.8003	26.8308	26.6496		26.351	26.5048	26.5314
PROT_0869	24.5499	24.1567	23.9646	24.4255	24.7057	24.4161	24.4513	24.3343	24.2556	24.6335	24.2865	24.3983	24.0965	24.3552	24.4566	24.8445	24.4018	24.3004	24.1656	24.2482	24.5775	24.8413	24.5085	24.5041	24.4417	24.4742	24.5703	24.537	24.1981	24.3951
PROT_0870	19.5009	20.1879		19.6289	19.4305	19.6637	19.4907	19.2816	19.9911	19.2839	18.9852	19.787	19.7896		19.3345		19.6617		19.6665	19.1855	19.1893	18.8608		19.5009		20.2825		19.9586	18.9643	19.2975
PROT_0871	26.1463	26.2789	26.3766	26.3743	26.2014	26.3799	26.1684	26.2253	26.365	26.3993	26.3028	26.5046	26.4308	26.2538	26.1822	26.1778	26.071	26.4768	26.2824	26.5681	26.6055	26.3298	26.4312	26.5339	26.3369	26.5166	26.6119	26.3668	26.0121	26.366
PROT_0872	24.3809	24.332	24.256	24.4715	24.6289	24.2103	23.9739	24.092	24.1338	24.2078	24.1132	23.9636	24.2797	23.9227	24.2569	24.1174	24.2456	24.4196	24.0449	24.5048	24.2993	24.0627	24.4504	24.3389	24.3552	24.3685	24.0471	24.149	24.0714	24.3722
PROT_0873	22.7389	22.24	22.6882	22.8809	22.6331	22.7161	22.6643	22.3777	22.6852	22.5727	22.7508	22.8042	22.9952	22.8207	22.8173	22.4045	22.3865	22.7852	23.174	22.2675	22.427	22.4446	22.2441	22.3035	22.6693	22.4328	22.5314	22.5415	22.5651	22.9077
PROT_0874	23.5033	23.1252	23.607	23.3898	23.0285	23.4355	23.3955	23.5603	23.6895	23.5189	23.2188	23.1647	23.1214	23.66	23.1038	23.4553	23.1572	23.357	23.5457	23.5322	23.464	23.3866	23.3808	23.4298	23.1981	23.5278	23.1258	23.399	23.3331	23.8357
PROT_0875	24.2474	24.3445	24.3836	24.2591	24.3504	24.3616	24.214	24.4995	23.8988	24.4566	24.3977	24.5369	24.4505	24.7207	24.581	24.4403	24.2465	24.4691	24.3159	24.148	23.8916	24.4861	24.2499	24.2719	24.3081	24.3283	24.74	24.5656	24.2628	24.3216
PROT_0876	24.7122	24.5525	24.2857	24.8769	23.7646	23.5398	24.6128	24.2857		24.8311	24.5575	24.5884	24.7115	24.2562	23.6122		24.4448	24.601	24.5769	24.7795	24.6934	24.7741	24.0804	24.2558	23.6766	23.9557	24.0925	24.2754	24.7571	24.4731
PROT_0877	24.5994	24.7932	25.1001	24.4091	25.2452	25.0356	24.4399	24.9765	24.3515	24.4761	24.6889	24.8208	24.5577	24.8597	24.969	24.9525	24.9732	25.0374	24.2009	24.7607	24.6193	24.0711	24.8022	24.8447	24.9243	25.2256	24.9514	24.8117	24.7213	24.4191
PROT_0878	22.7068	22.8325	22.9382	22.4273	23.1011	23.0629	22.6029	23.1495	22.6052	22.8901	23.0658	22.6333	22.9798	22.5742	23.0849	23.0518	23.2847	22.8997		23.0477		22.7566	22.5455	23.1584	23.0357	23.0473	23.5768	22.4397	23.3196	22.5751
PROT_0879	22.6179	22.9577	23.0077	22.5086	22.9035	22.8542	22.4489	23.0766	22.7811	22.6773	22.7805	23.2463	22.9607	23.3748	23.0905	22.381	23.1875	23.1022	22.761	23.197	22.8307	21.9461	23.0523	23.1234		23.1476	22.492	22.6303	23.0873	22.9109
PROT_0880	21.2606	21.5692	21.6023		21.514	21.8065	21.6955	21.8613	21.3227	21.1454	21.3663	21.6278	21.9178	21.8121	21.3595	21.3888	21.0221	21.5461	21.2686	21.0341	21.2382	20.9911	21.6438	21.1679	21.0236	21.5592	21.8046	21.2419	21.6512	21.8181
PROT_0881	25.1197	25.2251	25.0608	24.9488	25.449	24.9502	25.0748	24.969	25.0809	24.8905	24.9536	25.3807	25.1133	25.1628	25.2339	25.021	25.2333	25.0919	25.1087	25.1538	25.3065	25.0618	24.8149	24.9329	25.1618	25.3345	25.0381	24.9867	25.2126	25.3144
PROT_0882	19.3811		19.8799	19.7617		19.4349	19.5959	19.8212	19.4296	18.969	19.3395	18.8703	19.8161	18.8662	18.8614	19.208	19.655	19.1608		19.8014	19.297			18.9505	19.7051	18.9397	19.8223	19.4163	19.6685	19.2327
PROT_0883	23.6175	23.9661	23.9723	23.4358	24.8256	24.0649	23.7524		24.328	23.9128	24.0295	23.955	23.8432	24.0227	24.0203	23.7991	24.1713	23.6494	23.6766	24.0645	24.1256	23.8118	24.1719	24.1766	24.2265	24.2901	23.8435	23.6769	23.9091	24.1188
PROT_0884	21.3333	21.2573		21.4317	21.5051	21.5097	21.3278	20.738	21.2767	21.4903	21.7637	21.3615	21.1676	21.5279	20.9711	21.5216	21.2514	21.2852	21.2749	21.3469	21.4299	21.1802	20.989	21.4097	21.4404	21.3846		21.6743	21.4653	21.3522
PROT_0885	22.3706	22.1013	22.6007	22.2769	22.8971	22.108	21.9957	22.4983	22.753	22.5182	22.1372	22.5414	22.3094	22.2252	22.2703	22.387	22.2531	22.7276	22.3463	21.8401	22.4834	22.5971	22.046		22.3322	22.3152	22.3134	22.2019		22.3447
PROT_0886	21.9874	21.6196	21.6439	21.708	21.8903	20.8979	21.7174	21.8318	21.6143	21.5894	21.3125	21.6307		21.946	21.9716	22.0455	21.6726	21.5875	21.5564	21.3184	22.0047		20.8582	21.687	21.3441	22.2529	22.2003	20.9821	21.9329	21.8943
PROT_0887	23.8717	23.6148	24.0893	24.0212	23.2426	24.1642	23.9595		24.0386	24.1689	23.688	23.6751	23.8821	23.6972	23.6657	23.9698	23.8792	24.2641	23.8674	23.5847	24.2156	24.1377	23.5526	24.1421	23.9464	23.6333	24.0328	24.0585	23.6123	24.2078
PROT_0888	23.2156	22.7048	23.1516	23.1657	23.0603	23.1981	23.3453	23.0343	23.1012	23.6173	23.2176	23.6342	23.0364	23.1176	22.7309	23.2099	23.1548	23.0537	23.0501		23.576	23.4698	22.8891	22.9887	23.7587	23.3482	23.2726	23.0615	23.1462	23.3152
PROT_0889	20.2735	20.9676	20.1616	20.4483	20.6854	20.9044		20.4144	20.7048	19.9113	20.3952	20.0414	20.2267	20.2765	20.5723		19.8709	20.2777	19.8672	20.4486	20.3738	19.7209	20.222	19.8892	19.4786	20.5559	20.4033	20.1331	20.5153	20.0107
PROT_0890	23.0903	23.4189	23.5325	22.9502	23.2933	23.5935	23.2266	23.622	23.4922	23.6074	23.4892	23.7489	23.3417	23.2539	22.6781	23.4658		23.8578	23.5986	23.3082	23.8414	23.4007	23.395	23.2187	23.2966	23.0513	23.3085	23.6236	23.3902	23.2236
PROT_0891	20.6626	20.8933	20.4287		21.1136	21.0651		20.6267		21.3275	20.6691	20.6999	20.5925		20.438	20.8765		20.5536	20.5337	21.0933	20.4974	20.285	21.1344	20.4617	20.9424	21.0926	20.1437	20.0884	21.4399	20.758
PROT_0892	19.074	19.3421	19.4103	18.9537	18.9351	19.2879	19.4917	19.3114	19.4206	19.4954	18.8418	19.3467	19.0008					19.4329	19.9966	19.444	18.6498	19.0961	18.5827	19.6338	19.5236	18.7588	19.594		19.2097	
PROT_0893		24.8627	24.9315	24.6546	24.881	24.425	25.3896	25.4499	25.5555	25.3174	25.2847	25.2196	25.5505	25.4763	25.2791	25.2678	25.3255	25.5939	25.2232	25.5316	25.2009	25.1334	25.6035	25.1685	25.4303	25.188	25.611	25.2847	25.6211	25.371
PROT_0894	25.7527	25.4537	25.9088	25.7051	25.3103	25.6692	26.0035	25.5371	25.5854	25.6287	25.5533	25.6055	25.9212	25.6727	25.6192	26.0499	25.5194	25.5168	25.7312	25.6035	25.9195	25.6849	25.2229	25.7586	25.9606	25.9444	25.8471	25.929	25.6935	25.7294
PROT_0895	17.9808		19.0026	16.2748																			17.1906							
PROT_0896	22.8603	22.6526	23.0276	22.7374	23.1365	22.6967	23.2803	23.1363	23.0262	22.7536	23.1748	22.9906	23.3234	23.078	22.8582	22.6273	22.6477	22.8298	22.6845	23.0148	22.7192	22.8361	22.6404	22.8222	23.0198	23.4558	22.7049	22.8344	22.9934	23.1964
PROT_0897		22.5537	22.2522	22.6107	22.7387	22.783	23.1177	22.3644	22.8977	22.6134	22.5826	22.438	22.5734	22.6606	22.7891	22.5741	22.564	22.6928	22.5522	22.9701	22.6303	22.9467	22.7575	22.7561	22.9463	22.7822	22.5611	22.5908	22.6656	22.6729
PROT_0898	24.7331	24.8711	25.1911	24.8767		24.9054	24.728	25.0516	24.7543	25.0536	24.8851	24.981	25.0056	24.6581	25.2427	24.6749	24.8976	25.1365	24.8141	25.0689	25.2058	25.0195	24.2977	24.9518	25.0695	25.2241	24.9972	24.9312	24.696	25.1753
PROT_0899	24.7718	25.0105	24.8327	24.5683	24.7965	24.8157	24.6207	24.6195	24.7695	25.0777	24.7218	24.5019	24.4704	24.9391	24.5463	24.5746	24.6107	24.6574	24.6357	24.9079	24.9467	24.4357	24.68	24.534	24.8514	24.8633	24.5262	24.9366	24.5418	24.4592
PROT_0900	25.0571	25.3378	25.321	25.1792	25.2275	25.0316	24.9548	25.3895	25.0675	25.1537	25.0683	25.4054	25.2951	25.0778	25.3063	25.1124	25.3298	25.747	25.2334	25.7154		25.1647	25.2678	25.2052	25.1289	25.4414	25.0637	25.211	25.3265	25.4209
PROT_0901	22.8477	22.4501	23.2253	22.9567	22.7677	22.7169	22.8566	22.7681	22.8311		22.4743	22.8787	22.8636	22.4977	22.7141	22.7354	22.7306	22.4965	22.9534	22.7492	22.7179	22.5026	22.8582	22.9732	22.687	23.1043	22.5092	22.6338	22.8982	23.0451
PROT_0902	23.782	23.6025	23.7805	23.3328	23.9389	23.549	23.6541	23.5209	23.7907	23.6142	23.4857	23.4344	23.7053	23.8588	23.3334	23.8536	23.6438	23.8663	23.2602	23.1745	23.8591	23.7884	23.4621		23.6716	23.3948	23.7916	23.8731	23.2388	23.3652
PROT_0903	26.3466	26.1411	26.4988	26.259	26.471	26.4694	26.1463	26.5409	26.6998	26.3563	26.451	26.373	26.1415	26.1493	26.425	26.2538	26.0353	26.4409	26.0717	26.6087	26.5523	26.3258	26.4508	26.5002	26.2123	26.2239	26.3988	26.4929	26.3951	26.4332
PROT_0904	21.5903	21.3777		21.6871	21.6856	21.6341	21.8241	21.6542	21.4223	21.701	21.5364	21.9075	21.7288	21.4366	21.6624	21.6795	21.4568	21.7035	21.8458	21.6576	21.8224	21.8867	21.2856	21.844	21.7683	21.8057	21.331	21.6194	21.8188	21.6531
PROT_0905	20.1111	19.3857	20.0104	19.5342	19.7251	19.7778	18.9086	19.869	19.7631	19.404	19.4667		19.4285	20.0054	20.0065	19.4383	19.4439	19.3429	19.0279	20.0003	20.3345	19.2292		19.906	19.4773	19.6835	19.5773	19.1474	19.7699	19.5197
PROT_0906	23.3815	23.1392	23.3912	23.7823	23.2385	23.5448	23.7369	23.3242	23.4475	23.8714	23.257	23.1668	23.909	23.3869	23.4443	22.9911	23.5526	23.8016	23.5928	23.8254	23.893	23.7792	23.628	23.7664	23.2698	23.498	23.5228	23.6863	23.2336	24.0587
PROT_0907	22.408	22.2234	22.4565	21.9944	22.4391	22.8262	22.0464	22.2578	22.5268	22.0992	22.4607	22.6148	21.7754	22.7485	22.0802	21.8742	22.428	22.6598	21.9823	22.2693	22.4345	22.2168	22.4262	22.5458	22.3081	22.7804	21.9993	22.6047	22.3887	22.3604
PROT_0908	22.6769	22.5528	22.2291	22.2761	23.1829	22.4362	22.3267	22.6224	22.5229	22.553	22.6982	22.4192	22.2553	22.5189	22.2006	22.4388	22.4698	22.6439	22.4766	22.5029	22.8293	22.7469	22.5635	22.6739	22.6676	22.4181	22.5307	22.7314	22.8983	22.5752
PROT_0909	24.5689	23.9858	23.9654	24.1902	24.2902	24.4135	24.3775	24.1235	23.9741	24.4425	24.2824	24.1207	24.6328	24.0088	24.3465	24.1959	24.1989	24.4775	24.508	24.1071	24.1219	24.5918	24.2224	24.109	24.7404	24.2663	23.9771	24.5502	24.1866	24.2762
PROT_0910	22.8774	22.9859	22.6643	23.1469	23.1335	22.7733	23.042	23.5535	22.193	22.3869	23.0668	23.0713	23.3079	22.7115	23.0215	23.4266	22.9971	23.167	23.5876	24.059	23.0564	22.7268	22.8138	22.9105	22.23	22.865	22.637	23.0176	23.1093	23.0316
PROT_0911		25.3296	26.0035	25.5851	25.7898	25.6724	25.8425	25.7342	26.0966	25.5312	25.549	25.7378	25.932	25.6123	25.8736	25.4955	25.6372	25.8196	25.7243	25.5426	25.8081	25.7499	25.2823	25.5642	25.5586	25.9277	25.5105	25.5189	25.6734	25.7062
PROT_0912	29.3562	29.5417	30.1278	30.0649	29.6695	29.7885	29.4924	29.7862	29.5329	29.4522	29.5815	29.42	29.6777	29.6427	29.1208	29.3014	29.4804	29.6629	29.4635	29.7155	29.8132	29.6307	29.4301	29.6879	29.5604	30.013	29.1393	29.3008	29.4942	29.5333
PROT_0913	24.1501	23.7783	24.0009	24.0402	24.1324	24.0684	23.6838		23.7446	23.8581	24.1895	23.7968	24.2103	24.0186	23.1511	23.5286	24.0896		24.0677	24.009	24.1817		23.9926	24.0492	24.2546	24.0299	24.0824	23.8335		24.1805
PROT_0914	22.5262	21.9955	22.7139	22.3972	22.3505	22.5751	22.2845	22.0045	22.8349	22.5671	22.1727	22.6548	22.64	22.4809	22.3657	21.948	22.3472	23.0106	22.4849	21.9392	22.3557	22.6353	22.4683	22.8455	22.5109	22.0949	23.0266	23.0145	22.1639	23.2795
PROT_0915		19.6164	19.9573	19.3123		19.5519		20.1274		19.8292	19.5712				20.0381	19.5705	19.3496	19.5807	19.6785	20.1097	19.7834	19.7178	20.2647	19.22	19.8008		19.7844	19.2384	20.0925	19.7012
PROT_0916	23.253	23.4392	23.6063	23.1029	23.7548	23.3803	23.1625	23.4467	23.3532	23.3911	23.4675	23.3911	23.1715	23.4104	23.2985	23.5469	23.5011	23.6258	22.9668	23.5333	23.6777	23.1456	23.6357	23.3454	23.226	23.4102	23.7653	23.4128	23.105	23.5584
PROT_0917	26.0065	26.1394	26.3313	26.5903	26.6795	26.5823	26.488	26.3861	26.0874	26.0239	25.9598	26.0137	26.3214	26.5143	26.4805	26.5735	26.6305	26.5319	26.056	26.3739	26.2458	26.0377	26.3639	26.1608	26.9497	27.0387	26.3108	26.6053	26.378	26.3576
PROT_0918	23.8815	23.8872	23.8962	23.785	24.0176	24.1186	23.8684	24.3679	23.8936	23.6434	23.942	24.2091	24.2349	24.1141	23.9081	23.8683	23.8421	24.0447	23.7203	23.9626	23.8774	23.8701	23.7354	23.8176	23.9092	24.1869	23.9405	23.8824	23.9697	23.7275
PROT_0919	20.0314			20.2893	20.0346	20.6901	20.3422	20.2516	21.0698	21.3131	20.7461	20.2938	21.0824	19.9565	20.562	20.8185	20.4446	20.0519	20.5845	19.8077	20.4032	20.6996	20.5229	20.2761	20.1649	20.3704	20.5081	20.3572	20.2542	20.3339
PROT_0920	25.8778	25.9307	25.7626	25.9653	26.0261	25.7896	26.0052	25.737	25.8384	25.9011	25.7109	25.5095	25.9034	25.9056	25.9038	25.8149	26.0242	25.7292	25.9851	25.7994	25.8819	25.9489	25.8614	26.045	25.9656	26.188	25.6321	25.8673	26.0902	25.9091
PROT_0921	24.0448	23.951	24.415	24.3995	24.1769	23.721	24.3076	23.9759	23.8394	24.2623	23.7477	24.3284	23.9068	24.2124	24.061	23.9927	24.0145	24.4336	24.028	23.9582	24.469	23.8513	23.6026	23.9041	24.3021	24.3108	23.9262	24.4098	24.1888	24.3206
PROT_0922	26.2666	26.2016	26.3318		26.3127		26.392	26.3153	26.466	26.1722	25.8948	26.5144	26.4622	26.1401	26.3538		25.9713	26.5853	26.0833	26.2253	26.4051	25.993	26.2606	26.6284	26.2121	26.3888	26.4331	26.3027	26.0969	26.4222
PROT_0923	26.1991	26.7042	26.5596	26.1087	26.7589	26.2793	26.4508	27.0034	26.3961	26.2449	26.3749	26.5882	26.4114	26.3148	26.4812		26.794	27.0238	25.1554	25.8967	26.6725	26.2009	26.5339	26.6241	26.6909	26.6449	25.5982	25.6537	26.446	26.6395
PROT_0924	24.2706	24.4116	24.6165	24.1973	24.5945	24.3152	24.5799	24.7496	24.569	24.3522	24.489	24.6737	24.3529	24.3845	24.623	24.4008	24.3907	24.4024	24.0275	24.7292	24.6654	24.4927	24.5355	24.4435	24.4166	24.7088	24.4425	24.4067	24.4716	24.9769
PROT_0925	24.2246	24.2409	24.2987	24.4772	24.6321	24.3578	24.1552	24.3138	24.212	24.5144	24.05	23.6219	24.4732	24.5775	23.93	24.379	24.1252	24.3536	24.219	24.4861	24.5645	24.8594	23.9476	24.0793	24.3436	24.861	23.7221	24.295	24.7598	24.023
PROT_0926	24.5846	24.4883	24.7195	24.6321	24.6328	24.8709	24.1455	24.4263	24.7261	24.6215	24.2962	24.8453	24.4766	24.3576	24.5677	24.4908	24.5271	24.4067	24.6664	24.3392	24.4199	24.8561	23.9351	24.4541	24.495	24.3968	24.8717	24.4246	24.2966	24.6003
PROT_0927	23.962	23.927	24.4496	24.177	24.033	24.1346	24.0667	24.0855	24.3804	24.0515	23.8829	24.2709	24.2232	24.0294	24.1651	24.3014	23.7929	24.4803	23.9786	24.0595	24.2831	23.9853	24.1242	24.4283	23.9176	23.8735	24.2751	24.2456	23.719	24.3806
PROT_0928	19.1215	19.093	19.292				19.4604	20.3592	19.358	18.713			19.6511		20.176			19.0091	19.6231	19.052	19.0003			19.3323	19.6524	18.1581	19.8292		19.2518	19.4594
PROT_0929	20.1831	20.1844	20.7868	20.1516	21.0591	19.6977	19.9778	20.5204	19.7357	21.0551	20.2654	20.3367	19.9187		20.2047	20.4045	20.0236	20.8622	20.8816	20.5879	20.61	20.2006	19.9942	20.7362	20.566	20.4894	20.4973	20.0315	20.9899	20.4609
PROT_0930	27.8851	28.1491	28.4474	28.6901	29.3341	29.0996	28.6264	28.444	28.3503		28.0939	28.1558	28.5542	28.4078	28.6494	28.8166	28.6339	28.8357	28.0994	28.253	28.2556	28.1687	28.6009	28.4809	28.913	29.2891	28.7263	28.5379	28.0793	28.2081
PROT_0931	24.006	23.5881	24.1258	23.7072	24.1028	24.0176	23.8476	24.0732	23.8658	23.8708	23.9333	24.0665	23.8442	23.8187	23.6845	23.7932	24.0736	23.8199	24.1821	24.2646	23.9803	23.8465	23.9826	23.857	23.7853	23.8605	24.1242	23.8954	24.1525	24.0271
PROT_0932	25.3426	25.0959	25.0372	25.0643	25.2732	24.8744	24.9598	24.8527	25.0968	24.8081	24.9496		24.7997	24.7306	24.8611	24.9388	24.8869	25.1491	25.1116	24.7595	25.0783	25.3029	25.0227	25.0058	25.0799	25.2283	24.8374	24.8697	24.7809	24.9659
PROT_0933	20.9675	20.2454	20.249	20.2372	20.8474	20.3757	20.3243	20.6426		20.3551		20.5668	20.4441	20.6845	20.3211	20.4283	20.7588	20.4263	20.3215			19.6041	20.2506	20.6618	21.1546	20.6573	20.1414	20.737	20.5354	21.077
PROT_0934					18.3391	18.0211							15.7297		17.6186		17.6878		17.4979					17.9149						
PROT_0935	22.6095	22.5712	22.6279		22.2081	22.4109	22.1545	22.5397	22.763	22.4807	22.4101	22.1032	23.0442	22.9849	22.3203	22.5181	22.4404	22.2879	22.1736	22.7374	22.947	22.4804	22.5381	22.338	22.7314	22.7527	22.5312	22.7659	22.4528	22.7086
PROT_0936	20.3039	20.1636	20.5128	19.979	20.1092	20.2822	20.719		20.4145		20.5719	19.6475	20.0315	20.2064		19.9909	19.6248	20.1872		20.0409	19.7786	20.3207	20.2849	19.7527	19.9152	20.5651	20.45	19.9049	20.3858	20.3343
PROT_0937	28.363	27.9122	27.8088	27.8408	28.2571	28.1039	27.9265	27.8818	27.7966	28.1691	28.0576	28.2458	28.2507	28.1645	27.4764	28.0062	27.9073	28.2483	28.1717	28.2808	28.0051	28.4103	28.1327	28.1138	28.2629	28.091	27.8961	28.1195	27.9746	27.8725
PROT_0938	22.046	21.5424	21.8206	21.9655	21.6776	22.1441	21.7387	22.1844	21.8648	22.5275	22.0032	21.685	21.7578	21.4993	22.1644	22.3093	22.203	22.6326	21.5032	21.8074	21.8668	21.8355	21.4508	22.2228	22.1058		21.9689	21.8736		22.0337
PROT_0939	25.966	26.4436	26.2559	26.1758	26.4166	26.0173	26.2936	26.0452	26.199	26.1081	25.9928	26.3833	26.1838	26.31	25.6945	25.875	25.9333	26.111	25.7186	25.951	26.236	25.9811	26.0536	26.0859	26.1745	26.4312	26.1738	26.017	26.4062	26.1974
PROT_0940	27.2549	27.1572	27.2174	27.1261	27.4785	27.3745	27.4405	27.4483	27.2958	27.7689	27.3575	27.4903	27.5846	27.3256	27.2061	27.5166	27.2708	27.6826		27.3542	27.3678	27.4695		27.3987	27.5445	27.6352	27.3655	27.2237	27.089	27.3481
PROT_0941	22.422	22.5605	22.2012	22.2258	22.6204	22.5838	22.0399	22.8346	22.7755	22.4758	22.0856	22.8891	22.3004	22.7447	22.5715	22.547		22.6637	22.4579	23.1347	22.4175	22.3052	22.3774	22.8439	22.7024	22.7084	22.888	22.4694	22.1882	22.4685
PROT_0942	22.1575	22.361	22.7096	21.93	22.6482	22.1931	22.2751	22.5356	23.0382	22.3908	22.4476	22.3125	22.2654	22.4412	22.6845	22.2126	22.4836	22.847	22.4758	22.4425	22.4069	22.5462	22.7584	22.3436	22.615	22.6331		22.7178	22.09	22.6638
PROT_0943	20.093		20.4884	19.6956	20.3886	20.5511	20.7625	20.3881	20.6942	20.238	20.6581	20.4527		20.2813	20.237	20.4342	20.4306	20.7694		20.5116		20.2784		21.177	21.1663	20.3574		20.2757		20.3659
PROT_0944	23.616	23.816	23.8609	23.7818	24.0682	23.7383	23.8879	23.6131	24.053	23.9491	23.62	24.0659	23.8321	23.4566	23.7955	23.7751	23.8914	24.1617	23.6764	23.8379	23.4845	23.9468	23.7539	23.9082	23.9923	24.1027	23.7667	23.5797	23.7049	23.4698
PROT_0945	20.9091	20.9771	20.6739	20.5902	20.8625	20.6689		20.7273	21.0374	21.1712	20.4825	21.2743	20.463	20.9647	20.2546	20.4262	20.7339	21.2496	20.7824	20.7938	21.3273	20.9942	20.4596	21.1824	20.7742	21.784	20.7123	20.8244	21.2285	21.15
PROT_0946	23.09	22.6078	23.018	22.5835	23.1134	23.082	22.8262	22.9304	23.0429	22.6666	22.7819	22.5986		22.8457	22.8871	23.2627	22.5007	22.8891	22.8159	23.0282	23.2075	22.6786	22.6879	23.105	22.8629	23.19	22.8036	22.7941	22.9013	23.1438
PROT_0947	24.4046	24.2447	25.3205	25.1247	24.6927	24.7432	24.6376	24.4063	24.6862	24.5715	24.128	24.6991	24.9083	24.0212	24.5106	24.3128	24.3544	25.1318	24.6043	24.3486	24.9574	24.6874	24.1056	24.3246	25.0243	24.6856	24.7556		24.4391	24.2215
PROT_0948		20.8852	20.4497	20.4159	21.2257	20.569	20.5145	20.2407	20.3808	19.8292	20.1173	19.7741	20.3253		20.8426		20.431		19.9712	20.2325	20.7802	20.4821	19.832	20.5166	20.8415	20.6739	20.5025	19.8473		19.7043
PROT_0949	25.0056	24.8317	25.4516	25.1229		24.8861	25.0471	24.9572	25.0194	25.0222	24.5593	25.0382	24.8354	24.9137	24.7307	24.9184	25.3181	25.0624	24.7757	25.1294	24.9589	25.0695	24.8657	25.0359	25.0126	25.1637	24.8039	24.872	25.224	24.9465
PROT_0950	23.9148	24.0546	23.9504	24.1923	24.3589	24.2062	23.9404	24.1389	23.9905	23.8895	24.1098	23.976	24.1735	24.2316	23.9407	24.207	24.1554	24.0487	23.9742	24.0284	24.0516	24.0912	24.2409	24.0805	23.8927	24.4663	23.7972	24.1748	24.4086	24.1108
PROT_0951	22.4132	22.7493	23.0623	22.6789	22.788		23.1468	22.754	22.6884	23.1124	22.3839	23.0868	22.869	22.7532	22.7651	23.2591	23.8458	22.9052	23.6689	24.2849	22.9959	22.6855	22.7779	23.0007	23.0105	22.644	22.6746	22.9426	23.1125	23.0473
PROT_0952	23.1327	22.8451	22.7239	22.6595	23.0842	23.2725	23.1617	22.8436	22.9695	22.7587	22.4115	22.918	23.0384	22.5402	23.3286	22.7789	23.0142	23.2231	22.7304	23.109	23.1001	22.8427	23.2032	23.1861		22.8891	23.0172	22.755	22.8928	23.3603
PROT_0953	25.0321		25.1297	24.6354	25.1198	24.7429	24.6935	24.7353	25.1211	24.8944	25.4605	25.4835	24.8201	24.9071	24.8487	24.827	24.3504	24.846	23.5008	23.8162	24.8424	24.5816	24.5536	24.5506	24.8962	25.0472	24.6871	25.1724	24.9828	24.9664
PROT_0954	23.3077	23.1741	23.2312	23.4996		23.6474	23.1091	23.2151	23.2162	23.3343	23.4295	23.854	23.5429	23.1541	23.0393	23.657	23.622	23.6805	23.0015	23.4033	23.4927	23.2524	23.187	23.5441	23.4881	23.3697	23.6545	23.6133	23.7197	23.5346
PROT_0955	23.0697	22.981	23.108	22.8281	22.4603	22.5149	22.7935	22.7665	22.1914	22.7616	22.8315	22.5547	22.5287	22.335		22.7439	22.3061	22.9264	22.7847	22.1225	22.6691	22.5175	22.7761	22.875	23.0922	22.7797	22.7671	23.2718	22.6118	22.7445
PROT_0956	22.7774	23.2336	22.942	22.772	22.7222	22.711	23.1089	23.2441	22.8568	22.9688	22.5831	22.8051	22.9566	22.5246	22.6539	22.8296		22.727	22.4929	22.6947	22.9138	22.7413	23.1707	22.997	22.9581	22.8608	22.7247	22.5608	22.8182	22.6649
PROT_0957	23.3947	23.4923	23.4047	23.1315	23.2301	23.5232	23.2267	23.3845	23.2927	23.1535	23.3472	23.5795	23.4021	23.2889	22.8378	23.0782	23.4548	23.7713	23.5098	23.0891	21.822	21.8775	22.5836	23.3534	23.3238	23.4548	22.9196	23.069	22.9314	23.0874
PROT_0958	25.5032	25.722	25.4885	25.4821	25.7039	25.5117	25.7541	25.4195	25.7079	25.7004	25.1173	25.6242	25.3798	25.3329	25.1779		25.5204	25.7941	25.9323	25.444	25.5217	26.0242	25.1382	25.5495	25.7711	25.7637	25.5242	25.874	25.2727	25.8399
PROT_0959	23.2126	23.2744	23.6647	23.0921	23.5286	23.2662	22.615	23.9258	23.4561	23.263	23.9311	23.0491	23.2608	23.1574	22.8984	23.3107	23.1543	23.6481	23.0065	23.6897	23.5067	22.9403	23.2616	23.3532	23.4814	23.7147	23.2322	23.2511	23.1348	23.4371
PROT_0960	21.3105	21.0761	21.4935	21.9236	21.0295	21.8257	21.5091	21.2008	21.4259	22.0695	21.6055	21.6597	21.9748	21.7661	21.4228	21.6387	21.9478	21.9212	21.0882	21.225	21.4767	22.0656	21.2453	22.0447	21.7522	21.1552	21.5308	21.7079	21.1856	21.3334
PROT_0961															17.7094													17.8831		
PROT_0962	22.15	21.9375	22.6193	22.2231	24.1141	24.2817	22.5758	22.75	22.6531	22.7468	21.7003	21.9757	22.6446	22.0739	23.4019	23.7283	22.5386	22.8394	21.8044	22.4243	22.392	22.0312	22.1474		24.023		22.5254	22.8065	21.6072	21.9013
PROT_0963	22.2304	22.5156	21.8824	22.2991	22.5608	21.8152	22.1579	22.7975	22.3348	22.4255	21.7494	21.9439	22.1736	22.7068	22.0256	22.4515	22.5259	22.2851	22.7671	22.3999	21.9725	21.7364	22.2712	22.3817	22.3514	21.9307	22.1163	22.7906	22.7086	22.1366
PROT_0964	22.0425	22.476	22.5365	22.4024	22.4448	22.5112		22.7343	21.8307	21.8855	22.2233	22.1815	22.4387	22.6514	21.7566	22.1078	22.4205	22.6615	22.969	22.6713	22.8446	22.7751	22.6098	22.4236	22.1692	22.5522	22.0753	21.9924	22.4548	22.7206
PROT_0965	25.5055	25.2809	25.7202	25.575	25.6043	25.6719	25.6451	25.6577	25.4505	25.5606	25.0631	25.421	25.7636	25.3694	25.297	25.3699	25.6218	25.4578	25.5089	25.3796	25.5743	25.5875	25.671	25.5771	25.5343	25.502	25.4119	25.3727	25.3934	25.3757
PROT_0966	21.5491	21.7227	22.1145	21.8389	21.3333	21.8017	21.8395	21.5716	21.7889	21.7261	22.0169	22.2232	21.8404	21.8234	22.0667	22.1105	21.6651		22.0267	21.7315	22.0742	21.7717		21.4284	21.8143	21.6982		21.8291	21.2396	21.6892
PROT_0967	26.6828	26.5188	26.6303	26.3854	26.9775	26.6329	26.6846	26.687	27.0273	26.8386	26.4016	26.241	26.4697	26.2913	26.5375	26.5121	26.5536	26.6152	26.553	26.7238	26.482	26.5413	26.1643	26.7528	26.6654	26.704	26.9878	26.7919	26.5746	26.7774
PROT_0968	25.2984	24.8974	24.5943	25.1043	25.0103	24.9991	25.1325	25.0994	24.8192	25.1356	24.7664	24.8066	24.7821	24.8376	24.8898	25.191	24.7006	25.2374	25.3079	24.9935	24.8211	25.0739	24.7186	24.9089	25.0589	24.8011	24.9448	24.8356	25.113	24.8232
PROT_0969	24.1553	24.11	24.653	24.2921	24.6756	24.7268	24.608	24.0507	24.8023	24.207	24.785	24.569	24.3335	23.9372	24.6466	23.9737	23.995	24.6604	24.1597	24.5118	24.4581	24.4444	24.2278	24.364	25.0222	25.6752	24.5681	24.4084	24.5321	24.6169
PROT_0970	28.7148	28.4374	29.0766	28.9084	28.9163	28.8781	28.5504	28.637	28.8666	28.5874	28.3842	28.9983	28.3423	28.2348	28.8642	28.6335	28.6743	29.1561	28.8463	28.4991	29.1258	28.5402	28.5681	29.1285	28.8754	28.8812	29.0432	28.4413	28.5285	28.8395
PROT_0971	28.1487	27.8576	28.0889	28.0725	28.3579	28.2862	28.1951	28.0035	28.1379	28.0831	28.2292	28.3667	28.2033	28.0498	28.2771	28.2708	27.8801	28.0156	28.1839	28.232		28.129	28.0059	28.2367	28.3895	28.461	28.1909	28.125	28.3165	28.1644
PROT_0972	27.0922	26.935	26.9405	26.7006	26.8738	26.7365	26.7389	26.7979	26.8301	27.0917	26.9861	26.8169	26.8079	26.6511	27.0669	26.9536	26.4224	27.1464	26.9948	26.8985	27.1768	26.9162	26.4613	26.9664	27.1841	26.6741	27.024	26.8823	26.7742	27.1506
PROT_0973		21.2657	21.2484	20.9827	21.4244	20.9517	20.9521	21.1777	20.8145	21.218	20.9079	20.9718	21.3031	21.0132	20.8509	21.2783	21.7458	20.8557	21.1713	21.2231	21.1529	21.2805	20.783	20.7152	21.0138	21.4662	21.4427	20.8411	20.9479	
PROT_0974	22.3981	22.4828	22.3471	22.2454	22.2705	22.7241	22.302	22.8195	22.4579	21.8845		22.662		22.5264	22.5401	22.3873	22.437	22.6856	22.3728	22.6411	22.8712	22.1537	22.7726	22.5415	22.7543	22.8755	21.8544	21.5118	22.6949	22.3585
PROT_0975	20.0001	19.7259	20.183	20.7194	20.938	20.8256	20.7133	20.1797	19.7865	20.3796	20.3999		20.9634	20.5964	20.4248	20.7496	20.4675	19.7629	20.8235	20.8532	20.6783	20.2721	21.2396	20.8282	21.205	20.5001	20.0404	20.4666	20.2825	
PROT_0976	21.8477	22.2681	22.2339	21.796	22.9377	21.553	22.1081	22.0128	21.9842	21.8737	22.0066	22.0445	21.9538	21.9652	21.9874	22.1562	21.9672	22.1004	22.2218	22.1927	22.554	21.7287	21.9412	21.5236	22.0338	22.4353	22.1276	22.4104	22.0046	22.217
PROT_0977	23.1938	23.3845	23.2169	22.9743	23.6094	23.4096	22.7094	23.2894	22.7757	23.308		23.5919	23.0279	22.8278	22.7763	22.6684	23.1235	23.5895	23.3092	23.5675	23.4259	23.0295	23.3705	22.9883	23.2406	23.2068	23.4811	22.8832	23.4107	22.7919
PROT_0978	21.9155	21.1866	21.569	21.857	21.3732	21.372	21.7369	21.5884	21.5739	21.6658	21.2123		21.4762	20.9792	21.7384	22.0189	21.2706	21.6388	21.305	21.3878	21.9611	21.3161	21.3991	21.409	21.9167	20.9474	21.2496	21.1624	21.5538	21.5415
PROT_0979	24.2228	23.9414	23.9941	24.1015	24.1344	24.0162	23.8359	24.2909	24.2442	24.0768	24.2319	23.8911	24.2043	23.925	23.9324	24.2643	23.0984	23.2215	23.4403	23.6692	24.0032	23.8507	23.7631	23.8784	24.1739	23.6994	23.9932	24.3169	24.1539	23.8397
PROT_0980	24.2173	24.0864	24.8549	24.5992	23.8319	23.9552	24.825	24.1191	24.3223	24.49	24.0875	24.3612	24.2904	24.3562	24.524	24.5321	24.5253	24.4343	24.1194	24.1549	24.2053	24.111	24.6674	24.6226	24.3144	24.6088	24.6987	24.2657	24.2713	24.0749
PROT_0981	25.4366	25.7568	25.4301	25.2518	25.8012	25.3029	25.1521	25.3003	25.3741	25.5971	25.3986	25.5065	25.3576	25.2954	25.1682	25.3406	25.5582	25.0542	25.0367	25.2223	25.3648	25.0901	25.2393	25.3869	25.5465	25.395	25.2522	25.5986	25.2747	25.1053
PROT_0982	23.0399	23.7835	23.7222	23.4678	23.662	23.6397	23.3899	23.6854	23.6742	23.6119	23.8318	23.7851	23.1667	23.4433	23.5196	23.464	23.1224	23.7671	23.9339	23.5989	23.6711	23.2161	23.099	23.8129	22.9562	23.4652	23.6116	23.2021		23.8375
PROT_0983	23.7109	23.5456	23.4787	23.4148	23.2228	23.3567	23.3376	23.357	23.5591	23.5542	23.1846	22.9301	23.024	23.1981	23.4759	23.4019	23.3199	23.6129	23.4031	23.4834	23.3137		23.1772	23.5904	23.7645	23.6748	23.4205	23.4279	23.4996	23.5829
PROT_0984	22.9778	22.9213	22.9096	22.5208	23.5532	22.5922	22.2564	21.9217	22.7506	22.989	23.0085	22.6955	22.8885	22.885	22.6304	22.5752	22.5524	22.5641	22.7617	22.6786	22.7216	22.9778	22.8081	22.8318	22.8027	22.6934	23.2886	22.9342	22.8668	22.7454
PROT_0985	20.0399	20.3645	21.0241	20.6286	21.175	20.6516	20.901		20.4625	20.5117	20.5996	20.0984	20.107	20.1293	20.1638	20.8664	21.0803	21.0016	20.7728	20.607	19.9173	20.4302	20.9549	20.6021	20.6386	20.4644	20.7972	20.522	20.6735	
PROT_0986	22.9123	21.9208	22.7616	22.5806	22.7775	22.385	22.3698	22.1652	22.8653	22.3891	21.9789		22.3595	22.8152	22.3506	22.6781	22.46	22.4308	22.209	22.0921	22.4929	22.1884	22.168	22.3114		22.4225	22.3041	22.5324	22.3189	22.2641
PROT_0987	22.0124	22.2095	22.1244	21.8579	22.3537	21.9176	22.295	22.2997	21.4469	22.1634	22.3745	21.7304	22.5009	22.2109		22.0368	22.2921	22.2713	21.7078	21.8321	21.9036	21.9369	21.5699	21.8028		22.0648	21.8164	22.1273	22.58	22.6035
PROT_0988	21.8833	22.3719	22.0811	21.9066	22.6994	22.5887	21.8061	21.951	21.254	21.5457	22.2307	21.7782	22.4307	22.825	22.5395	21.7296	21.9773	22.2107	22.1785	22.2676	21.9759	22.096	21.8185	21.9318	22.3284	22.3628	22.1809	22.1744	22.2859	
PROT_0989	21.5116	21.2574	21.6446	21.587	21.2342	21.2823	21.5769	22.0484	21.3554	21.6705	21.5131	21.8283	21.2954	21.9354	21.8111	21.4129	21.8954	22.0439	21.6015	22.1584	21.7268	21.9313	21.6792	21.6478	21.7437	21.4154	21.92	21.5428	21.1931	21.463
PROT_0990	22.2451	22.6546	21.9827	21.8905	22.6346	22.1843	22.5187	22.6801	21.9917	21.8552	22.1913	22.3858	22.0232	22.6306	21.9419	21.6627	22.3231	22.2539	22.1657	22.2392	22.1016	22.1402	22.364	22.0387		22.4507	22.1318	22.0887	22.5626	22.3907
PROT_0991	25.5965	25.7925	25.6599	25.5917	26.2688	26.1	25.6205	26.0825	25.9016	25.7368	25.8417	25.7387	25.9364	25.9953	26.0788	26.0299	25.934	26.0997	25.7755	25.9306	26.1252	25.3829	25.6405	25.8763	25.9183	25.8158	25.8764	25.5237	25.938	25.8489
PROT_0992	24.1278	24.1456	23.5665	23.5684	23.9062	23.5376	23.8075	23.9234	23.2521	23.465	23.5325	23.2201	23.1792	23.3571	23.0862	23.4431	23.097	23.1939	23.3676	23.1699	23.5815	23.631	23.093	23.1471	23.5948	23.5562	23.3781	23.4572	22.841	23.2323
PROT_0993	22.9645	22.8734	22.9967	23.3966	22.8327	22.7556	22.6968	23.2809	23.2285	22.6291	22.9365	22.9913	22.9624	22.9135	22.754		23.0423	23.1565		23.1856	23.0392	23.4665	23.1761	22.7364	23.1221	23.1819	22.7707	23.3181	22.9746	22.9869
PROT_0994	21.1759	21.3782	21.4127	21.5656	21.583	21.9583	21.395	21.5138	21.1828	21.2652	21.5504	21.4447	21.4691	20.546	21.4633	21.3653		21.725	21.5557	21.3717	22.0216	21.3363	20.5472	21.6712	22.1685	21.4364	21.8633	21.2096	21.1282	21.3898
PROT_0995	22.6661	23.3032	23.1506	22.7298	23.0418	23.1915	22.8653	23.1875	23.2802	22.6584	22.8978	23.4534	22.7976	22.9139	23.2874	22.8396	22.8095		22.8174	23.4564	23.476	23.2101	23.2434	23.1969	23.1502	23.327	23.1619	23.0882	22.8394	23.1817
PROT_0996	21.2655	20.8481	21.5491	21.7267	21.1036	21.4421	21.1263	21.5864	21.1392	20.9988	21.235	20.9477	21.5541	21.6064	21.6425	21.2883	21.2814	21.9508	21.3775		20.9543	21.5336	21.5838	21.5767	21.694	21.3476		21.2048	21.6656	
PROT_0997	21.7624	21.8924	21.9306	21.5172	22.1211	22.1523	21.4956	22.2045	22.2268	21.8891		21.9772	22.0631	21.8683	22.2611	21.7533	22.1853	21.8631	21.6833	22.3939	21.9533	21.829	22.093	22.0237	21.7242	21.901	21.9645	21.2818	22.2958	21.8029
PROT_0998	23.5322	22.8613	23.521	23.5732	23.1685	23.2363	23.6746	23.2979	23.7599	23.413	23.1853	23.3385	23.3785	23.7869	23.6797	23.6447	23.0933	23.345	23.9286		23.5323	23.1442	23.427	22.9027	23.8318	23.2829	23.1659	23.4823	23.2169	23.1234
PROT_0999	21.9262	21.739	21.3305	20.7073	22.1533	21.7163	22.2454	22.3364	22.2949	21.9924	22.3769	22.1787	21.6188	22.6997	22.2048	22.0378	21.6969	22.2933	22.1333	22.3638	22.3882	21.6467	22.3631	22.9346	22.3542	22.3255	21.9918	21.785	22.2864	22.8289
