protein_id	Par_t1	Par_t2	Par_t3	Par_t4	HomEdA_t1	HomEdA_t2	HomEdA_t3	HomEdA_t4	HomEdB_t1	HomEdB_t2	HomEdB_t3	HomEdB_t4	HomRevA_t1	HomRevA_t2	HomRevA_t3	HomRevA_t4	HomRevB_t1	HomRevB_t2	HomRevB_t3	HomRevB_t4
PROT_0000	23.0364	22.9642	22.9821	22.8711	22.6619	22.4855	22.6724	22.6223	22.5712	22.6466	22.5717	22.3514	22.3515	22.3816	22.7354	22.4255	22.3171	23.1108	22.9858	23.0081
PROT_0001	24.435	24.194	24.8333	24.0742	24.582	24.6512	24.945	24.5185	24.3794	24.0684	24.1558	24.2466	23.9137	24.1528	24.4804	24.0047	24.4849	24.0302	24.5432	24.4534
PROT_0002	25.1454	24.5167	24.783	24.965	25.0574	24.4977	25.1425	24.9458	24.979	24.6656	25.145	24.9186	25.1426	24.8351	24.8096	24.7301	25.0414	24.9977	25.3615	24.7488
PROT_0003	24.4011	24.4611	24.3427	24.2288	24.4623	24.6006	24.4038	24.7287	24.6904	24.7364	24.665	25.065	24.7855	24.3822	24.4605	24.3514	25.0463	24.446	24.6853	24.694
PROT_0004	22.3615	22.3821	22.1983	22.3558	22.1674	22.5855	22.2031	22.2777		22.347	22.3864	22.5696	22.4816	22.5448	22.1277	22.2689	22.3427	22.2833	21.9003	22.2382
PROT_0005	23.5091	23.4495	23.0257	23.4476	23.0719	23.2208	23.3951	23.0651	23.5412	23.5221	23.0112	23.1084	23.5852	23.1236	23.257	23.41	23.1491	23.1345	23.0105	23.2525
PROT_0006	25.2451	25.0231	24.8616	24.9194	24.7766	24.5763	24.2832	24.5677	24.7396	24.8462	25.2512	25.0891	25.2145	25.4445	25.1483	24.9609	24.9585	25.2733	25.0607	25.3154
PROT_0007	21.8955	21.6161	21.8218	21.368	21.6365	21.4007	21.2156	21.0749	21.8833	21.6748		21.4473	21.0556	21.5013	21.8315	21.6205	21.258	22.0428	20.9281	21.3631
PROT_0008	21.2011	20.9377	21.1176	21.1287	21.2682	21.299	21.5545	21.7964	21.1766	21.3468	21.0707	21.7417	21.3394	21.8027	21.6866	20.9357	21.4283	21.9085	21.6855	21.0304
PROT_0009	24.6829	24.5455	24.3814	23.9653	24.4267	24.3549	24.5237	24.5644	24.3133	24.8188	24.3452	24.6137	24.4275	24.4855	24.5563	24.2185	24.3416	24.0778	24.4115	24.3016
PROT_0010	26.8843	27.4752	27.4105	27.2837	27.0597	27.3929	27.3708	27.2961	26.8378	27.3397	26.705	27.1128	27.3116	27.3497	27.3306	26.9431	27.0851		27.0047	27.1973
PROT_0011			17.6175	16.9742											17.1013					
PROT_0012	22.5112	22.5848	22.6768	22.7436	22.8374		22.5596		22.8986	22.5285	22.3244	22.7735	22.8714		22.8719	23.4817	22.6553	22.6664		22.8524
PROT_0013	21.3329		20.8341	20.5478	21.0421	20.887	21.375	20.5675	20.5484	20.8759	20.9472	20.6769	20.913	20.1274	20.7251	20.3673	20.6087	20.3367	21.0243	21.1068
PROT_0014	23.228	23.4637	23.3728	23.4567	23.8213	23.4534	23.3798	23.6227	23.4162	23.3212	23.1207	23.6442	23.5733	23.8481	23.2076	23.4657	23.8102	23.6403	23.6174	23.4798
PROT_0015	22.3206	21.937	22.1813	22.5177	21.1356	20.5955	21.3269	21.1528		22.4059	22.1252	22.0591	21.5204	22.2739	22.3765	21.9686	21.9332	22.0561	21.99	21.6641
PROT_0016	22.4127	22.6208	22.5462	22.505	22.7038	22.7689	22.3899	22.4525	22.6228	22.654	22.0629	22.7999	22.6747	22.7671	22.6313	22.5253	22.6316	22.3264	22.4834	22.3702
PROT_0017	24.0602		24.1145	23.9606	23.7644	23.7303	24.0087	23.8779	24.1078	23.8811	23.9873	23.9244	24.2643	24.1655	24.3885	23.835	24.5169	24.2765	23.837	24.3787
PROT_0018	23.2676	23.3055	23.4864	23.234	23.5565	23.3675	23.3158	23.1269	23.4792	23.2807	23.529	23.1895	23.2217	23.7017	23.568	23.3204	23.4799	23.4252	23.4213	23.4255
PROT_0019	24.6575	24.6998	24.8277	24.4335	24.6337	24.5124	24.7956	24.4754	24.766	24.7365	24.4348	24.8131	24.6052	24.6105	24.6322	24.3214	24.9175	24.2366	24.7538	24.6088
PROT_0020	21.7606	21.5651	21.8143	21.6661	22.007	21.943	21.6527	21.6607	21.3763	21.6949	22.0008	22.0468	21.6487	21.9896	21.6264	21.7433	21.6788	21.8206	22.2455	22.1029
PROT_0021	20.5689	20.7785	20.6237	21.4714	21.011	21.226			21.2546	21.0981	20.6122	20.794	20.596	20.5999	20.3857	20.617	20.4338	20.1963	19.8508	20.8651
PROT_0022		18.7568				19.5366	18.08			18.5219		18.407				18.7585		18.6851		
PROT_0023	22.6665	22.7229	22.9891	22.7941	22.4617	22.9075	22.7611	22.5277	22.5588	22.6212	22.3887	22.6777	22.8629	22.7707	22.7237	22.1383		22.6539		22.8975
PROT_0024	22.3656	22.3097		22.4241	22.2835	22.6112	22.7818		22.4746	22.5329	22.3141	22.3521	21.9347	22.4791	21.8712	21.8641	22.5255	22.8493	22.0241	22.476
PROT_0025	22.1213	22.1146		21.2151	21.8232	21.7082	22.3433	22.2308	22.0899	21.9857	22.31	22.1371	22.0905	21.8701	22.3244	21.7242	22.2204	21.8887	21.5911	21.6929
PROT_0026	24.0386	24.2401	24.3472	23.9577	23.917	23.4957	23.6065	23.4327	24.0463	23.6767	23.9624	23.8262	24.3893	23.3997	24.1127	23.7884	23.5898	23.7127	23.9397	23.5483
PROT_0027	20.0892	20.627		21.275	19.9233	20.1327	20.4392	20.0877	20.1469	20.4989	21.2741		20.9849	20.6169	20.442	19.8325	20.9214	20.2595	20.5736	20.2968
PROT_0028	21.5571	21.8422	22.1149	22.1809	21.8824	21.8489	21.5798	21.8197	22.0853	21.9185	21.5654	22.139	21.6183		22.1071	22.0488	21.6801	21.8821	21.4728	22.337
PROT_0029	25.8684	25.6308	25.588	25.4285	25.5164	25.2408	25.1779	25.3892	25.4679	25.3937	25.2149	25.2346	25.2596	25.4732	25.5867	25.3982	25.4718	25.149	25.2707	25.2313
PROT_0030	20.4251	20.538	19.9324	19.9521	20.2882	19.6924	20.2141		20.7892	20.2836	20.5409	20.9048	20.9185	21.0613	20.7151	19.7622	20.4289	20.5408	20.0962	20.703
PROT_0031	21.6282	21.1993	21.5522	21.3362	21.1662	21.6897	21.3117	21.333	21.5277	21.9709	21.9917	21.8757	21.5975	21.5484	21.8153	21.4571	21.1964	21.9686	21.7301	21.676
PROT_0032	25.8467	25.9738	25.9244	26.1183	26.0005	26.2297	25.9686	26.3094	26.0502	26.2183	26.0722	26.4117	25.9231	25.7863	26.0881	25.9711	26.3223	26.4532	25.8194	26.1106
PROT_0033	27.8733	28.1013	28.1934	27.6404	27.9244	27.7785	27.7848	27.8604	26.8676	27.0789	26.8846	26.8317	27.6077	27.4536	27.5955	27.8159	27.8605	27.8863	27.6204	27.7911
PROT_0034										18.4262				16.6728				18.5238	18.6608	
PROT_0035	19.7871		19.6941	19.5155	19.2418		18.404	19.7198	19.2789	19.3486		20.0015	18.8356	20.1196	19.6198	20.0292		19.1398	19.3426	19.7283
PROT_0036	22.4301	23.1186	22.8602	22.844	22.7488	23.14	22.8767	23.0266	22.8671	22.6761	22.8481	22.949	22.7093	23.228	22.8363	22.8302	22.8076	23.108	22.5408	22.869
PROT_0037	22.6575	23.183	23.1207	23.055	23.3892	23.1256	23.1234	22.8375	22.7748	23.133	22.6651	23.2284	23.1128	22.8646	23.0492	22.763	22.7161	23.0367		23.1052
PROT_0038	22.636	22.6178	22.8039	23.0886	22.4614	22.7482	22.8513	22.6942	22.6666	22.6296	23.0479	22.8239	22.5302	22.6635	22.7698	22.0498	23.0832	22.7524	22.7701	22.8299
PROT_0039	22.0045	22.0113	22.2008	21.8777	21.9459	21.4804	21.2475	21.437	21.9706	21.1496	21.5921	21.7144	22.7768	22.7542	22.8348	22.4189	23.1182	22.7336	22.6639	23.0628
PROT_0040		18.2607						17.2705												
PROT_0041	21.6889	21.0916	21.2909	21.4378		21.5701	21.4213	21.357	21.3192	21.44	21.0108	21.5965	21.3943	21.4308	21.4668	21.0016	21.9599	21.5078	21.7288	21.4197
PROT_0042	25.7434	26.3078	25.7674	25.8024	22.7076	22.2139	22.3135	22.7477	22.3901	22.5826	22.4252	22.7622	26.8041	26.9728	26.744	27.2201	26.85	27.183	26.9054	26.9894
PROT_0043	20.5489	20.7484	20.3609	20.5095	20.7251		20.2586	20.6594	20.2419	20.6165	20.465	20.3901	20.1912	20.444	21.078	20.7453			19.9221	20.572
PROT_0044	25.0188	25.3542	25.1915	25.2673	24.9111	24.8825	25.0584	24.8497	25.0883	25.0414	24.8445	25.166	24.8262	25.171	24.8457	24.9784	24.8103	25.2421	24.902	25.0277
PROT_0045	21.8228	21.9969	21.908	21.9892	22.0281	21.7649	21.9951	22.1389	22.0644	22.3528	21.6189	21.9132	21.4296	21.8752	21.7939	21.361	22.5357	22.0904	21.658	21.8886
PROT_0046	23.251	23.3643	23.9218	23.5415	23.3828	23.4481	23.3034	23.6	23.7176	23.3539	23.6179	23.6726	23.244	23.4126	23.6118	23.2224	23.1882	23.6922	23.4954	23.8066
PROT_0047	21.4827	21.4068	21.6866	21.1928	21.279	20.9744	21.6055	21.4158	22.8817	23.1079	22.9703	22.4429	21.2704	21.6521		21.2578	21.5228	21.1158	21.7204	
PROT_0048	25.4314	25.132	25.287	25.3394	25.5651	25.3662	25.8997	25.5509	25.595	25.597	25.5704	25.3824	24.9996	25.3636	25.5475	25.4055	25.2884	25.4665	25.6196	25.3196
PROT_0049				17.7947	16.6699		19.161							17.6037		16.1551				
PROT_0050	24.3404	24.6489	24.5176	24.3325	24.5012	24.1565	24.6759	24.668	25.0348	24.4497	25.0821	24.7107	24.4263	24.3276	24.5712	24.2247	24.6212	24.2654	24.3812	24.0691
PROT_0051	21.3994	21.7347	21.0771	20.89	21.2381	21.505	20.9731	21.5416	21.4945	21.3248	21.1786	20.5097	21.7549		21.6711	20.8568	22.3892	21.119	21.0744	
PROT_0052	22.0279	22.0018	21.9778	22.1523	22.1981	21.7717	21.771	21.8706	21.6689	22.0313	21.4781	22.159	21.0599	21.3881	20.8398	21.0292	21.5899	22.1716	21.5201	21.6876
PROT_0053	26.4876	26.6694	26.5709	26.7443	27.5291	27.4234	27.6949	27.1325	27.4817	27.2837	27.239	27.6128	26.0787	25.7467	26.2416	25.6781	26.3107	26.0563	26.1418	26.3076
PROT_0054	20.683	21.4006	21.3183	20.903	20.7922	20.833	20.8194	20.943	20.9247	21.2342	21.1366	20.2576	20.9346	20.7475	20.6021		21.2238	20.5897	20.9937	
PROT_0055	24.9092	24.7335	25.7782	25.1083	25.5285	25.1327	25.1627	25.4281	25.0071	25.0308	25.2514	24.7685	25.0589	25.0737	25.2872	24.7886	25.1253	24.857	25.4356	
PROT_0056	21.316	20.7621	20.8274	21.2061	21.042	20.8603	21.4407	21.2313	20.8185	20.9341	20.9838	21.254	20.7509	20.4107	20.5439	20.6134	21.3503	20.8739	20.5658	21.1216
PROT_0057	25.1587	24.9914	25.3007	24.9469	25.0529	25.0576	25.2601	25.0997	25.1455	25.2815	24.8692	24.9674	25.1555	25.2731	24.9233	25.1823	25.3453	25.495	25.2446	25.1966
PROT_0058	24.6898	24.5621	24.8345	24.2899	24.8136	24.7297	24.8991	24.4383	24.6872	24.7371	24.7731	24.7482	24.3255	24.4699	24.6288	23.9502	24.1911	23.9084	24.3111	24.0983
PROT_0059	23.6035	23.8152	23.433	23.7802	23.4011	23.4248	23.3808	23.2695	23.5071	23.4371	23.9434	24.0851	23.2989	24.0266	23.4593	23.7908	23.5497	23.656	23.502	23.4217
PROT_0060	23.2873	23.4264	23.1092	23.1788	22.8587	22.8106	23.208	23.0592	23.2575	23.1025	22.9752	23.1431	23.1393	22.7146	22.9324	23.0149	23.0666	23.5468	23.2241	23.0603
PROT_0061	24.5694	24.5675	24.4859	24.5272	24.6918	24.4335	24.585	24.2128	24.4685	24.8027	24.2034	24.4489	24.596	24.5627	24.3193	24.8494	24.8355	24.5341	24.0433	24.743
PROT_0062	24.917	24.8182	24.9711	24.8244	24.9495	24.9744	25.1534	24.8114	25.2385	25.3264	25.0207	24.9066	24.8578	24.8592	25.2204	24.8039	24.8335	25.1504	25.0009	24.8056
PROT_0063	23.2359	23.2901	23.0493	22.7379	23.9327	23.2828	23.6853	23.8676	23.6375	23.5815	23.4774	23.4547	22.9371	23.0865	22.5767	22.6345	23.3468	22.7646		
PROT_0064	25.057	25.2981	25.2632	24.997	25.1003	24.8499	24.958	24.8743	25.2135	25.2375	25.0094	24.9753	24.8649	25.0768	25.5222		25.1842	25.0197	24.9087	25.4033
PROT_0065		19.8179	20.3407				20.452	19.6775	19.0702	20.6127	19.9468	19.596	19.813	19.918	19.6144	19.9844	19.9767	20.5998	18.9804	20.358
PROT_0066	21.0863	20.3369	20.736	20.7189	21.1084	21.115	20.711		20.79	20.8134	20.6575		20.6801	20.5201	20.8816	20.9519	20.9399	20.7799	20.9127	20.6727
PROT_0067	22.9848	23.1932	23.4817	23.1682	22.4761	22.6483	22.4152	22.7455	22.8648	23.1229	22.6677	22.8223	23.5664	23.5264	23.583	23.8977	23.6526	23.3693	23.279	23.4599
PROT_0068	28.2352	28.3807	28.2501	27.9439		28.2589	28.3865	28.4586	28.3158	28.4069	27.9647	28.4725	28.1966	28.5611	28.419	28.4292	28.4398	28.1868	28.3575	28.3814
PROT_0069	21.5056	21.7349	22.2203	21.8889	22.3587	22.073		21.655	21.7438	21.6543	21.1761	21.4749	21.848	21.038	21.1832	21.5033	21.4353	22.1726	21.58	
PROT_0070	22.4416	22.9391	22.9766	22.8649	23.2415	23.2602	22.8896	23.2973	22.8643	22.7779	22.6335	22.8443	22.5675	23.3006	23.1115	23.0445		23.5589	22.6917	22.8369
PROT_0071	21.6511	21.0733	20.98	20.936	20.7594	20.6828	21.5107	20.7647	21.1582			20.7567		20.8911	21.4839	20.5737	21.401	21.4053	21.1022	20.7365
PROT_0072			19.4285	18.6833	19.7214	18.9447		19.1933	18.7753	18.9908	19.0856	19.7702					18.7293	18.4886		17.756
PROT_0073	23.7284	24.0121	24.0134	23.7851	23.8423	23.8619	23.7761	23.702	23.9843	23.7797	23.8347	24.1355	23.8072	24.0293	23.6914	23.5637	23.9677	24.2011	23.9631	23.9596
PROT_0074	22.0987	22.0047	22.2876	21.7426	22.5172	21.5923	22.0425	21.8518	22.1207	21.9142	22.1775	21.8476	22.0934	21.9501	21.9839	21.8138		22.2948	21.9367	22.4252
PROT_0075	23.8659	23.9323	23.8113	23.6962	23.9134	23.8935	24.0822	23.8577	24.2436	23.7792	23.8552	23.9191	23.7284	23.5287	23.7802	23.9253	23.6764	23.6704	24.1364	24.1226
PROT_0076	19.2014		19.639		19.962	19.9984	19.256	20.2837	19.842	20.1098	19.4089	20.0687	19.5102	20.4409	20.2662		19.2447	20.029	20.2884	19.982
PROT_0077	22.9506	22.9434	22.7701	22.9579	23.2648	22.8348	23.316	22.7202	23.0614	22.4524	23.0696	22.8005	22.9486	22.8456	23.0848	22.6189	23.2154		23.29	22.6478
PROT_0078	23.8924	23.8938	23.4832	23.8288	23.7111	23.8499	23.6893	24.1598	23.8678	24.0538	23.6224	24.2185	23.7714	24.0784	23.2056	24.1176	23.6473	23.5303	23.6115	23.929
PROT_0079					19.5058															
PROT_0080	24.7059	24.9433	25.2039	24.7913	25.2135	24.8288	25.2133	24.9875	25.3438	25.1102	25.4046	24.9908	24.8174		25.0019	24.9633	25.2984	25.2536	24.7627	24.7669
PROT_0081	22.942	23.3144	22.8039	22.8782	23.3762	22.5667	22.914	22.6441	22.6143	23.033	22.8964	22.7073	22.8934	22.9432	23.3059	22.4392	23.194	22.827	22.6247	22.4657
PROT_0082	22.6309	22.9103	23.0483	22.5421	22.8891	23.046	23.0594	23.2829	23.0605	22.7168	23.0548	22.8404	23.1637	23.0974	23.1286	23.1358	23.4022	23.1303	22.8052	22.4866
PROT_0083		22.4283	22.3883	22.2449	22.5417		21.9975	22.484	22.3363	22.5348	22.043	22.6125		22.4134	22.0199	22.3017	22.3137	22.4901		22.909
PROT_0084		21.3614	21.1249	21.8531	21.6749	21.625	21.0623	21.3913		21.5381	21.3709	21.6147		21.6846	21.6095	21.8676	21.0416	21.8334	22.0212	21.4873
PROT_0085	23.742	23.8041	23.5953	23.6627	23.6744	23.5286	23.7191	23.6813	23.7072	23.658	23.4749	24.2027	23.6588	23.6332	23.725	23.4075	23.7911	23.8755	24.0448	23.777
PROT_0086	18.6057		19.1235		18.0317	18.4413			18.5497	18.8419			17.9476	18.6084		18.4866	19.5193		18.9503	18.9144
PROT_0087	23.4783	24.2579	23.8849	23.8601	23.6107	23.5597	23.6761	23.6908		23.6127	23.8823	23.5646	23.8364	23.5381	23.4153	23.8594	23.8446		23.3339	23.9195
PROT_0088	23.8003	23.4001	23.6708	23.222	23.4231	23.2783		23.577	23.5312	23.1223	23.2308	23.5291	23.5487	23.7113		23.4364	23.8202	23.5392	23.6773	23.2135
PROT_0089	23.1231	23.0631	22.9419	22.5309	22.7487	22.7808	22.9464	23.1587	22.8253	22.789	22.8443	23.1856	22.9273	22.8494	22.7802	22.9587	22.529	22.8258	22.8557	
PROT_0090	24.1079	23.8184	24.3988	24.1361	23.861	23.8239	23.8008	23.8274	24.0168	24.2107	23.7901	23.989	24.3682	23.996	23.8686	24.1	23.7262	24.1761	23.9059	23.7715
PROT_0091	26.5403	26.6442	26.5766	26.4341	26.4574	26.4332	26.3001	26.4774	26.4395	26.4984	26.4054	26.2432	26.3519	26.4813	26.4404	26.4154	26.5808	26.6027	26.0435	26.5328
PROT_0092	23.1161	22.9463	23.2845	23.1449	23.4135	23.136	23.7007	23.5795	23.4417	23.29	23.4243	23.2843	21.701	21.6045	21.6755	21.2921	23.7093	23.5924	23.3579	23.2135
PROT_0093	20.0152	19.3899	20.654	19.2428		19.7517	19.8536	19.5462	19.5592		19.6562	19.6155	19.419	19.7033	20.3334	19.9354	19.9795	19.0272		19.4467
PROT_0094	20.8282	20.4713	20.5974	20.2395	19.9981	19.9731	20.0115	20.5262	21.0243	20.8524	20.5939		20.9146	20.222	20.6446	20.2657	20.6222	20.8174	20.7735	20.9225
PROT_0095	20.7687	21.2062	21.1027	20.5881	20.649	20.6464	21.2307		20.9788	21.4962	20.6376	20.9751	20.437	21.1629	21.1194	20.9609	20.6837	20.5771	20.9629	20.461
PROT_0096		19.5448	19.2273	19.9512		19.1169				19.1213	19.2718	20.4352	19.4363	20.0732		19.2638	19.9399		19.281	
PROT_0097	19.5328	20.5121	19.7953	20.075			19.6813	19.6591		20.2796	19.6537	20.2349	19.4262	19.9045	19.6623	19.2113		19.8629	19.4936	19.7925
PROT_0098		19.8241		19.5768	20.1706			19.8676	19.754	19.35		20.5472	19.5418	19.8618			19.553	19.9732	19.9272	19.6539
PROT_0099	26.0401	26.2057	26.1534	25.8798	25.6926	25.7561	26.0191	26.1709	25.9479	25.9693		26.1945	26.1366	26.2249	25.8982	25.3537	25.9172	26.0821	26.0736	26.0778
PROT_0100	25.5713	25.7622	25.9191	25.571	25.7863	25.577	25.7804	25.9387	25.9995	25.814	25.8461	25.8886	25.5996	25.7996	25.9975	25.3347	25.6743	25.9223	25.8725	25.8273
PROT_0101	20.6623		21.0257	20.7255	20.5286	20.3202	20.5631	20.5778	20.9871	21.1918	20.8609	20.9152	20.7072	21.0573		21.2496	20.8864	20.6943	20.952	21.0763
PROT_0102	23.6273	23.2137	23.7391	23.3339	23.6188	23.5179	23.6921	23.5642	23.4482	23.0643	23.5929	23.3905	24.0632	23.4377	23.9895	23.4065	23.9864	23.5942		23.1297
PROT_0103	23.6916	23.4118	23.6199	23.3066	23.6384	23.4151	23.3669	23.428	23.5174	23.616	23.5625	23.7873	23.4175	23.2089	23.8029	23.2463	23.4993	23.319	23.1971	23.4952
PROT_0104	27.2237	27.273	27.2956	27.0249	27.1734	27.2324	27.2704	26.902	26.9894	27.1775	26.8864	27.0897	27.0189	27.0647	27.2022	27.0547	27.4993	27.2333	26.9082	27.0577
PROT_0105	19.0196	19.0244	19.1607		18.7307				19.625				18.9545	18.8321	17.8256	18.6602	18.3802		19.1203	
PROT_0106	22.9301		22.803	22.7091	22.6604	22.5234	22.9579	22.4369	23.2009	22.6203	22.697	23.0797	23.028	22.496	22.6768	22.6237	22.9337	22.9793	22.5933	22.678
PROT_0107	20.0575	20.9174		20.862	20.8383	21.2852		20.5471	21.2073	21.0369	20.638	20.2637		20.5833	21.4324	20.9625		21.4142	20.8495	20.6197
PROT_0108	22.6565	22.636	22.2222	22.2855	22.3334	22.3879	22.5991	22.2467	22.741	22.4457	22.4308	22.1906	22.4509		22.1185	21.9946	22.6683	22.5889	22.3493	22.3657
PROT_0109	22.6964	22.7063	22.4856	22.6157	22.407	22.2102	22.288	22.1566	22.1368	22.1685	22.2484		22.3737	22.0851	22.1432	21.8783		22.4632	22.5837	22.6347
PROT_0110	20.3141	20.5328	20.3445	20.0832	20.0711		20.391	20.2983	20.0159	20.8907	19.295	20.7671	20.394	21.0847	20.0557	20.0523	19.8699	21.3922		20.6204
PROT_0111	24.4016	24.2911	24.509	24.5382	24.3911	24.3454	24.5363	24.106	24.4296	24.0661	24.5604	24.3826	24.5931	24.7606	24.4631	24.6225	24.7874	24.3993	24.6065	24.6317
PROT_0112	24.7143	24.8882	24.9208	24.944	24.7923	24.9447	25.0058		25.1716	24.9474	25.1165	24.7925	25.1962	24.8315	25.1535	24.7708	25.4128	25.402	25.4356	24.8353
PROT_0113	18.9537	17.9069		19.0895	19.3822	18.8378	19.3368			18.8933	18.35	19.1898		18.221	18.8204			19.0195	19.3857	
PROT_0114	26.1492	25.873	26.1717	25.8804			25.8261	25.8399	26.0524	25.9365	26.1405	25.6217	26.1909	25.7232	26.1855	25.7054	25.982	25.847	25.9445	25.7056
PROT_0115	25.8189	25.7713	25.5973	25.7469	25.7909	25.5277	25.5211	25.6593	25.5851	25.8436	25.5675	25.5471	25.65	25.9836	25.8198	25.62	25.6228	25.8076	25.7695	25.6243
PROT_0116	28.4639	28.0389	28.4927	27.7431	28.1673	28.279	28.3154	27.8274	28.4321	28.4617	28.153	28.1227	28.2193	28.1017	28.2731	27.8897	28.1725	27.9032	28.2839	28.2125
PROT_0117	24.1136	24.0167	23.8996	24.0814	23.6605	23.6121	23.9268	23.8742	23.8345	23.7664	23.8988	23.9149	23.7204	24.0346	23.8357	23.8366	24.0914	24.2311	24.0421	24.1794
PROT_0118	26.1948	26.187	26.3774	26.4095	26.3452	26.3495	26.0447	26.0874	26.3051	26.374	26.1339	26.2777	26.1022	26.2852	25.9234	26.0835	25.8412	25.9071	26.1325	25.6914
PROT_0119		22.565	22.6432	22.4727	22.2997	22.1124	22.809	21.9935		22.8335	22.6965	22.5401	22.3653	22.0321	22.4097	21.8039	22.7637	22.6127	22.4036	22.5964
PROT_0120	21.9206	22.0365	21.98	21.7372	22.821	22.1899	23.294	22.7619	22.1479	22.1556	21.8742	21.5013	21.8215	21.6909	21.8954	22.1034	21.7821	21.5966	22.183	21.2821
PROT_0121	26.5291	26.1713	26.9025	26.4665	26.5213	26.4299	26.7171	26.0386	26.4208	26.2877	26.3939	26.1437	26.1307	26.1373	26.3563	25.7116	26.6754	26.337	26.2621	26.1214
PROT_0122	22.0747	22.1744	22.0585	22.2666	22.0307	21.6381	21.8472	22.0529	21.8311	21.9421	22.244	21.9264	22.1275	21.9149	22.3132	22.2997	22.036	22.0037	22.0759	
PROT_0123	21.5099		21.3734	21.37	21.8314		22.0665	22.1104	22.1753	21.8421	22.1025	22.0366	21.523		21.7835	21.7057	22.2978	22.2442	21.9879	21.7938
PROT_0124	23.7226	23.1259	23.4381	23.3315	23.6448	23.416	23.8637	23.1997	23.5091	23.7761	23.0117	23.6061	23.4904	23.2174	23.5088	22.9319	23.5099	23.6308	22.9656	23.1387
PROT_0125	23.5457		23.6696		23.39	23.4691	23.5684	23.556	23.0045	23.4534	23.4175	23.5894	23.876	23.2517	23.8253	23.3782	23.7491	23.458	23.755	23.0665
PROT_0126	22.2359	21.4082	21.9345	21.849	21.4428	21.9256	21.8674	21.3762	22.2084	21.5758	22.1861	21.3338	21.4251	21.9028	21.9195	21.9655	21.6711	21.9114	22.1439	21.2577
PROT_0127	25.2995	25.2991	25.3283	25.5723	25.1614	25.3639	25.3123	25.3162	25.2269	25.1463	25.0356		25.2752	25.4679	25.053	25.2553	25.16	25.3484	25.0982	25.3332
PROT_0128	23.3999	24.0621	23.8493	23.8852	23.2588	23.3692	23.2167	23.1574	23.8945	23.8308	23.9772	24.0729	23.8679	24.0451	23.7983	23.9834	24.0229	23.8109	23.6735	23.8638
PROT_0129	24.3556	24.0767	24.5246	24.2626	24.533	24.3805	24.6763	24.5019	24.3135	24.5643	24.4326	24.455	24.8189	24.6545	24.8498	24.541	24.3078	24.0819	24.415	24.2279
PROT_0130	25.378	25.4069	25.3311	25.2879	25.1264	25.194	24.7269	25.3274	25.3461	25.2151	25.2749	25.114	25.2871	25.1275	25.2217	25.2215	25.3305	25.4159	25.1604	25.1784
PROT_0131	25.8589	25.6775	25.7128	25.3832	25.9536	25.857	25.787	25.494	25.6999	25.429	25.6629	25.6834	25.874	25.7509	26.0299	25.7224	25.6822	25.9253	25.6776	26.0124
PROT_0132	22.6237	22.1088	22.4641	22.4032	22.3076	23.1206	22.5103	22.3126	22.2775	22.2478	22.2263	22.5287	22.2603	22.5129	22.2455	22.592	22.3159	22.4921	22.0193	22.2993
PROT_0133	25.9686	25.9724	26.0196	25.9649	26.1103	26.2042	26.1181	26.1817	26.1424	26.1829	26.0477		26.2355	26.2468	26.4575	26.0299	26.0661	25.9986	26.1642	26.0189
PROT_0134	28.6593	28.5374	29.0277	28.9386	28.5978	28.5249	28.5924	28.5895	29.4085	29.4357	29.7311	29.6102	28.4419	28.6859	28.7681	28.6296	28.7265	28.4297	28.7647	27.9968
PROT_0135	24.2769	24.3588	23.8328	23.9747		23.891	23.7456	24.0946	23.7525	24.1487	24.2689	24.3176		24.0231	24.099	23.8888	23.9936	23.8548	24.102	23.7535
PROT_0136		22.3116	22.1054	21.8196	22.6807	22.8376	22.3724	22.5391	22.4741	22.2628	21.8528	22.512	21.8784	22.1909	22.2452	22.0334	22.1654	22.3519	21.9935	22.3589
PROT_0137						18.701									17.9146				17.9416	17.8903
PROT_0138					18.625					18.413						18.0087		18.4373	17.9669	18.1158
PROT_0139	23.8476	23.4843	23.6476	23.7285	23.9791	24.079	23.9794	23.829	24.4044	23.8795	24.5058	23.9226	23.1215	23.0883			22.9332	22.692	23.1979	22.9835
PROT_0140	21.1555	21.0095	20.7821	20.6596	21.0663	20.3775	20.6603	20.875		20.7455	21.217	20.3481	20.0721	20.6081	21.0121	20.9664	21.5507	20.7132	21.0521	20.7339
PROT_0141	24.0631	23.8894	24.1877	24.2656		23.4579	23.9098	23.7134	23.9039	23.7542	23.9424	23.7148	24.2321	24.1347	24.0196	24.0683	24.3469	24.0988	24.3475	24.1273
PROT_0142	25.6455	26.0538	25.8657	25.8711	25.6135	25.6858	25.8253	25.9221	25.7417	25.801	25.5162	25.8285	26.3792	26.1166	26.248	26.5658	25.6507	26.0545		25.9494
PROT_0143	23.4932	23.7175	23.6049	23.4113	23.7805	23.6845	23.7404	23.8652	23.7295		23.5944	23.7443	23.2705	24.1403	23.7225	24.161	23.7053	23.7168	23.585	23.7669
PROT_0144	19.9941			20.3537	19.2827	20.3598	20.0704		19.7863	19.7854	19.3154	20.3088	19.5499	19.581	18.8378	19.4686	20.4801		19.439	19.5835
PROT_0145	19.7046		19.8153	19.2993	19.1062	19.0599	19.2825	19.0846	18.5716	18.5595	18.0525	18.8183		19.3011		18.8966				18.3542
PROT_0146	20.6099	20.7026	20.4337	20.172	20.3974	20.1331	20.4703	20.3433	20.4741	19.9545	20.1565		20.4098	20.8043	20.5229	20.3928	20.4347	20.5556	20.1528	20.4784
PROT_0147	25.1402	25.0462	25.1314	25.1524	24.8754	25.0913	25.2498	24.9401	25.4892	25.2423	25.361	25.6377	25.2455	25.4284	25.2913	25.3616	25.0936	25.0123	25.3087	25.2815
PROT_0148	25.0635	24.977	24.837	24.8562	24.5021	24.5832	24.7947	24.9881	24.7676	25.0937	25.1329	25.0864	24.7124	25.0194	24.7817	24.9344	24.6669	24.921	24.619	25.0692
PROT_0149	23.3566	22.8555	23.0646	23.0113	22.9212	22.769	22.9546	22.9621	22.7254	23.1707	23.3157	23.2313	22.5611	22.5733	23.0418	23.0502	23.3554	22.6862	23.1895	22.9151
PROT_0150	23.1744	22.8309	22.4861	22.6938	22.6836		23.0451	22.4459	23.2752	22.8105	22.6003	23.1156	22.6682	22.7835	22.8927		23.1452	22.916	22.7799	23.164
PROT_0151	26.3964	26.2299	26.1005	26.1898	25.9204	25.8113	25.8668	26.002	26.0918	26.239	26.3253	26.0743	25.8418	26.1464	26.0078	26.0896	26.1575	26.1112	26.1965	26.1958
PROT_0152	22.2545	22.3438	21.9274	22.1479	21.9943	22.4926	22.1968	22.0701	22.0724	22.1055	21.8235	22.093	22.4883	22.5506	22.4786	22.596	22.5257	22.6644	22.4795	22.386
PROT_0153	26.3505		26.4225	26.4503	26.5582	26.367	26.0904	26.6235	26.3651	26.5247	26.49	26.2462	26.5403	26.8389	26.449	26.4244	26.4571	26.6535	26.4145	26.7504
PROT_0154	23.8703	23.6173	23.6634	23.6229	23.7506	23.6658	24.1532	23.6462	23.3291	23.814	23.7828	23.3552	23.6039	23.8858	24.0468	23.5262	24.2193	23.476	23.6501	23.4425
PROT_0155	22.0795	22.0935	21.9888	21.7309	22.0563	22.3658	22.2122	22.2729	22.1586	22.3071	22.3495	22.164	22.176	22.2242	22.3123	21.9069	22.0814	22.7582	22.23	22.6973
PROT_0156	21.8595	21.7729	21.8751	21.9526	21.6893	22.1357	22.0567	21.5509	22.1923	22.349	21.9104	21.7315	22.1965	21.7923	22.5395	22.0529	22.2311	22.2833	22.3689	
PROT_0157	24.4547	24.411	24.353	24.1703	24.7005	24.1631	24.3917	24.376	24.7701	24.4854	24.4939	24.2976	25.1843	25.0576	25.2034	25.0679	24.7599	24.4853	24.6371	24.214
PROT_0158	24.8536	24.6273	24.6899	24.7847	24.7246	24.3829	24.3594	24.9656	24.7493	24.7922	24.7164	24.6196	24.346	24.8356	24.698		24.7223	24.8948	24.7534	24.4812
PROT_0159		20.1435	20.6018	20.3495			20.1802		20.0413	20.9196	21.0871	20.4564	20.3088	20.3219	19.5677		20.0659	20.8687	20.4267	20.0508
PROT_0160	26.6911	26.8901	26.8113	26.5653		26.4804	26.6317	26.5671	26.6713	26.771	26.6782	26.6412	26.8209	26.7392	26.7525	26.6349	26.4167	26.8067	26.8136	26.6905
PROT_0161	18.6991	19.6139	17.1147	17.1428				18.4799				18.0451			19.1436			18.9114		18.8143
PROT_0162	23.6894	23.78	23.6553		23.5537	23.8106	23.4929	23.5318	23.3795	23.4347	23.6776	23.5855	23.8244	23.2857	23.7077	23.7907	23.6674	23.5897	24.061	23.4782
PROT_0163	26.8523	27.1958	27.2116	26.7999	26.8938	26.7385	26.9228	27.029	26.8392	26.8017	26.8316	27.2573	26.7412	27.171	26.8795	26.9932	26.8017	26.949	26.8419	26.8686
PROT_0164	19.1386			18.8091	18.8052			19.3457			20.0518	19.4163		18.3756	19.1269	18.5382	19.1333	19.4657		19.3648
PROT_0165	22.4062	22.0528	22.8017	22.2282	22.975	22.4552	22.9566	22.2983	22.7454	23.3482	22.8488	22.647	22.9359	22.8504	22.6423	22.2671		22.3919	22.5556	22.8035
PROT_0166	22.8561	22.6399	22.8559	22.9498	23.1577	23.064	23.0135	22.7736	23.1129	22.6609	22.7001	23.0043	22.8518	23.2268	23.1296	22.9586	23.2448	22.8251	22.8807	23.1292
PROT_0167													17.6497							17.9668
PROT_0168	23.4341	23.937	23.4468	23.4154	23.9021	23.7057	23.8952	23.6554	23.7843	23.6277	23.6826	23.8148	23.6715	23.8805	23.3343	23.7981	23.7458	24.1476	23.9539	23.6946
PROT_0169	23.373	22.8637	23.7562	23.0863	23.2996	22.9536	23.4069	23.0827	23.4274	23.4304	23.3311	23.1287	23.3577	23.4445	23.313	23.4853	23.0948	23.0507	23.187	22.9428
PROT_0170	20.73	20.2577	20.7311	20.6351	20.7076	20.3847	20.1845	20.0645	20.4678	20.4032	20.3744	20.2578	20.1081	19.8383	20.3065	20.0824	20.2219		20.8556	20.8266
PROT_0171	25.139	25.3445	25.0597	24.8167	25.1332	25.3787	24.8098	25.2889	24.9846	25.0331	25.0753	25.184	24.8124	25.0919	24.7784	25.1076	24.9711	25.3424	25.2584	25.245
PROT_0172	18.0191	18.0506			18.1706			17.8298				17.5863	18.0513							18.5114
PROT_0173			18.3562				17.8003		17.9235									18.123		
PROT_0174	25.7173	25.8459	26.0927	25.6501	25.8662	25.9097	26.0148	25.835	26.0547	25.7556	25.9727	25.54	25.7843	25.876	26.1992	25.7689	26.0183	25.9383	25.8301	25.7107
PROT_0175	23.6829	23.8086	24.0825	23.9354	24.0899	23.7883	23.8673	24.2529			23.9024	23.9551	23.5089	23.9817	24.2721	23.5502	23.8629	24.2987	24.0719	23.796
PROT_0176	20.1208	21.1122	20.5238	20.5233	20.1205	20.3544	20.9821	20.3306	20.7443	20.3243	20.8957	21.1059	19.9618	20.3581	20.7185	20.22	20.3891	20.6349	20.2912	20.5089
PROT_0177	20.8414		20.7891	20.914	21.2024	21.4608	20.9745		19.9726	20.908	21.2486	20.709	21.7316	21.2717	21.0485	21.1446	21.4694		21.2705	20.5615
PROT_0178																18.7279	18.9633	18.2937		16.9985
PROT_0179		20.2617	20.3661	20.2416	19.7873	20.1725		19.7704	20.3673	20.0092	19.9981	19.4327	20.2484	19.4375	19.8364	19.8023	19.8123			20.012
PROT_0180	19.4935	20.0196	19.0931		19.8687	19.678		20.0584	20.5076		19.4774	20.4636	18.6766	19.0307			19.056	20.1743		
PROT_0181	24.1592	24.8109	24.4704	24.4738	24.3809	24.7166	24.4347	24.2204		24.7921	24.6713	24.848	24.9335	24.8226	24.7125	24.4521	24.7569	24.7574	24.3485	24.5117
PROT_0182	21.7492	21.9288	21.8298	21.6169	21.4106	22.1045	21.7634		21.681	22.0707	21.5118	21.661	21.8416	21.6469	21.5413	22.0301	21.8162	22.0054	21.4837	21.6335
PROT_0183		21.2815	21.0418	20.9658	21.2851	20.9812	21.3843	20.6151	21.1705	21.6394	21.375	20.7459	21.2642	21.3403	21.7999	21.0055	20.7702	21.1219	21.1856	21.3518
PROT_0184	24.823	24.7019	24.9281	24.6664	24.6303	24.6001	24.7065	24.2515	25.0174	24.7065	24.9987	24.8496	24.8286	24.423	24.5745	24.5133	24.6082	24.5931	24.4733	24.3717
PROT_0185	24.1556	23.6418	23.9187	24.0692	23.943	24.0924	24.1825	24.2741	24.4592	24.5746	24.2706	24.3752	23.7776	24.1453	23.9243	23.8787	24.2291	24.2835	24.0316	24.1816
PROT_0186	25.953	25.85	26.0853	26.1703	25.6211	26.0427	26.1335	25.7617	25.9713	25.8841	25.7696	25.9656	25.6442	25.7673	26.0209	25.8251	25.6124	25.8728	25.6226	25.4385
PROT_0187	18.6112	19.5597		19.2067	18.8985		19.3779				19.0041		18.5502			19.0617	18.1458			18.5727
PROT_0188	26.6087	26.1919	26.3147	26.6947	26.4132	26.2324	26.5945	26.2058	26.4068	26.1689	26.4024	26.5601	26.4879	26.6705	26.2083	26.5213	26.4189	26.4358	26.5231	26.4591
PROT_0189	24.3256	23.8719	24.2895	23.7197	24.4115	23.9686	24.4089	24.085	24.1077	23.632	23.793	23.9304	24.1269	23.7902	24.0525	23.5449	23.6791	23.8524	24.2373	23.9088
PROT_0190	22.3334	21.717	22.1049	22.0894	23.0754	22.9829	23.2185	23.0113		22.4123	22.7193	22.4645	21.6372	22.0794	21.728	21.5781	21.6789	21.714	20.9439	21.3692
PROT_0191	24.8071	25.1118	25.0291	25.1502	25.3071	25.2312	25.2598		25.3234	25.5607	25.2098	25.3794	24.92	24.9746	25.3947	25.0918	25.2247	25.3003	25.0836	25.0728
PROT_0192	27.7512	27.5871	27.9372	27.8481	27.5963	27.7312	27.8732	27.7356	27.6274	27.5353	27.4687	27.5959	27.623	27.6949	27.6361	27.7411	27.6708	27.8962	27.6892	27.6723
PROT_0193	22.4003	22.5963	22.5761	22.6746	22.5418	22.7107	22.5217	22.3573	22.6833	22.4997	22.462	22.6576	22.4538	22.5275	22.5807	22.9643	22.6344	22.6476	22.7373	22.6405
PROT_0194	22.4668	22.2635	22.6052	22.503	22.3024	21.9531	22.1377	22.6231	22.5594	22.5316	22.6544	22.6539	22.4454	22.5634	22.4298	22.2538	22.4371	22.455	23.0567	22.1693
PROT_0195	21.7602	22.2508	22.2585	21.816	21.9421	22.4421	22.2358	21.7836	22.1397	21.9504	21.594	21.4767	21.8364	22.5132	22.2828	21.4752	22.082	21.7676	21.8768	22.3254
PROT_0196	19.4316	17.7821		17.8366	18.6099		18.7122			18.6419		18.0552	18.7587	17.5318	17.6987	18.1558		18.6804	17.7367	
PROT_0197	26.3194	26.582	26.3645	26.5735	26.1965	26.5469	26.4127	26.5801	26.6668	26.7634	26.4342	26.4052	26.2873	26.5695	26.2739	26.3201	26.2389	26.5191	26.456	26.6494
PROT_0198	24.6502	24.7044	24.5718	24.7523	24.3678	24.7503	24.2242	24.7469	24.5591	24.7573	24.1814	24.9472	24.5722	24.4751	24.6773	24.5421	24.8406	24.5057	24.3882	24.8419
PROT_0199	24.3844	24.4185	24.201	24.3773	24.4827	24.5735	24.1229	24.3058	24.0329	24.1909	24.2195	24.0711	24.7982	24.9583	25.3075	25.0198	24.1695	24.2293		24.6265
PROT_0200	24.4316	24.4099	24.8447	24.4708	24.6751	24.2516	24.6102	24.6611	24.7683	24.4121	25.1354	24.4896	24.7533	24.6066	24.7389	24.5607	25.0007	24.8307		24.7003
PROT_0201	21.2584	21.7959	21.998	21.8757	21.9499	21.5229	21.8586	21.5319	21.8771	21.7135	21.1572	21.6025	21.5123	21.8742	21.5523	21.4553	22.1377	21.3552	22.1092	21.6709
PROT_0202	28.8248	28.6197	28.8204	28.9063	28.6843	28.6127	28.8207	28.708	28.7085	28.978		28.8176	28.5629	28.5878	28.9549	28.7448	29.1235	29.0619	28.7295	28.6993
PROT_0203	24.414	24.2645	24.3588	24.4387	23.344	23.5529	23.5876	23.3471	23.0554	23.6434	23.3079	23.4298		23.1479	23.5374	23.2028	23.4845	23.1497	23.0158	23.464
PROT_0204	22.2473	22.2114	21.9801	22.1797	22.437	21.9369	22.176	21.9421	22.7669	21.9238		21.4615	22.0076	22.0902	22.0482	21.8732	22.3698	22.3201	22.146	22.1206
PROT_0205		19.8326	19.6313	19.4402	20.2819	19.5546	20.0375		20.5367	19.6966	19.7376		20.5221	20.4045	19.8858		20.045	19.7955	19.904	19.5196
PROT_0206	30.0833	29.7183	30.1046	29.6976	29.9712	29.7509	29.8241	29.8552	30.0717	30.1664	30.0345	29.9664	29.7695	29.9831	29.9398	29.7421	29.9945	29.9236	29.9546	29.7845
PROT_0207	25.3026	24.9619	24.9942	25.2773	24.9989	25.2049	25.0534	24.9705	25.1504	25.2551	24.8675	25.3635	25.126	25.2852	25.0339	25.24	25.0392	25.4397	25.1806	24.9789
PROT_0208	25.3101	25.5253	25.3008	25.559	25.1685	25.587	25.2175	25.907	24.8886	25.5625	25.2586	25.5343	25.2965	25.7753	25.4272	25.4048	25.1986	25.5128	24.9394	25.2399
PROT_0209	24.3131	24.0284	23.6988	23.9666	24.1908	23.9922	24.1907	23.9864	24.3059	24.0398	24.0993	23.8616	24.1899	23.9607	24.1828	24.1085	24.2617	24.0768	23.8779	23.9787
PROT_0210	19.7419		19.3085		18.7105		19.477	19.5645		19.6835		19.9774	19.7237	19.7086	19.8571				19.2278	
PROT_0211	25.0606	24.6731	25.2198	25.158	25.0008	24.7725	24.9477	24.7865	25.0218	24.9829	25.0606	25.114	25.0127	24.9541	25.1351	24.851	25.0157	25.0826	25.1637	24.8533
PROT_0212	22.2522	21.9002	22.071	22.0011	21.465	22.0157	22.0172	22.3349		21.9043	22.4264	22.5071	21.923	22.2938	22.0042	21.9468	21.9239	22.3272	21.8422	22.2713
PROT_0213	21.4949	21.2444		20.9995	21.2686	21.289		21.6104	21.1674	21.9247	21.4552		20.8934	21.4927	20.6699	21.3596	21.6995	22.0189	21.7401	21.653
PROT_0214	26.8155	26.4975	26.931	26.4542	26.5633	26.2543	26.7691	26.2002	26.7819	26.6774	26.8329	26.5792	26.751	26.7618	26.848	26.6453	26.7582	26.6802	26.7926	26.7244
PROT_0215	22.1925	22.7336	22.907	22.372	22.8967		22.5652	22.7229	22.4594	22.7136	22.5047	22.1723	22.1465	22.6353	22.0759	22.6127	22.545	22.6527	22.7781	22.1913
PROT_0216	21.6834	21.7995	20.9641	21.2942	21.2652	21.4356	21.5693	21.41	21.2553	21.2254	21.4701	20.7243	21.6028	21.7588	21.394	21.4396	20.9498	22.0808	21.8066	21.0483
PROT_0217		19.6478						19.4638			18.9939			19.2087		18.2665	18.7031			17.8253
PROT_0218	19.2226					18.8875		19.2014	19.773		18.9604	19.9417	18.4499	18.4559		18.2447		20.0481		19.4928
PROT_0219	23.0975	22.9256	23.1642	22.9639	23.1893		22.9299	23.4468	23.4331	23.1751	23.3055	23.3326	23.1077	23.524	23.2758	23.3694	23.3765	23.2921	23.2853	23.2951
PROT_0220	24.1234	23.9931	24.4022	24.0264	24.0657	24.2101	23.9932	23.9123	23.9835	23.8574	24.3817	24.2016	22.8898	23.6357	23.1306	22.9733	23.9292	24.1408	23.8176	23.8069
PROT_0221	24.5204	24.1365	24.3213	24.1243	24.0655	24.0991	24.3258	24.351	24.5961	24.0832	24.4584	24.2387	24.2912	24.6	24.4277	23.9503	24.3675	24.4306	24.7365	24.1422
PROT_0222	21.9602	21.5015	21.5272	22.0208	21.309	21.317	21.1088	21.0795	21.6999	21.2366	21.2725		21.7003	21.25	21.3582	20.9219	21.2388	20.9866	21.4527	21.4184
PROT_0223	21.5639	21.5114	21.8258	21.2891	21.6615	22.0715	21.7103	21.6668	21.914	21.7836	21.5786	21.9456	21.8999	21.782	22.0931	21.5184	22.0259	21.409	22.2473	21.3706
PROT_0224	24.5479	24.6783	24.5967	24.4946	24.8505	24.547	24.798	24.759	25.0635	24.7159	24.8308	24.6293	24.4639	24.6322	24.6369	24.4676	24.4899	24.7518		24.6426
PROT_0225	20.117	20.6747	20.0322	20.4416	20.3573		19.8337	20.1	20.1578	20.0201	19.7582	20.2425	20.1154	20.7434	19.8492	19.8522	20.1821		20.2976	19.9908
PROT_0226				18.4107					19.1679			18.7939		18.0123		18.0241		18.7612		19.0275
PROT_0227	23.1984	23.2829	23.5293	23.5586		23.1579	22.9646	23.4411	23.277	23.4268	23.8155	23.8982		23.4411	23.6296	22.9608	23.1639	23.6426	23.7717	
PROT_0228	24.1544	24.0547	24.0007	24.1219	24.1969	24.0481	23.9454	23.8535	24.214	24.0146	23.9735	24.0239	24.3157	23.993	24.1388	23.9766	24.2158	24.3182	23.9799	23.9569
PROT_0229	18.7756	19.251				19.0896		19.2924	19.2247		18.8581	18.8979			19.5659		19.6151	19.8253	20.0535	19.6108
PROT_0230	27.3017	27.8523	28.1116	27.6333	28.025	28.1695	27.9978	27.8437	27.9693	27.9988	28.051	27.8648	27.7949	27.6168	27.7488	27.7722	28.1153	27.9989	28.2676	28.1362
PROT_0231	21.6144	21.9986	21.9211	21.9931	21.2263	22.0928	21.4473	21.5752	21.6865	21.4897	21.4374	22.1037	21.3391	21.8153	21.9577	21.5456	22.153	21.4151	21.5178	21.7502
PROT_0232	21.6888	21.1188	21.3371		21.0728	21.2185	21.1949	21.1832	20.7775	21.5808	21.1786	21.3097	20.9401	21.1132	20.7137	21.1884	20.4381	22.2321	21.16	21.0999
PROT_0233	26.5693	26.7391	26.438	26.3619	26.6332	26.8273	26.6449	26.6871	26.5289	26.5287	26.7022	26.8417	26.5984	26.7131	26.7031	26.7675	26.8521	26.816	27.1786	26.4008
PROT_0234	21.6756	21.853	21.267	21.4829	22.1565	22.1541	22.105	21.8093	22.0429	21.5892	21.7022	21.3744	21.9022	21.6802	20.8599	21.4685		21.9055	21.7169	21.5739
PROT_0235	21.0507	21.5784	21.7829	20.8768		21.6576	22.0755	21.567	21.789	21.3124	21.0277	20.9673	21.7443		21.4436	20.7212	21.5939	20.83	21.6458	21.5475
PROT_0236	19.6253	20.1252	20.5493	20.338	20.0544	20.1096			19.8531	20.1512	20.9362	19.9084	19.5725		20.1887	20.2193	20.4133	19.8952	19.9585	19.0768
PROT_0237	24.3638	25.2246	24.9182	24.9009	24.8832	24.5252	24.6437	24.5214	24.9414	24.6497	24.6205	24.9951	24.6096	24.9299	24.5741	24.5663	24.4246	24.7809	24.6456	24.4225
PROT_0238	21.4351	21.5067	21.1405	20.7587	21.7209	21.6443	21.257	21.4694	21.1125	20.9374	21.9626	21.0364	21.2722	21.5081	21.2767	21.1477	21.4054	21.5052	21.2407	21.3138
PROT_0239	25.5887	25.4673	25.8295	25.4946	25.4025	25.3674	25.3739	25.6392	25.4704	25.3684	25.5556	25.4133	25.2695		25.4069	25.1213	25.2689	25.8603	25.6584	25.6814
PROT_0240	22.1191	22.2363	21.8014	22.1254		22.472	22.5446	22.6887	22.3829	21.8404	21.805	21.8891	22.155	21.9692	21.5971	21.5775	22.2107	21.9767	21.6514	21.9082
PROT_0241	20.7493	20.8798	20.6		20.8768	20.5476	20.7841	21.0585	20.7672	20.7627	20.6704	20.9069	20.8215	20.753	20.7684	20.9184	20.9399	20.798	20.4246	20.8998
PROT_0242	26.4953	26.6467	26.511	26.5292	26.2225	26.4356	26.3576	26.6454	26.32	26.7486	26.3424	26.5438	25.9921	26.8045		26.4381	26.0573	26.605	26.4974	26.5893
PROT_0243	25.5368	25.4331	25.4846	25.6707	25.1747	25.4146	25.2258	25.3434	25.6283	25.297	25.2717	25.5736	25.4407	25.3136	25.409	25.6019	25.4072	25.4854	25.1045	25.2083
PROT_0244	21.0175	21.4778	21.7792		21.5079	21.3803		21.2541	21.1662	22.285	21.1048	21.7143	20.9692	21.6029	21.5097	21.0506	21.5437	21.3125	21.3032	21.2806
PROT_0245	21.6772	21.7584	21.7665	21.9611	21.8592	21.5775	21.8323	21.4385	21.6319	21.7941	22.0242	21.3622	21.9988	21.4396	21.5384	21.4979	21.7445	21.7575	21.8389	21.6976
PROT_0246	25.0577	24.7415	24.8338	24.6196	24.8969	24.6613	24.8973	24.9354	25.0009	25.0928	24.9782	24.9883	24.8211	24.6944	24.8521	24.8613	24.9431	24.9529	25.1096	24.9261
PROT_0247	21.1716	20.8484	21.2016	21.2555	21.6511	22.1267	21.5104	21.5733	22.1602	22.3539	21.9727	22.4389	21.0909	21.1525	20.9297	20.8267	21.6843	20.9529	20.5898	20.8876
PROT_0248	20.9582	21.0231	20.8639		21.1	21.203	20.6327	21.3012	21.0127	21.1003	21.1795	21.5789	21.1227	21.001	20.6241	20.4645	20.8089	21.1861	20.6046	20.8237
PROT_0249	20.3551	20.3539	19.9229	20.4697	19.9763	20.084	20.4365	20.5702	19.874	20.2345	20.09		20.748	20.4084	20.249	19.7806	20.6106		20.9007	19.9289
PROT_0250	23.4618	23.0938		23.4342	23.1603	23.0518	23.1842	22.7671	23.5362	23.266	23.1858	23.1373	23.229	23.0498	23.5783	23.1475	23.2142	23.4645	23.4635	23.2932
PROT_0251	23.1719	23.287	23.4059	23.2518	23.2811	23.1325	23.2429	23.1888	23.58	22.994	23.4394	23.527	23.1416	23.2742	23.338		23.4308	23.1524	23.288	23.1548
PROT_0252	25.7826	26.086	26.195	25.9312	26.0708	26.1942	26.1845	26.1803	26.0974	26.1402	26.0187	26.1223	25.8363	25.8631	26.4162	26.3339	26.0414	25.9969	25.8528	25.9368
PROT_0253	21.7146		21.6441	21.8151	22.0963	21.2383	21.322	21.9187	22.0306	21.5534	21.9845	21.6364	21.2625	21.8066	22.0835	21.7109	21.6262	21.5115	21.9058	21.8417
PROT_0254	20.3463	20.2538	19.9681			20.0006					20.2172		20.0001	19.6176	19.8808	19.8318	20.2349	19.9184	19.5863	20.0628
PROT_0255	22.4024	22.6201	22.3069	22.3541	22.282	22.5232	21.8214	22.3475	22.3176	21.9475	21.8943	21.9474	22.3509	22.549	22.1299	22.4904	22.4666	22.9748	22.4993	22.639
PROT_0256	24.8065	24.0954	24.6132	24.1582	24.6791	24.4332	24.4919	24.0168	24.3271	24.4252	24.544	24.4051	24.5182	24.3947	24.1303	24.6398	25.2018	24.422	24.3302	24.278
PROT_0257			18.8683	18.9634		18.9183	18.6602		19.9258	20.4119		19.7105		19.9842			19.9884		19.0844	19.4817
PROT_0258	25.3763	25.2067	25.793	25.0119	25.5746	25.3131	25.4268	25.5922	25.4625	25.1271	25.406	25.1786	25.3623	25.5708	25.4232	24.8935	25.4471	25.3112	25.4534	25.3179
PROT_0259	23.4562	23.7606	23.7154	23.6461	23.6555	23.3117	23.954	23.4618	23.4161	23.7083	23.5993	23.8859	23.6693	23.4054	23.4915	23.4796	23.9286	23.6369	23.6287	23.6534
PROT_0260	23.5502	23.241		23.6462	23.7357	23.4099	23.5895	23.3849	23.5333	23.7453	23.638	23.4135	23.9262	23.7633	23.7861	23.7184	23.8392	23.9952	23.6517	23.3681
PROT_0261	24.2939	24.5045	24.0832	24.2062	24.4346	24.4257	24.4319	24.1899	24.1956	24.1709	24.3367	23.9084	23.88	24.0838	24.4063	24.1524	24.5046	24.5263	24.6094	24.2923
PROT_0262		20.5107	21.5466	20.5186	20.1535	20.663	20.3885	20.7875	21.1452	20.5711	20.4414	20.858	20.3589	21.0153	20.196	20.3713	20.6369	20.4798	20.665	21.1241
PROT_0263	21.1299	20.5325	21.2458	21.1654	20.767	20.7806	20.7388	20.915	20.3462	20.4664	21.2434	20.7733	20.8523	20.8304	21.2828	20.5779		21.4482	21.0089	20.4293
PROT_0264	26.9435	27.341	27.4279	27.1882	27.0525	27.3423	27.0419	27.5928	27.0355	27.3213	27.1298	27.6447	27.1166	27.3387	27.2676	26.9214	27.0859	27.251	27.0109	27.1899
PROT_0265	21.857	21.8025	22.3277	21.8728	22.2724	22.2865	22.1316	22.0251	21.938	21.935	22.1063	22.0582	22.3421	22.0231	22.1344	21.7354	22.1348	21.8462	22.2554	21.8967
PROT_0266	25.9534	26.4588	26.18	26.6045	26.2313	25.9847	26.2287	26.3634	26.0392	26.5147	26.2868	26.3882	26.0055	26.1628	26.1203	26.2588	26.4534	26.4394	26.2358	26.2693
PROT_0267	22.6402	22.8808	22.4659	22.0975	22.7488	22.4644	22.0147	21.9871	22.5316	21.873	22.9628	22.4188	22.6093	22.2029	22.5025	22.0906	22.4135	22.2362	22.3819	22.2974
PROT_0268				19.068		19.3389				19.2239	18.4627		19.6719	18.7217			19.2128	19.4416	18.2854	19.2707
PROT_0269	21.7511	21.867	21.8265	21.6987	22.2208	22.0322	22.1746	21.7957	22.2626	21.9104	22.218	22.0633	21.9217	22.2152	22.0024	21.8334	21.9576	21.9402	21.6065	22.0824
PROT_0270	22.5926	22.4456	23.0599	22.5827	22.1432	22.0735	21.781	22.2352	22.5749	22.3942	22.7329	22.711	22.4762	22.2593	22.3687	22.2752	22.7095	22.7133	22.5728	22.4815
PROT_0271	22.3615	21.6477	21.6975	21.2067	22.117	21.8101	21.9907	22.4556	21.9863	21.725	21.8802	21.386	22.432	21.8473	22.3694	22.2605	22.2291	21.8945	21.8571	22.0068
PROT_0272	25.1626	24.905	24.8773	25.0921	24.9	24.7344	24.8654	24.8161	24.8212	24.9895	25.215	24.8924	25.1278		25.0885	24.6855	25.2035	24.8472		24.8161
PROT_0273	23.3399	23.6952	23.2953	23.0633	23.1978	23.3947	23.6244	23.5094	23.0496		23.1025	23.3219	23.2372	23.5313	23.2603		23.5129	23.1844	23.0778	23.6693
PROT_0274	24.0835	24.6578	24.241	24.5423	24.1068	24.476	24.3351	24.098	24.536	24.4398	23.9579	24.3029	24.4148	24.8265	24.5058	24.4784	24.6988	24.5177	24.2421	24.2651
PROT_0275	25.2921	24.8098	25.439	25.0573	25.2673	25.2185	25.4347	25.3744	25.3815	25.0462	24.9988	24.8354	25.339	25.3008	25.7028	24.856	24.9957	24.9405	25.5315	25.1191
PROT_0276	23.6967	23.6617	23.78	23.3223	23.6378	23.474	23.6423	23.5182	23.604	23.767	23.7547		23.5284	23.49	23.6718	23.4776	23.6565	23.7163	23.8659	23.1914
PROT_0277	25.9045	26.2561	26.0676	26.0398	26.0465	25.7238	25.9294	26.0374	25.5927	26.0009	25.8692	26.1684	25.7859	26.2894	26.1211	26.1842	25.9013	26.4503	25.8844	26.1756
PROT_0278	23.9941	23.6882	23.9716	23.8574	23.833	23.3974	23.8774	23.9879	23.7921	23.8145	23.5604	23.8217	23.6139	24.1535	24.0451	23.545	23.368	23.8788	23.5714	23.7825
PROT_0279	22.6766	22.9545	22.3052	22.3014	22.6897	22.803	22.4413	22.8805	22.6875	22.8957	22.9615	22.9792	22.2966	22.7686	22.218	22.7453	22.8039	22.9057	22.4317	22.4909
PROT_0280	19.8446	20.6177	20.8507	20.3353	20.2467	20.2224	20.2343	20.886	20.7732	20.6179		20.3656		20.8833	19.8154	20.8415	20.6816	21.0313	20.6006	20.5904
PROT_0281	26.6579	26.8375	26.5732	26.7654	26.5548	26.8039		26.8401	26.8189	26.4714	26.6285	27.0258	26.5687	26.7346	26.6596	26.6275	26.5675	26.7502	26.6063	27.1037
PROT_0282	25.4042	25.8155	25.7022		25.6082		25.7403	25.5754	25.8161	25.8709	25.7887	25.7348	25.1644	25.8293	25.7332	25.2951	25.9413	25.8717	25.7399	25.6565
PROT_0283	22.5363	22.9786	22.5309	22.8092	22.002	22.403	22.1461	22.5187	22.7203	22.8901	22.4801	22.9456	22.4109	22.7222	22.5005	22.6239	22.8429	23.1242	22.5373	22.8257
PROT_0284	22.9684	23.1751	23.3299	23.2296	23.2122	23.1333	23.1887	23.2207	23.2304	23.59	23.3557	23.2172	23.1749	23.2422	23.3414	23.2688	23.4494	23.3823	23.4872	23.2371
PROT_0285	21.1861	21.5996	21.452	21.2879		20.4435	20.7527	20.7635	21.7909	21.365	21.4445		20.8226	21.1911	21.5177	21.2567	20.9129	21.0449	21.7421	21.2119
PROT_0286	21.4005	21.8879	21.8501	21.1128	21.6582	21.3677	21.2977	21.3727	22.1836	22.51		21.8663	21.5072	21.4629	21.3099	21.2252	21.6251	21.1945	21.0118	20.9766
PROT_0287		20.3355	19.89		20.6051	20.6183	20.5916		20.8158	20.5565	20.7794	20.2412		19.9975	20.3556	20.5965	20.6455	20.5543	20.423	20.3213
PROT_0288	21.3401	21.244	21.2509	21.5118	21.3373	20.6627	21.2285	21.1298	20.9892	20.7971	20.7569	21.1161	21.0128	21.0056	20.9779	21.2375	20.8817	21.2819	20.7578	21.7314
PROT_0289	22.2638	21.9162	22.443	22.2382	22.1907	21.9104	21.9229	22.3409	22.3039	21.9082	22.5343		22.245	21.7861	22.2648	22.0157	21.3436	22.0271	22.0991	21.9229
PROT_0290	24.1039	23.9733	24.1089	23.9098	23.8773	24.4064	24.3578	24.5815	23.9965	24.191	24.1442	24.2194	23.8704	23.9841	24.1804	24.3625	24.214	23.7046	24.0384	24.3889
PROT_0291	19.1516	20.3308	19.5877	19.9446		19.8919			20.503	19.5124	19.9233	20.5607			18.5346	19.7436	19.8744	19.3625	19.5035	19.4592
PROT_0292	22.77	22.8791	22.9126	22.9946	22.6349	22.5911	22.9408	22.8087	22.239	22.6411	22.784	22.7222	22.7408	22.8403	22.1358	23.047	22.8864	22.8072	23.0082	22.6429
PROT_0293	21.74	21.0372	21.6364	21.2432	21.8776	21.7108	21.5493	21.2238	20.5773	21.424	21.0541		21.4752	22.0066	21.5251	21.7224	21.4105		21.5155	21.1777
PROT_0294	21.9317	22.1	22.2083	21.8444	21.9054	21.8314	21.786	21.58	22.1476	21.3812	22.4239	21.9206	21.865	22.3982	22.0003	21.7752	22.3527	22.1051	22.014	21.9177
PROT_0295	27.5114	27.5982	27.3726	27.5527	27.2489	27.5114	27.4917	27.5521	27.4223	27.3883	27.5612	27.6067	27.3905	27.4709	27.5669	27.2173	27.763	27.78	27.5555	27.3643
PROT_0296		20.4466	20.038	20.5481	20.6513	20.1276	20.2699	20.3856	20.3781	20.0875		20.0393	20.2423	20.5414	19.548	20.3577	20.3004	20.1634	20.1754	20.0287
PROT_0297	23.5449	23.6114	23.6518	23.7096	23.2954		23.6271	23.8521	23.6761	23.4338	23.2167	23.9786	23.4504	23.8801	23.4686	23.3748	23.462	23.6973	23.4542	23.9586
PROT_0298	25.3697	24.9759	25.247	25.0265	25.0591	24.9481	24.962	24.7656	25.2046	24.9445	25.2869	24.8863	24.826	25.0318	25.2746	24.6876	25.4133	24.9754	25.6021	24.5719
PROT_0299	21.0858	21.3562	20.9206		20.4397	20.5085	21.1645	20.7147	20.7557	20.5795	20.2547	20.3755	21.262	20.9679	20.942	20.7601	20.9857	20.9191	21.0618	20.699
PROT_0300	22.555	22.8393	22.9001	22.9766	23.2433	22.395	22.4856	22.5995	22.3674		22.4718	22.8469	22.8431	22.6426	22.6564	22.4936	22.5778	23.1297		22.9049
PROT_0301	24.373	24.7408	24.4314	24.5217	24.7683	24.6952	24.7918	24.6239	24.3371	24.6139	24.4299	24.5695	24.4058	24.6884	24.7254	24.6173	24.7944	24.815	24.4476	24.5251
PROT_0302	23.8802	24.492	24.4886	24.3121	24.1218	24.3202	24.1108	24.2179	24.3372	24.4821	24.0835	24.409	24.0488	24.0313	24.3049	24.3449	24.1934	24.5048	24.6625	24.5728
PROT_0303	20.8432	20.931	20.0224	20.2511	20.2452	20.3855	19.9122	19.9144	20.6161	21.1909	20.3107	20.5755	20.398	20.3821	20.5429		20.2372	20.0869	20.8848	21.2304
PROT_0304	24.5825	24.4966	24.5051	24.3386	24.3398	24.5086	24.178	24.5171	24.513	25.0973	24.4122	24.5454	24.4628	24.5278	24.8849	24.7298	24.5115	24.4714	24.3803	24.3402
PROT_0305		19.4195	19.2271		19.6501	19.6529	19.9365	19.3067	20.0792	19.7747					19.2513		19.0143	19.5116	20.23	
PROT_0306	20.4867	21.1091	20.8968	21.2864	20.8077	20.9863	20.4723	20.9851	20.9638	20.9542		21.0354	20.3305	21.5069	21.2817	21.0336	20.5702	21.3423	20.6819	21.1932
PROT_0307	20.8403	20.8663	21.2181	21.0843	20.7247	20.2799	21.2532	20.6392	20.5012	20.6147	19.8498	21.3426	20.984	20.8068	20.7491	20.8424	21.009	21.2956	20.2869	20.9533
PROT_0308	20.4422	21.0323	21.4476	21.2648	21.2007			20.6832	21.3553		21.3603	21.3221	20.8821		21.7887	20.9943	21.2873	21.0247	20.9811	21.7812
PROT_0309	18.8157	18.9643		19.0872	18.1744	18.2783				18.8153	18.4839	18.473	18.9261				18.9401	19.2641	18.7745	
PROT_0310	24.0123	23.3876	23.9444	23.7963	23.8504	23.5989	23.8525	23.0281	23.8149	23.927	23.9121	23.8625	23.945	23.5641	23.7646	23.7903	23.8079	24.1167	23.9278	23.6897
PROT_0311	30.3761	30.4948	30.6207	30.3574	30.2324	30.1989	30.0177	30.145	30.3142	30.2367	30.0112	30.3291	30.0996	30.3071	30.2194	30.1834	30.5014	30.5505	30.3071	30.4757
PROT_0312	24.8276	24.9678	25.0577	24.7838	25.2073	24.6144	25.0903	24.8402	24.9192	24.8777	24.7819	25.0079	24.6926	24.673	24.8126	24.4593	24.6342	24.8634	24.9637	24.6258
PROT_0313	25.2894	25.7377	25.7955	25.2207	25.728	25.7594	25.5628	25.6826	25.8425	25.476	25.6032	25.6529	25.496	25.6972	25.6132	25.4875	25.5472	25.5619	25.7744	25.4897
PROT_0314	25.1484	24.7316	25.0519	24.8286	25.1666	24.7559	25.4088	24.4147	25.1079	24.905	25.0061	24.9152	25.4134	24.9176	25.3796	24.5045	25.1729	25.0656	24.9418	24.947
PROT_0315	23.13	22.9489	23.1841	23.2562	23.1327	23.1199	23.335	23.3074	22.9543	22.9293	22.7108	22.7564	22.6169	23.5537	23.1887	23.0219	23.1932	23.4825	23.3325	23.3644
PROT_0316	25.9405	25.8269	25.7265	25.5417	26.1198	25.847	26.1181	25.9107	26.0192	25.9675	25.9069	26.429	25.6289	25.9625	25.944	25.5976	25.8128	25.9461	26.298	26.164
PROT_0317	25.1145	24.9381	24.6861	24.6936	25.1057	24.9598	25.1349	25.119	24.8029	24.9413	24.8892	24.9594	24.9607	25.1918	24.8534	24.617	25.0119	24.9479	25.2012	24.5393
PROT_0318	24.2308	24.7038	24.554	24.6936	24.2215	24.1066	24.3958	24.0943	23.2144	23.3216	23.443	23.4638	23.9333	24.2003	23.9932	23.8279	24.2728	24.4591	24.169	24.0378
PROT_0319	18.0668			18.691	19.0558				18.4063						18.039					
PROT_0320	19.8476	19.7793		20.3066	20.1411	20.2964		19.8089	20.6899	20.4333	20.4925	18.9481		20.3791	20.0157	19.7582	19.8398	20.3066	20.6238	20.5589
PROT_0321											15.9576									
PROT_0322				18.1699			18.608	18.6069	18.5446		17.9383	18.0926		19.0283	20.2971		18.8779		18.5149	18.8258
PROT_0323	21.3463		21.7959	21.873	21.9651	21.2066	21.8397	21.1084	21.7165	21.5468	21.07	21.7528	21.7467	21.6391	21.9291	21.0753	22.0281	21.4216		21.6978
PROT_0324	20.8318	21.1368	20.9611	21.3956	20.922	21.0724	21.408	20.5215	21.36	21.0698	21.0905	20.8804	21.8867	21.0177	21.2462	21.064	21.353	21.5514	21.7637	21.3666
PROT_0325			19.3721	19.2849	19.229	18.7206	18.8928	18.6736	19.3805		19.6115	19.3936	19.1936	20.0402			18.9539	18.9737	19.809	
PROT_0326	25.0296	25.2545	25.1528	24.9357	24.8536	25.1633	24.7118	25.046	25.2009	25.1859	25.1199	25.1569	25.0289	24.7831	25.0249	25.2027	25.2712	25.1702	25.031	25.2864
PROT_0327	23.9343	24.0554	24.1463	23.7428	23.7539	24.0091	23.8352	23.6817	23.1229	23.3569	23.2725	23.6113	23.6714	23.9615	23.5176	23.7383	23.8522	23.9703	23.435	24.0102
PROT_0328	20.788	21.4766	21.4361		21.4138	21.163	21.3514	21.2101	21.197	21.0551	20.7361	21.5277	21.1271	21.2898	21.4244	20.9472	21.4861	21.5196	21.2355	21.2105
PROT_0329	21.2426	21.3006	21.0721		20.926	21.4456	20.7384	20.6447	21.2157	21.5269	21.2942	20.5272		21.3262	20.9076	20.9761	20.5539	20.9841	21.4967	21.376
PROT_0330	23.632	23.7528	23.9994	23.8779	23.5998	23.5885	23.666	23.8959	23.848		23.6442	23.886	23.8703	23.8289	23.9406	23.987	23.9079	23.8303	23.9374	23.7947
PROT_0331	19.393	20.0008	20.457	19.628	19.2927	19.2801	19.6704	19.3237	19.6794	20.286			20.263	20.1749	19.8263		19.9714		19.5647	19.4715
PROT_0332	24.0536	24.4231	24.4738	24.4741	24.2248	23.9266	24.2693	24.2944	24.1305	24.2118	24.3102	24.2301	23.9672	24.2158	24.1332	24.1711	24.2119	24.2815	24.4388	24.0979
PROT_0333	23.4592	23.3404	23.4991	23.1399	23.1837	22.9463	23.0875	22.9245	23.1536	23.5954	23.2621	22.9744	23.455	23.085	23.339	22.8285	23.9394	23.3702	23.1686	23.0429
PROT_0334	19.544	20.2272	19.497			19.3306			19.2509	19.3338	19.1448		19.8417		19.1206	18.7798	18.9841	19.9905		
PROT_0335	23.4463	23.5202	23.6402	23.2311	23.5023	23.718	23.4002	23.57	23.719	23.3584	23.4902	23.6505	23.6197	23.5272	23.9252	23.514	23.7568	23.6575	23.6671	23.4401
PROT_0336	25.4963	25.6018	25.5666	25.5193	25.7251	25.9084	25.4338	25.5132	25.6787	25.5652	25.3779	25.9332	25.4204	25.5224	25.4382	25.3122	25.3523	25.8286	25.811	25.5309
PROT_0337	25.6573	25.5568	25.9332	25.4948	25.7448	25.441	25.4949	25.3634	25.5736	25.29	25.5075	25.5196	25.4396	25.5066	25.6281	25.133	25.5047	25.2175	25.5678	25.0932
PROT_0338				19.5517		18.7986	19.091			18.3991	18.6497	19.0528	19.1374	19.1872	18.8832	19.6261			19.456	
PROT_0339	23.0812		23.4281	23.1084	23.025	23.5827	23.2382	23.311	23.0661	23.2967	23.2831	23.4114	23.5685		23.5681	23.1129	23.4327	23.1762	23.5528	23.2153
PROT_0340	23.9763	24.1542	24.3999	24.0891	23.9485	23.895	24.0991	23.5861	24.1761	24.3941	23.9692	24.2067	23.4232	23.5082	23.8806	23.493	24.6222	23.8913	24.2143	24.382
PROT_0341	24.5012	24.514	24.3801	24.5079	24.0819	23.7974	24.3749	24.1298	24.3768	24.2336	24.1298	24.3126	24.327	24.3527	24.3598	24.0875	24.6617	24.9755	24.6426	24.4934
PROT_0342	20.0866	20.1207		20.0568	20.0256	20.137	19.3768		20.2837	20.7894	20.3994	20.5019	19.4607	20.4177	20.5707	20.7525	19.9968	20.1794	19.329	20.7723
PROT_0343		19.3932	19.9352	19.038	19.731	19.1184	19.6431	19.7162	19.4783	19.5707	19.1706		19.3267	19.5119	18.9198	19.3716	19.4962	19.1451		19.5148
PROT_0344	23.1229	23.415	22.6759	22.909	22.6808	22.7893	23.1999	23.1568	22.6567	23.0462	23.0497	23.3308	23.0349	23.2062	23.0511	22.5631	23.0798	23.1625	23.0621	22.6966
PROT_0345	23.4456	22.9656	22.9679	23.5318	22.9041	22.991	22.8482	22.9341	22.9856	23.0944	23.0069	23.0909	23.0905	23.0738	22.9901	22.9621	22.9575	23.0329	22.897	23.1388
PROT_0346	22.7073	22.5219	22.7558	22.2046	22.4065	22.7638	22.3341	22.3363	22.8771	22.8037	22.6172	22.6331	22.5015	22.9271	22.3781	22.6946	22.3098	22.481	22.6917	22.6406
PROT_0347	21.2345	20.9558	21.0539		21.5649	21.55	21.1352	20.934	21.223	20.8834	20.8691	21.2691	21.6864	21.0905		21.1657	21.0065	21.7339	21.6733	20.7952
PROT_0348	20.327	19.9655	19.6318		20.1687	19.8214	19.4845	19.4098	20.0663	19.2522	19.8136	19.6985	19.9899	19.759	19.8892	19.1164	19.8202		19.7233	19.8145
PROT_0349	24.4729	24.5041	24.5673	24.3572	24.1503	24.0697	24.334	24.1472	24.2581	24.2613	24.3816	24.1666	24.6726	24.5176	24.7357	24.4763	24.7421	24.7554	24.9002	24.6749
PROT_0350	19.7574	20.0416	20.1119		19.7935	19.97	19.7336	19.6655		19.9936	20.4847	19.8951		19.4657		20.001	20.3257	19.6481	20.0334	20.2854
PROT_0351	19.8262		19.9216	19.6612	19.9063	20.0571	19.8127	20.4789			20.1489	20.0044	20.2917	19.3894	20.193	20.1843	20.0326		19.9096	20.5276
PROT_0352	19.505	19.4637	20.1103	18.9979	19.8293	19.3567	20.0725	19.8169		19.7514			19.7657	20.2718	20.536	19.8685	19.3271	20.2643	19.6698	19.4059
PROT_0353	22.4257	22.1269	22.2349	21.7501	22.0462	22.042	22.2581		22.3304	22.1326	22.3543	22.021	22.0866		21.8647	22.0567	22.1285	22.4734	21.9621	22.0106
PROT_0354	26.2232	26.4023	26.0509	26.2501	26.267	25.9335	26.3756	26.462	26.3069	26.124	26.0051	26.4522	26.0676	26.1427	26.221	26.2013	26.3843	26.4055	26.2521	26.4821
PROT_0355	25.4879	25.2	25.3268	25.1507	25.4392	25.123	25.8649	25.2032	25.4722	25.3508	25.6996	25.0685	25.426	24.7124	25.6376	24.9786	25.8552	25.1055	25.6071	
PROT_0356	22.1965	21.248	22.2936	21.7514	21.9624	21.7511	21.4802	21.6428	21.7055	21.3704	21.9263	22.0658	21.6884	22.3231	21.7569	21.9711	22.0518	21.6064	22.0124	21.8229
PROT_0357	21.9986	21.0469	21.9168	21.9464	21.9283	21.7388	21.8215	21.6897	21.2529	21.6042	21.436	21.0326	21.5671	21.3564	21.7415	21.6728	21.3531			21.6614
PROT_0358	26.1059	26.0102	25.8836	25.5542	25.618	25.7578	25.7547	25.9723	25.8766	26.2788	25.7028	25.9313	25.8332	25.8741	25.707	25.7073	25.795	25.5105	25.6772	25.6827
PROT_0359	20.4401	19.9804	21.0327	20.5784	20.1202		20.5953		19.904	20.5335	20.2079	20.0294	20.0103	21.048	20.2827	20.2776				19.8037
PROT_0360	24.9059	24.9478	25.1042	24.7413	25.3992	25.0688	24.9597	24.6039	25.1105	25.1278	24.8958	24.7392	24.9672	24.9404	25.0114	24.5204	25.1939	24.9233	25.0344	25.1152
PROT_0361	23.2714	23.598	23.1829	23.8269	23.459	23.3716	23.3559	23.1188	23.6296	23.9001	23.5242	23.4965	23.435	23.5222	23.4051	23.3183	23.7068	23.3055	23.2345	23.3005
PROT_0362	22.5536	22.7145		22.8636	22.5745		22.8764	22.6826	23.0092	22.6018	22.5407	22.8673	22.9841	22.7357	22.4596	22.8167	22.3792	22.7605	22.3976	22.6641
PROT_0363	24.1926	24.6616	24.3562	24.5303	24.5959	24.0462	24.2249	24.294	24.4849	24.7235	24.3727	24.9316	24.6995	24.6274	24.4984	24.4754	24.5277	24.6456	24.4528	24.5241
PROT_0364				19.7391			18.8201	19.6842	19.4288	19.3122	19.673		20.0422	19.7192	20.1623	19.2427		19.6133		
PROT_0365	21.8021	21.7638	22.0935	21.6195	21.8878		21.6803	21.5507	21.8624	21.5614	21.8804	22.0421	21.4318	22.0806	21.8261	21.55	22.1109	22.0054	21.2086	22.0023
PROT_0366	18.7176		17.4242					17.2888	17.6312		18.8511		18.4666	16.6				17.828		
PROT_0367	26.593	26.5437	26.6123	26.4684	26.2708	26.515	26.4153	26.4888	26.2865	26.5473	26.4755	26.646	26.2865	26.7169	26.6716	26.3653	26.5404	26.6196	26.4959	26.4652
PROT_0368	23.8321	23.6524	23.5198	23.1019	23.3679	23.3683	23.5985	23.743	23.6677	23.9333	23.2809	23.274	23.4149	23.4897	23.6257	23.4492	24.0308	23.8895	23.5719	23.6265
PROT_0369	21.5264	21.2348	21.4928	21.5908	21.3607	21.2915	21.2906	21.5161	21.8209	21.0	21.7112	21.5239	21.2053	21.1374	21.941	20.9988	21.6659	21.6823	21.4272	21.3756
PROT_0370	27.1216	27.1841	27.2223	27.1029	27.1893	27.213	27.3251	27.321		27.4417	27.03	27.2221	27.2291	27.3753	27.2309	27.3698	27.158	27.1758	27.0157	26.9516
PROT_0371	23.4308	23.4105	23.8837	23.8073	23.7374	23.5038	23.5306	23.7457	23.4828	23.413	23.3588	23.6645	23.688	23.4847	23.8427	23.482	23.6397	23.3971	23.3489	23.466
PROT_0372	24.517	24.8556	24.8329	24.5662	24.4335	24.9206	24.8428	25.0586	24.8033	24.7863	24.9226	25.2048	24.9394	24.8924	24.9564	24.7847	24.96	25.0491	24.3964	25.2257
PROT_0373	18.5869			19.0334		19.2954	19.1137				19.3383					18.2742	18.146			18.7095
PROT_0374	21.982		21.9517	21.3963	21.4916	21.5816	21.6924	21.526	21.8806	21.4983	21.6121	21.6945	21.5571	21.571	21.7389	21.6091	21.1341	21.6475	21.2097	21.5957
PROT_0375	20.7821	21.058	21.6101	21.1561	20.786	20.6693	21.4332	20.4122	21.1708	20.896	20.4576	21.134	21.107	21.4114		20.7254	20.5052	21.0329	21.1216	21.0245
PROT_0376	26.0961	25.9541	26.0387	25.493	26.0609	25.8241	25.7315	25.9056	25.6717	25.7484	26.0664	25.561	26.1281	26.0072	25.9081	25.5883	26.2533	26.0097	26.0693	25.8934
PROT_0377	25.0065	25.2125	25.4785	24.9283	25.1974	24.6736	24.8585	24.7995	24.9997	24.729	25.008	24.6428	25.0629	25.091	24.8614	24.6927	24.8702	24.8341	24.8506	24.9128
PROT_0378	24.1871	24.135	24.3004	24.185	24.0348	24.063	24.1063	24.1688	24.1388	24.1341	24.2027	24.5126	24.0255	24.2659	24.13	24.2298	23.9825	24.3407	24.1207	24.096
PROT_0379	20.9949	20.6187	20.5306	20.8654	20.3601	20.8029		21.1568	20.5896	20.8992	19.9802	20.7501	20.5453	21.3157		20.1858	20.6579	20.9488	20.8088	20.3785
PROT_0380	26.4455	26.2453	26.2928	26.3233	26.3838	26.0782	26.0915	26.3706	26.1971	26.2206	26.4812	26.51	26.5277	26.2312	26.4268	26.5709	26.0866	26.0626	26.1722	26.0212
PROT_0381	19.1648		18.4185		18.5508	19.3249	19.1332	19.4327	19.2295	18.2547		18.6016	19.6941			18.4255	19.1972			19.2426
PROT_0382		20.9707	19.9379	20.6332	20.3328	21.4772	20.7371	21.5625	20.6637		20.6448		20.5253	20.4983	20.6729	20.9186	20.8356	20.9014	20.8203	21.116
PROT_0383	22.3922	21.4522	22.3243	21.9147	22.0995	21.7518	22.3333	21.7729	21.7294	21.7162		21.4435	22.6413	22.2216	22.2369	21.9168	22.3655	21.7385	22.648	21.6892
PROT_0384	21.8968	21.7341	22.2781	22.4047	21.8739	22.0247	22.4491	22.4023	22.1404	22.1902	22.2838	22.3829	22.0074	21.9322	22.0721	21.9202	22.3798	22.1422	22.397	22.027
PROT_0385	25.1592	25.4243	25.3765	25.393	25.3866	25.6211	25.2088	25.3978	25.4401	25.6419	25.1492	25.3968	25.1331	25.495	25.1214	25.1197	25.1694	25.5781	25.2008	25.6224
PROT_0386	22.8726	22.8415	23.0156	23.0525	23.0726	23.0792	22.8493	22.8518	22.7559	23.0397	22.9092	23.0947	23.0198	23.1278	22.5565	23.144	22.979	22.8319	22.8969	23.1853
PROT_0387	26.5745	26.2428	26.5734	26.2369	26.4621	25.9825	26.3671	26.2012	26.5469	26.0975	26.2089	26.2743	26.1079	26.1507	26.3004	26.092	26.6663	26.4622	26.3267	26.1976
PROT_0388	19.2029		19.7257	19.2582	19.6854		18.4318		19.4572	19.4751	19.1096	18.8637		19.3332			18.4311	19.1499		
PROT_0389	22.4547	22.4061	22.5131	22.3908	22.5454	22.7043	22.6469	22.0295	22.2016	22.2274	22.9064	22.7504	22.6993	22.4578	23.3106	22.605	22.5852	22.3589	22.6641	22.1251
PROT_0390	26.5432	26.5068	26.6891	26.3072	27.6468	26.9474	27.5487	27.1843	27.2034	27.3667	27.3736	27.2537	25.8354	26.0629	25.9026	25.9182	25.7458	25.7089	25.887	25.8474
PROT_0391		20.0636	20.344		20.9715	20.1884	20.5051			20.1633	20.4457	20.4619	20.0629	20.1618	20.6505	20.1941		19.8611	20.7181	20.4953
PROT_0392	21.7836	21.4661	21.8234	21.3804	21.9257	21.8593	21.5849	21.4698	21.9679	21.8097	21.6699	21.8532	21.5559	21.4317	21.8694	21.6344	21.7901	21.503	21.131	21.4265
PROT_0393	21.5978	20.8376	21.2201	20.651	21.1043	21.372	21.2079	20.8069	20.9368	21.2156	20.7633		20.9425	20.9906	21.1169		21.2275	21.1675	20.8985	21.7695
PROT_0394	25.8637	25.9983	26.0479	26.1528	25.5633	25.2791	25.4095	25.2726	25.9848	25.9791	25.8465	25.9238	25.9165	26.1097	25.5675	25.7577	25.6015	25.9833	25.5706	25.7845
PROT_0395	25.0674	24.7644	25.3883	24.6386	24.7217	24.9246	24.9557	24.694	24.9631	24.9867	24.7555	25.1978	24.9058	24.7905	24.6037	24.6637	25.3052	25.1016	24.721	24.7002
PROT_0396	19.0415	19.129	18.5608		18.781	19.3783	18.2927		19.136	18.7211		18.5333	19.6459					18.6023	19.3743	19.518
PROT_0397	20.92	20.6496	20.8529	20.9302	20.602	20.7663	20.5234	20.284	20.6944	20.9811	20.9366	20.5917	21.2054	21.0126		20.6993	21.072	21.0909	20.7408	20.5278
PROT_0398	25.1916	25.2374	25.4707	24.9957	25.2378	25.1976	25.1941	25.1874		25.0829	25.6013	25.2408	25.7162	25.1086	25.3527	25.081	25.2492	24.9595	24.9986	25.2581
PROT_0399	24.6749	24.6501	24.7263	24.6341	25.0864	24.9123	24.5929	24.4779	24.8608	25.0768	25.0108	24.7097	24.7195	24.7117	24.6924	24.6593	24.6056	25.1344	24.8999	24.7949
PROT_0400	30.0792	30.2797	29.9226	30.7223	30.1878	30.4977	30.2469	30.4596	30.5082	30.4264	30.4569	30.6354	30.0409	30.2793	30.3577	30.2664	30.1853	30.2565	30.4078	30.4568
PROT_0401	24.6991	24.801	24.7696	24.6928	24.5642	24.7308	24.8791	24.5879	24.68	24.4394	24.4713	24.7095	24.649	24.8188	24.4568	24.3775	24.7072	24.5389	24.5828	24.7134
PROT_0402	22.233	22.333	22.5281	22.4753	22.561	22.4497	22.1726	22.3901	22.2503	22.494	22.0361	22.0776	21.7499	22.254	22.5239	22.2498	22.4752	22.3727	22.0984	22.5195
PROT_0403	24.6199	24.5511	24.9294	24.5701	24.3142	24.6287	24.3396	24.8766	24.7087	24.8188	25.121	24.7659	24.6604	24.7153	24.9147	24.3738	24.5422	24.7027	24.6745	24.4081
PROT_0404	25.215	25.0751	24.9394	25.0324	24.8351	24.686	24.874	24.8177	24.8536	24.7707	24.631	25.1907	24.6121	25.3209	24.9796	24.8621	24.8254	24.8408	24.8551	24.9186
PROT_0405	21.1496	20.9672	20.4948	20.6841	19.1572	19.8302		19.8393	20.5945	20.8232	20.5294	20.797	20.6778	20.4576	21.0901	20.8766	20.5385	21.0411	20.4619	20.8472
PROT_0406	21.8432	21.9755	22.1527	22.0096	21.8934	21.5826	22.0093		22.2743	21.8787	21.7029	21.8539	22.2256	22.2947	22.1384	22.113	22.338	21.9055	21.8609	21.8318
PROT_0407	21.5432	21.2255	21.1406	20.811	21.2189	21.3052	21.0922	21.3228	21.0936	21.5514	21.2419	21.7493	20.8317	21.075	21.106	21.4444	21.275	21.2403	20.9667	21.9206
PROT_0408	21.055		20.8154	20.4453	20.7531	20.2809	20.2122	21.441	20.6005	20.3598	20.8153	21.1464	20.8187	20.6426	20.8139	20.7859	20.6652	20.4493	20.4378	20.2785
PROT_0409	26.2732	26.2712	26.2769		26.1135	25.9767	26.01	25.8952	26.1444	26.0783	25.9959	26.1774	26.226	26.2757	26.3657	25.9819	26.3257	26.1419	26.5639	25.7811
PROT_0410	19.3069	19.7802	19.5302	19.9893			19.9483	20.0097	18.8988	19.761	20.2084	19.3233	19.4251	20.3251	19.9306	20.2667			20.0982	20.199
PROT_0411	22.6981	22.707	22.7336		22.302	22.3981	22.7177	22.6355	22.3273	22.2714	22.3413	22.6181	22.6193	22.4832	22.8686	22.4891	22.7741	22.7279	22.209	22.2774
PROT_0412	23.9447	23.2844	23.8662	23.7482	22.5754	22.6541	22.3958	22.7926	22.4325	22.568	22.6506	22.7483	22.5479	22.598	22.5369	22.43	23.0279	22.6489		22.6955
PROT_0413		19.599	19.0075		19.331	20.1948	18.8606			19.7154		19.609			19.6737	19.4402			19.1109	
PROT_0414	23.4988	23.1655	23.3739	22.6329	23.1995	23.483	23.0935	22.7666	23.3518	23.2782	22.8978	23.4701	22.9744	23.165	22.9761	23.0344	22.7734	23.3148	23.2567	23.0246
PROT_0415	23.6461	23.9083	23.3751	23.731	23.773	23.4148	23.5901	23.8143	23.9472	23.8273	23.5827	23.6385	23.5271	23.5056	23.8319	22.9444	23.494	23.3212	23.6973	23.3193
PROT_0416	23.2194	23.2362	23.2747	23.1287	23.0948	22.9773	22.9425	23.1738	23.2923	23.1365	22.9392	22.9379	23.1165	23.4624	23.3472	23.2767	23.0435	23.3383	23.0164	23.3981
PROT_0417	22.11	22.3449	22.3251	22.5984	22.493	22.6267	22.4325	22.7153	22.7729	22.5394	22.6928	22.6654	22.4373	22.1687	21.9679	22.1825	22.6032	22.277	22.0748	22.3259
PROT_0418		26.1807	26.0629	25.9229	26.2667	25.9824	26.133	26.1394	26.1686	26.0108	26.204	26.4398	25.775	26.0913	26.1269	25.6971	26.0709	26.2257	25.8378	26.0564
PROT_0419	23.7175	23.6558	23.9087	23.5567	23.6887	23.7333	23.6128	23.4062	24.0778	23.4833	23.2894	24.0762	23.6843	23.6514	24.0332	23.5941	23.7983	23.8762	23.9662	23.7288
PROT_0420	29.7045	30.0318	29.8053	30.0801	29.7105	29.9308	29.6775	29.8241	29.8766	30.1633	30.104	30.2368	29.8227	30.0609	29.9799	30.1729	29.9746	30.0164	29.8921	30.4302
PROT_0421	27.8989	27.768	28.1572	27.7984		27.7464	28.1366	27.9167	27.809	27.788	27.9097	27.9243	27.9286	27.8936	27.9803	27.6747	27.8332	27.6805	27.7807	27.9594
PROT_0422	26.3235	26.5656	26.5164	26.3397	26.1682	26.4095	26.0644	26.3282	26.7132	26.1569	26.2353	26.4189	26.4934	26.1816	26.4976	26.1002		26.1732	26.3432	26.2866
PROT_0423	21.6892	21.3218	22.0004	21.1106	21.3156	21.151	21.2911	21.6747	21.8965	21.4672	21.7551	21.5694	21.3807	21.6181	21.4433	20.8434	21.8366		21.7021	21.0332
PROT_0424	20.6099	20.5062	20.333	20.5175	20.7656	19.7309	20.9578		20.4922	20.127	20.7383	20.7921	20.5559	20.5229	20.8279	20.2947			20.4633	20.0336
PROT_0425	24.8223	24.8016	24.8377	24.2453	24.7973	24.7126	24.6872	24.5166	24.7964	24.8879	24.9656	24.7549	24.8466	24.6464	25.0814	24.5295	24.4533	24.8028	24.9267	
PROT_0426	26.9869	27.2474	26.9451	27.3186	27.0839	27.2754		27.4471	27.2543	27.3116	27.0649	27.252	27.0844	27.3422	27.1294	27.0613	27.1674	27.7258	27.133	27.3957
PROT_0427	22.9171	23.2795	23.3346	23.0977	22.9302	22.8346	22.9243	23.0032	22.8825	23.0645	23.1389	23.0519	22.7946	22.7608	23.0056	22.5019	23.1875	22.9063	23.2388	22.8708
PROT_0428	22.2051	22.4098	22.454	22.0422	22.4876	22.0523	22.3673		22.6042	22.0372	22.8274	22.7448	22.3547	22.1734	22.6641	22.0112	22.5238	22.8764	22.5678	22.0122
PROT_0429	22.7114	22.7489		22.6624	22.4325	22.2594	22.5133	22.4768	22.5525	22.4378	22.6063	22.692	22.2328	22.9442	21.9615	22.2472	22.8289	22.1803	22.429	22.4913
PROT_0430	22.4094	22.8203	22.4237	22.1974	22.0448	22.2714	22.4059	22.3488	22.2322	22.4074	22.2066	22.7019	22.4186	22.1612	22.0139	22.4559	22.5321	22.755	22.5285	22.3037
PROT_0431	22.5686	22.7589	22.8614	22.7125	22.5674	22.2168	22.9151	22.7052	22.618	22.0714	21.8613	22.5926	22.4118	22.6346	22.8578	22.1152	22.7478	22.6904		22.0623
PROT_0432	20.613	19.9209	20.6998	20.4584	20.0615	19.9305	20.6479	19.4926		20.4213	19.8683	19.8885	20.8908	20.3552	20.4732	20.3562	20.3666	20.1477	20.2306	20.6745
PROT_0433	22.6801	22.5983	23.0876	22.4352	22.897	22.3221	23.0162	22.746	22.3124	22.9079	22.4148	22.8114	22.8345	22.5015	22.8031	22.8054	23.0043	22.6907	22.3297	22.7246
PROT_0434	21.5951	22.2547	21.8501	21.7117	21.9046	22.1873	21.7419	21.9731	21.9162	22.2495	22.058	22.3939	21.9935	22.0723	21.9586	21.7538	21.6413	21.6656	21.6187	21.7999
PROT_0435	21.8837	21.8119	21.6953	21.5779	21.6021	22.0447	21.351	21.8539		21.5835	21.4097	21.9376	21.6392	21.7759	21.4446	21.4837	21.6558	21.4023	21.3057	21.7684
PROT_0436	20.8973	21.0311	21.0677		21.2012	21.24	21.3239	21.2647	21.8244	21.2354	21.1678	21.691	20.8934	20.8904	20.877	21.2291	21.2851	21.8059	20.9733	21.0593
PROT_0437	26.265	26.1905	26.1743	26.0685	26.2298	25.9161	26.137	25.8548	25.9887	26.1456	25.934	26.1428	26.4284	26.2941	26.4412	26.0642	26.23	26.3728	25.966	26.0328
PROT_0438	25.8721	26.0122	25.661	25.9931	26.109	26.1549	26.0215	26.0469	26.0121	26.0337	25.9336	26.23	26.0354	26.1674	25.9934	26.0611	26.0254	26.1065	25.9652	26.1173
PROT_0439	20.3342	20.4947	20.2046	20.6892			20.4695	20.3826	20.3284		20.1312	20.6509	20.2737	21.2367	20.5257	20.1278		20.6041	20.2314	20.3439
PROT_0440	22.7416	22.1709	22.3674	22.0355	22.1483	22.2651	22.0173	22.4051	21.9924	22.1063	22.5929	22.0078	22.219	21.9837	21.876	22.3213	22.3975	22.0789	22.0493	22.054
PROT_0441	22.9109	22.6475	23.0064	22.9261	23.2073	22.8162	22.6981	22.0743	22.7768	22.7582	22.3845	22.6762	22.9522	22.5557	22.8871	22.4399	23.0241	22.4944	22.9449	22.5904
PROT_0442	25.8414	25.671	25.7056	25.6589	25.4562	25.6247	25.4548	25.8124	25.6116	25.8716	25.7141	25.834	25.3252	25.3224	25.6322	25.2811	25.4639	25.5623	25.7594	25.5656
PROT_0443	23.2113	23.7355	23.2617	23.0999	23.0762	23.1747	23.4743	22.7921	23.226	23.7807	22.9013	23.6622	23.1866	23.199	22.8984	23.1765	23.0231	23.5775	23.1283	23.301
PROT_0444	25.0536	24.9049	25.2888	25.2169	25.2642	25.0182	25.3157	25.0894	25.1248	25.2222	25.0687	24.9708	25.4502	25.0296	25.0763	25.123	25.3979	25.1291	24.9261	25.2103
PROT_0445	25.8271		26.2345	25.9985	26.0485	26.0326	26.2232	26.324	26.208	26.2464	26.4335	25.9152	26.1502	26.3642	26.5081	26.317	26.1741	26.2093	26.0806	26.3876
PROT_0446	22.1395	22.1838	22.2135	21.6282	22.1074	22.1367	21.6071	21.6855	22.4584	21.9398	21.6239	21.7761		21.7574	21.5777	21.4484	22.3436	22.1552	22.3622	21.9429
PROT_0447	20.8155	20.8515	20.9716	21.8413	20.7567	20.9974	21.0735		20.7208	20.3043	21.2943	21.4389	20.8232	21.2109	21.423	20.9759	21.4303	21.0314	20.7867	20.8219
PROT_0448	23.7335	23.6123	23.9766	23.6162	23.8261	23.8509	23.5544	23.519	23.8185	23.9798	23.5572	23.9597	23.5876	23.7659	23.707	23.8333	23.2546	24.0598		23.8766
PROT_0449	21.8809	22.0626	22.1035	21.947	22.3898	22.8327	22.2661	22.3401	22.3774	22.1394	22.4077		22.0567	21.9676	22.6322	22.1144	21.6944	22.5713	22.0354	21.7417
PROT_0450	22.6594	22.6079	22.839	23.0007	23.009	22.8914	22.8514	22.7768	22.6255	22.6055	22.912	22.6627	22.9286	22.7913	22.8945	22.3645	22.7513	22.893	23.1272	22.5207
PROT_0451	26.7602	26.5755	26.6355	26.6642	26.8717	26.2741	26.4068	26.1269	26.3708	26.4116	26.5047	26.3871	26.5797	26.4485	26.5725	26.4754	26.4359	26.4766	26.7493	26.4568
PROT_0452		21.4092	21.667	21.2485	21.9369	21.414	21.9379	21.1996	21.7476	21.2865	21.7699	21.5764	21.7027	21.0501	22.0185	21.4792	21.5575	21.9812	21.7509	21.7917
PROT_0453	25.0364	24.9267	25.3482	24.9182	24.9773	24.6143	25.0529	24.997	24.9482		24.9559	24.6959	24.8977	25.184	25.2046	25.0002	25.2887	25.06	25.0	25.0716
PROT_0454	23.4655	23.2997	23.5812	23.5108	23.5124	23.0847	23.4237	23.4157	23.8139	23.5325	23.6	23.656	23.4784	23.589	24.1403	23.0908	23.6467	23.531	23.2591	22.7881
PROT_0455	24.2939	24.6221	24.4281	24.8555	24.801	24.7707	24.7733		24.3602	24.6434	24.3217	24.876	24.267	24.9154	24.785	24.5535	24.8039	24.7227	24.5451	24.7894
PROT_0456	19.8949			19.7255	20.4781	19.9641	20.5149	20.1538				19.8813		20.0722	20.6487	20.6312	20.5346	20.3541	19.8979	20.1456
PROT_0457	23.2198	23.5013	23.6179	23.1895	23.2254	23.1221	23.2097	23.0249	23.2404	22.8496	22.7613	23.4779		23.0371	22.5581	22.8035	23.0321	23.1739	23.0946	22.9653
PROT_0458	18.0098			18.0652		15.9937				17.3866		17.6456	16.6254					18.3429		
PROT_0459	23.8399	23.9276	24.0809	23.9516	23.9561	23.8538	24.0947	24.2875	23.6524	24.0475	23.5742	24.4786	23.7737	24.0994	23.8853	24.075	24.1009	23.8942	23.9263	24.017
PROT_0460	22.968	23.0655	23.0378	23.1744	22.766	22.7496	23.02	22.8908	22.8764	23.3896	22.8955	23.5186	22.8155	23.0728	23.2395	23.0036	23.0156	23.1161	22.9549	22.7716
PROT_0461	21.685	22.0985	21.8148	21.5658	21.4577	22.0244	21.7049	21.5779	21.9409	21.6646	21.9545	21.9296	22.1749	22.077	21.7729	21.7835	22.0769	21.8862	21.6131	21.9704
PROT_0462	26.6595	26.5251	27.0813	26.6058	26.8959	26.4595	26.9347	26.5483	26.7498	26.5248	26.7065	26.817	26.8537	26.6721	26.6255	26.5451	26.9296	26.6884	26.5307	26.7207
PROT_0463	23.2098	23.5426	23.4044	23.5221	23.203	23.5111	23.1548	23.5352	23.432	23.1161	22.9103	23.1091	23.069	23.0609	23.3832	23.047	23.4002	23.6316	23.3738	23.0846
PROT_0464	25.7944	25.5995	25.9127	25.6033	25.5081	25.652	25.6405	25.8465	25.5639	25.6767	25.4722	25.7761	25.5044	25.4753	25.7471	25.6192	25.7045	25.7009	25.4504	25.4775
PROT_0465	23.9904	23.9991	23.5902	23.6629	23.5628	24.047	23.7337	23.7292	23.7481	23.9596	23.8551	24.1973	23.3172	24.1269	23.5971	23.8124	23.6415	23.5657	23.3553	23.6692
PROT_0466	21.5988	21.9738	21.628	21.9036		21.9256	22.168	21.8361	21.8421	21.5062	22.1038	22.2426	21.7515	21.6641	22.2194	21.6114	21.5733	22.1604	21.0748	21.6204
PROT_0467	23.4215	24.4619	23.5069	23.6735	23.7422	23.4438	23.6075	23.4605	23.7595	23.6515	23.5533	23.7828	23.6244	23.7103	23.4634	23.7215	23.8198	23.8658	23.0921	23.7567
PROT_0468	22.592	22.4714	22.3257	22.5964	22.7212	22.6512	21.9918	22.524	22.8912	22.6879	22.2231	22.7914	22.9046	22.4005	22.5849	22.5104	22.2674	22.6545	22.6442	22.4368
PROT_0469		18.4105	17.8138			17.7758		18.4458			19.0667									
PROT_0470	25.0504	25.3029	25.117	24.886	25.3607	25.3258	25.1517	25.2608	25.1747	25.3072	25.2243	25.5359	25.3569	25.2558	25.2981	25.2771	25.2398	25.2753	25.3224	25.1527
PROT_0471	26.8152	26.6428	26.9958	26.6468	26.78	26.8318	26.8592	26.8268	26.9184	27.1943	26.6704	26.8203	26.7783	26.7111	27.0328	26.77	26.9428	27.0811	26.7993	26.785
PROT_0472	27.7911	27.5225	27.5181	27.337	27.886	27.5543	27.7662	27.6279	27.5533	27.4671	27.8038	27.7027	27.6617	27.7832	27.7185	27.4262	27.7182	27.6642	27.7807	27.3665
PROT_0473	22.1005	21.7978	21.5348	21.602	21.4826	22.0997	21.6895	21.8531	21.7884	22.1778	22.0747	22.6261	21.6625	21.7785		21.774	21.6213	21.5074	21.5882	
PROT_0474	25.5092	25.6994	25.7934	25.6485	25.6486	25.8194	25.5715	25.5922	25.8298	25.8166	25.7862	25.9375	25.3695	25.9756	25.7884	25.8361	25.6991	25.6573	25.6623	25.4839
PROT_0475		20.4143	19.3866			19.0381	19.9022	19.0374		19.8508				19.9761			19.9263		19.8043	19.2028
PROT_0476	26.1941	26.2685	26.4115	25.9256	26.4266	25.9265	26.5525	26.1298	26.4634	26.5812	26.3201	26.396	26.2425	26.2565	26.2081	26.2848	26.323	26.1453	25.9546	26.1983
PROT_0477	23.4118	22.998	23.0867	23.3052	23.7654	23.2301	23.393	23.1803	23.3098	23.5646	23.6146	23.1807	23.1216	22.9811	23.2459	23.1647	23.2884	23.2991	23.1603	23.101
PROT_0478	26.2997	26.237	26.5845	26.2012	26.5975	26.2105	26.6238	26.3871	26.4852	26.1103	26.3562	26.5237	26.6682	26.6138	26.723	26.1194	26.5013	26.4415	26.5826	26.4996
PROT_0479	24.8364	24.9828	24.8217	24.5585	24.7112	24.6593	24.3247	24.7093	24.6666	24.8981	24.9034	24.8702	24.8946	24.907	24.8255	24.7737	24.9296	24.9499	24.8066	24.962
PROT_0480	21.3124	21.5444	20.7756	21.3126	20.7277	21.1432	20.8957	20.9649		21.0524	21.0157	21.2174	21.0759	21.3763	21.1574	20.9265	21.3237	21.2924	21.2811	21.3688
PROT_0481	21.9663	21.9674	22.4144	22.5828	22.7111	22.8608	21.9884	22.2955	22.1416	22.7985	22.2458	22.1483	22.083	22.8127	22.4111	22.0142	22.1563	22.3366	22.0677	22.2838
PROT_0482	22.2379	22.4678	22.5305	22.0931	21.9084	21.9695	22.0453	21.8668	21.8502	22.102	21.9919	21.8924	22.1307		22.2667	21.9254	22.054	22.3264	22.0355	22.127
PROT_0483	24.645	24.442	24.6417	24.9324	24.5286	24.4927		24.6753	24.5636	24.5055	24.4788	24.2304	24.4744	24.3526	24.4107	24.3516	24.5354	24.5185	24.467	24.2895
PROT_0484	25.9247	25.7989	25.9936	26.0044	26.0957	25.8106	26.3607	25.8165	25.9365	25.8947	26.0659	26.0092	26.0755	25.9509	26.2675	25.8111	26.1319	25.8068	25.9789	26.0439
PROT_0485		18.8286	19.9431	18.2257	19.1821	18.3202	18.9714			19.0374	18.1516			17.876			19.2577	19.242		
PROT_0486	20.9716	21.6395	20.9581	20.6844		20.6329	20.9145	20.6501	21.6459	21.2293	21.3678	20.7402	21.4294		21.2109	20.6894	21.2406	21.2869	21.0835	20.2594
PROT_0487	23.8717	24.2756	24.1359	24.2786	23.8871	24.1274	23.818	23.936	23.9947	23.8075	23.7615	24.1547	24.1229	24.3374	24.0939	23.8287	23.8804	24.1241	24.1773	24.2976
PROT_0488	21.5096		21.581	21.7142	21.0739	21.4962	21.4407	21.2591	21.4879	21.2725	21.2804	21.5768	20.933	21.4793	21.3947	21.5723	21.4791	21.67	21.6242	21.2212
PROT_0489	22.2859	22.5209	22.8341	22.3796	22.41	22.775	22.4334	22.3919	22.612	22.545	22.4873	22.5055		22.7873	22.5421	22.3524	22.6619	22.5999	22.6176	22.515
PROT_0490	23.1516	22.8648	22.9667	23.0222	22.7872	22.7633	22.9462	22.8948	22.7617	22.664	23.2024	23.2023	23.0917		23.4327	23.0258	22.8187	23.206	22.8355	23.1259
PROT_0491	23.2406	22.9829	23.7949	23.6023	23.3868	24.0067	23.7125	23.2574	23.9542	23.4815	23.1332	23.4573	23.4527	23.3847	23.611	23.5641	23.421	23.564	23.4953	23.4294
PROT_0492	24.5117	24.5196	24.6631	24.6353	24.2164	24.1561	24.4304	24.214	24.5448	24.5534	24.3586	24.5523	24.2354	24.4887	24.0371	24.5999	24.5434	24.7041	24.6444	24.3176
PROT_0493	22.764	22.737	22.9338	23.1102		22.8488	22.6943	22.6581	22.7045	23.058	22.7123	22.9568	22.3803	22.8284	22.7595	22.5944	22.8296	23.0032	22.0809	22.9324
PROT_0494	24.2996	24.3459	24.0315	24.3693	24.3254	24.1005	23.8382	23.8952	24.0942	24.2245	24.3453	24.3224	24.274	24.0208	23.9636	24.1204	24.0184	24.3741	24.25	24.0276
PROT_0495	19.5746	19.9416	20.0828	20.0497		19.5035	20.4426		20.5315	20.3001	19.2194	20.2639	20.9559	19.839		19.9349	20.1256	20.14	20.3931	19.8026
PROT_0496	21.6923	21.5609	22.2342	21.4817	21.9328	21.673	22.0484	22.0591	21.6268	21.7453	22.1189	21.5594	21.9436	21.7448	22.0766	21.9406	22.0056	21.9012	21.8151	22.0171
PROT_0497	21.9593	22.1558	21.7838	21.6766	21.8757	21.3526	21.6521	21.0751	21.818	21.1902	21.9175	21.7209		20.8366	20.8354	20.7694	21.5946	21.9258	21.4871	21.6346
PROT_0498	25.0363	25.4603	25.2092	25.4287	25.1718	25.1856	25.245	25.2217	25.315	25.4811	25.0914	25.2747	25.3675	25.237	25.6405	25.3841	25.3071	25.5482	25.2808	25.5871
PROT_0499	22.2684		22.6037	22.6801	22.5028	22.5052	22.3253	21.9702	22.2051	22.4881		22.5538	22.5375	22.7475	22.2956	22.6498	22.182	22.8689	22.4088	22.5896
PROT_0500	24.3726	24.0443	24.5074	24.1415	24.3784	24.3231	24.3094	23.8777	24.362	24.5217	24.2029	24.2798	24.2942	23.9204	24.7968	23.9367	24.4332	24.4934	24.4567	24.4881
PROT_0501		19.6317			17.7792				17.9147	17.342					17.9218	18.2514				
PROT_0502		20.1597		19.8015		19.2751	20.0452	19.559	18.4955			19.4691	18.9118	19.9254	19.4765	18.8505	20.165		19.1419	19.3762
PROT_0503	19.8802		19.401	18.5482	19.4247		19.4791		19.2981	18.847	18.8731		18.5129		18.9104	18.5327	19.5356			19.0988
PROT_0504	24.4903	24.279	24.8592	24.4919	24.5103	24.5861	24.3153	24.555	24.0255	24.2666	24.5831	24.4606	24.2688	24.7007	24.0854	24.4906	24.5101	24.4335	24.2268	24.3988
PROT_0505	21.0808	21.3631	21.056	20.9302	21.2836	20.6073	21.7017	21.1222	21.7929	20.9233	21.5266	20.9981	20.9787	20.7973	20.8974	21.0357	21.098	21.2715	21.1271	19.831
PROT_0506	24.1277	23.859	24.0259	23.9894	24.196	23.9446	23.9309	23.9633	23.9113	23.9104	24.0486	23.3435	23.9723	24.0741	24.4347	24.0662	23.8676	24.0557	24.0164	23.9361
PROT_0507		20.9962	21.1505	20.9602	20.549	20.6942	21.1505	20.3928	19.947	20.9527	20.6289	20.9811	20.0481	20.8417	20.8198	21.0952	21.1185	20.6325	20.3058	20.9644
PROT_0508	23.3718	23.445	23.4774	23.4243	23.9324	23.6245	23.7811	24.0391	23.7032	23.4469	23.2854	23.375	23.0823	23.6999	23.4527	23.6244	23.102	23.8518	23.2913	23.6715
PROT_0509	21.9602	21.8011	21.7462	21.4665	22.1258	21.725	21.953	21.553	21.7868	21.0706	21.5353	21.2163	21.897	21.597	22.2909	21.4376	21.5913	21.7263	21.9046	21.8397
PROT_0510	19.6565	19.6797	19.6458	19.4103	19.2017		18.792	19.5005	19.1986	20.2728	19.4297		19.4454	19.505	19.2404		19.5673	19.4903	18.9983	19.8685
PROT_0511	24.635	24.9084	25.1352	24.9205	24.6164	24.5447	24.8683	24.7159	25.069	24.8014	24.6425	24.6765	24.9589	24.937	24.8441	24.7398	25.0354	24.9399	24.8538	24.7013
PROT_0512	24.0527	23.9593	24.0284	23.6486	23.9619	23.3435	23.7401	23.7056	23.9605	23.5338	23.6758	23.7687	23.9439	23.6333	23.5527	23.379	23.7576	23.4165	23.6853	23.0644
PROT_0513	23.8106	23.8047	24.2453	23.4547	23.6119	23.5768	23.7654	23.6596	23.8057	23.7069	24.1441	23.6498	23.7379	23.9376	23.6731	23.3456	23.7131	23.7453	23.7627	23.8329
PROT_0514	24.2948	23.7873	24.5974	23.7676	24.2231	23.9783	24.2336	23.9417	23.7843	23.7526	23.984	24.3785	24.0222	24.1356	24.3869	23.9585	24.2685	23.8614	24.214	24.5036
PROT_0515	21.4916	21.3601	21.3274	21.2812	21.7741	21.7157	21.1497	21.7332	21.5512	21.4562	21.3851	22.0518	21.4856	22.1645	21.3223	21.7531	21.3699	21.9164		21.4127
PROT_0516	23.1733	23.0908	23.4998	22.8689	23.5431	23.1973	23.0619	23.5575	22.7221	22.9794	23.1185	23.4505	22.9304	23.3352	22.7416	22.7353	23.2123	22.9923	23.0483	23.1238
PROT_0517	20.9334	20.6681	20.7986	21.0685	21.2793	21.502	21.2489	20.8561	21.3975	21.219	20.8359	21.1456	20.8513	20.8738	21.8106	20.6764	21.4785	20.6016	21.2691	20.7689
PROT_0518	23.9122	24.4489	24.688	24.3899	24.2063	24.3073	24.1982	24.4672	24.3699	24.8909	24.1661	24.4635	24.2441	24.3477	24.5917	24.3216	24.0846	24.4661	24.2009	24.172
PROT_0519			19.0764	18.9689	19.0449		19.2204	19.1077	18.5235	19.5394		19.5494	18.541	19.3998		19.3886	19.0408		19.8798	
PROT_0520	27.4477	27.6676	27.8599	27.6408	27.472	27.7876	27.7925	27.6919	27.6708	27.6201	27.6133	27.8182	27.837	27.7724	28.1248	27.9303	27.3815	27.1882	27.3763	27.1266
PROT_0521	24.8355	24.477	24.5766	24.3716	24.5459		24.4027	24.1214	24.3945	24.6139	24.4148	24.4182	23.9943	24.7702	24.651	24.1869	24.38	24.3252	24.4538	24.5298
PROT_0522	23.8733	23.6452	24.0694	24.039	23.8345	23.8406	24.1064	23.8237	24.281	23.949	23.7445	23.8301	23.609	23.7835	23.7591	23.9065	23.7827	23.8252	23.9592	23.8752
PROT_0523	20.4317		20.9527	20.2729	20.2611	20.018	21.2164	20.137		20.8418	20.7326		20.5766	20.9096	20.8657	21.1035	20.98		20.7974	20.2881
PROT_0524	27.5161	27.6227	27.3334	27.4299	27.2725	27.5578	27.5628	27.4236	27.5488	27.3789	27.5057	27.6735	27.4375	27.6483	27.4539	27.369	27.458	27.4916	27.0226	27.3939
PROT_0525	24.4233	24.5555	24.3545	24.4474	24.2956	24.4226	24.2326	24.2892	24.1577	24.3353	24.6876	24.8572	24.3163	24.6671	24.341	24.4483	24.4326	24.2867	24.3365	24.6081
PROT_0526		25.3412	25.1757	25.1728	25.4694	25.1648	25.3204	25.4516	25.2161	25.3268	25.4571	25.2551	25.0764	25.4702	25.4959	25.1034	25.0427	25.3494	25.3989	25.259
PROT_0527	24.8582	24.8323	24.7321	24.7437	25.7948	25.9424	25.5035	25.336	25.7487	25.7715	25.7271	26.2241	24.4974	24.609	24.3277	24.7406	24.9512	25.1612	24.8864	25.1065
PROT_0528	24.7951	24.4977	24.9787	24.2667	24.9463	24.2006	24.9516	24.4907	24.994	24.4121	24.4404	24.61	24.9086	24.8343	24.8934	24.5389	25.1156	24.4513	24.8238	24.6003
PROT_0529	26.5722	26.3678	26.6138	25.9831	26.8974	26.4487	26.4538	26.3733	26.4042	26.3154	26.5888	26.529	26.7323	26.3638	26.7009	26.6436	26.5759	26.6055	26.538	26.2334
PROT_0530	23.1587	23.0185	22.9633	23.0426	22.9602	23.0616	22.4657	22.7344	23.3442	23.2605	22.9876	23.2139	23.0748	22.727	22.9641	23.0883	22.8499	23.215	22.8186	22.9384
PROT_0531	23.8313	24.317	24.2557	24.2097	24.098	23.9699	24.1974	24.2149	24.0774	24.0847	24.3641	24.346	23.8476	24.0031	23.9695	23.9871	24.1626	24.0455	24.0342	24.5883
PROT_0532	23.0376	22.9426	22.7142	23.1001	22.5524	22.4398	22.5473	22.5623	22.9756	23.133	22.7862	22.7145	22.5173	22.7901	22.6958	22.8077	23.179	22.6695	23.1813	22.8576
PROT_0533	23.047	23.4131	22.9687	23.5183	22.8085	23.0082	23.073	23.2623	23.0547	23.1086	23.118	23.4298	22.9956	22.624	23.0586	22.9247	23.036	23.3708	23.1351	22.9196
PROT_0534	25.5978	25.4986	25.6866	25.5717	25.3962	25.3266	25.3663	25.381	25.3931	25.751	25.7448	25.5601	25.7402	25.3192	26.0014	25.4324	25.6313	25.5784	25.6145	25.4603
PROT_0535	26.8177	27.0062	26.8923	26.7418	26.6537	26.4321		26.5416	26.6401	26.8504	26.7445	26.8348	26.7315	26.8027		26.4672	26.9805	26.9082	26.6147	26.6882
PROT_0536	25.092	24.8932	25.1713	24.9916	25.3056	24.5966	25.2666	25.019	25.0368	25.1937	25.1649	25.3123	24.8365	25.1503	25.2121	25.2074	25.112	24.9133	25.2699	25.0071
PROT_0537	26.9502	26.4859	26.6394	26.6938	26.4882	26.7499	26.7713	26.5956	26.9771	26.4475	26.7869	26.8489	26.4449	26.4782	26.6168	26.7581	26.9709	26.6868	26.998	26.6918
PROT_0538	24.2519	24.188	24.2586	23.98	24.8482	24.1011	24.3366	23.7803	24.2494	23.7366	24.2367	24.1636	23.2274	23.4957	23.3222	23.0802	24.3913	24.3056	24.4505	24.2669
PROT_0539	20.7605	20.1618	20.4328	21.0417	20.878	20.752	21.1456		20.8207	20.8703		20.6567	20.7782			20.3712	20.9443	20.5467	20.6609	20.4835
PROT_0540			17.9656		16.8397															
PROT_0541	22.2125	21.7732	22.1649	21.6924	22.1453	22.0753	22.1134	22.1189	22.5253	22.0823	21.9025	22.1824	21.8932		21.9226	21.8559	21.8908	22.1678	21.5002	21.6175
PROT_0542	20.425	20.9612	20.2935	20.5141	20.4391	20.4231	20.6105		20.1377	20.3276	20.516	20.4578	20.5224	20.8129	20.7689		20.3231	20.6182	19.6707	20.604
PROT_0543	17.7204		18.7957		17.9926	18.6988			18.3354				17.9653		18.9828		19.0874		19.1521	
PROT_0544	25.3541	24.8475	25.2031	25.1469	25.4639	25.1852	25.5608	25.3427	25.5951	25.2415	25.5886	25.3035	25.1053	25.0478	24.9816	25.0314	25.1345	24.8869	25.2191	24.7718
PROT_0545	24.1896	24.623	24.0794	23.9316	24.1897	23.9639	24.4411	24.4825	23.98	24.3431	24.0882	24.5824	24.5567	24.5259	24.3123	24.6173	24.7648	25.0022	24.4498	24.7291
PROT_0546	22.0078	21.6342	21.6778	20.9291	21.894	21.2619	21.9199	22.0914	21.9722	22.0412	22.2734	21.8994	21.5424	21.5883	22.1739	21.3851	21.477	21.7697	21.8345	21.9236
PROT_0547													16.5015					16.5854		
PROT_0548	20.9945	20.5695		20.5257	20.9048			20.8234	20.3367	21.4006	21.5958	20.6008	20.7344	21.3349	19.8963	21.0247	20.976	20.9815	21.1407	20.4857
PROT_0549	19.1867	18.3281	19.4243	18.9051	18.482				19.0756	17.5704	18.0083			18.262			19.3486			18.2772
PROT_0550	25.5002	25.4862	25.8865	25.8161	25.7902	25.658	25.694	25.5294	25.8496	25.9563	25.6654	25.9708	25.7854	25.8143	26.0724	25.7637	25.8784	25.5882	25.7205	25.8835
PROT_0551	22.187	22.0422	22.223	22.3881	22.135	22.0132		22.3026	22.2876	22.298		22.7942	22.3486	22.3045	21.9739	22.1875	22.3893	22.4454	22.2181	22.4434
PROT_0552	26.1401	26.1819	25.8363	25.8648	26.0054	25.8863	25.8035	25.959	25.9443	26.1666	26.0438	26.0914	26.1221	25.947	26.108	26.013	25.9514	26.2538	25.8527	26.185
PROT_0553			17.4002							17.1496										
PROT_0554	19.1483	19.3885	18.473	18.7778					18.4236	19.0393			19.3342	18.8454		18.3039	18.8328			19.4394
PROT_0555	24.6026	24.2943	24.2594	24.094	24.5654	24.267	24.3708	24.2886	24.4775	24.5062	24.4275	24.3622	24.5527	24.4742	24.7863	24.2005	24.1059	24.3553	24.4054	24.186
PROT_0556	24.7768	24.6171	24.6729	24.3934	24.9885	24.5515	24.3897	24.2833	24.5575	24.7209	24.619	24.5807	24.6445	24.6174	24.6927	24.3251	24.775	24.2494	24.5814	24.4184
PROT_0557	20.2811	20.5966	20.5944	20.6621	20.4134	20.4095	20.9137	21.3353	20.1327	20.7655	20.4645	20.6026	20.1623	20.729		20.1365	20.9022	21.1157	20.8002	20.7153
PROT_0558	19.8215	20.0716	20.3979				20.7329	20.4129	20.2712	20.2736	20.267	20.7652	20.2871	20.198	20.2589	20.362	20.6546	20.5019	19.9505	20.941
PROT_0559	23.9481	23.5908	23.8568	23.8197	23.7305	23.3464	23.9186	23.7806	24.1942	23.2629	23.9113	24.0174	23.9142		23.6086	23.6811	23.9746	23.3132	23.809	23.3791
PROT_0560	22.0776	22.2419	22.0249	22.3426	22.4975	22.2764	22.2307		22.4176	22.0714	22.2018	22.4431	22.5076	22.6975	22.5677	22.3661	22.2534	22.734	22.1777	22.6239
PROT_0561	20.6696	21.2769		20.951	20.4632	20.9043	20.8057	21.0915	21.4578	20.701	21.0962	21.0218	21.0282	20.7684	20.7413	20.6503	21.1828			21.0831
PROT_0562	21.023	21.5726		20.8893	20.8316	20.7673	21.0201	20.7038	20.5717	20.3132	20.8603	21.232	20.6767		21.113	20.9861	20.9073	21.004	20.8444	20.6744
PROT_0563	24.6321	24.3098	24.6412	24.4895	24.9558	24.5989	24.7937	24.3061	24.643	24.101	24.6846	24.3218	24.5556	24.3004	24.6711	24.4484	24.2715	24.7265	24.4691	24.6284
PROT_0564	24.3766	25.2962	24.8593	25.2996	24.8011	25.3111	25.205	25.4209	25.0065	25.3097	24.6627	25.3742	24.7562	24.9813	24.6173	25.068	24.9109	25.1564	24.8926	25.2169
PROT_0565	25.9209	25.5281	25.7075	25.8267	25.6443	25.683	25.7676	25.2656	25.8956	25.6264		25.542	25.5414	25.5965	25.8436	25.6211	26.1051	25.8908	25.9971	
PROT_0566	25.7548	25.7853	25.6728	25.7764	25.6555	25.3766	25.7434	25.4727	25.5857	25.5227	25.4469	25.3323	25.6166	25.4169	26.0431	25.2039	25.7137	25.6535	25.516	25.4244
PROT_0567	19.7338	20.768	20.541	20.4333	20.3537	20.3946	20.4752	20.7717	19.8393		20.309	20.6161		19.6488	20.607	20.5015	20.7575	20.0047	20.7214	20.4795
PROT_0568	21.6777	22.1097	21.7883	21.3418	21.9474	22.1643	22.1628	21.6035	22.01	21.5686	22.1132	21.3321	21.8724	22.266	22.2617	21.5617	21.9966	21.9138	21.8402	21.5811
PROT_0569	26.622	26.1105	26.3851	26.3852	26.5296	26.2172	26.4243	26.1931	26.5127	26.1097	26.17	26.0211	26.5308	26.1206	26.0475	25.7687	26.0842	26.0087	26.2563	25.9185
PROT_0570	19.8936	19.7382		20.3134	20.0748	21.0923		20.4246	20.8317	20.5329	20.0858	20.7591	20.4112		20.092	19.5642	19.5533	20.6969		20.3832
PROT_0571	23.8917		23.7468	24.0887	23.6261	23.6883	23.7954	23.8027	23.8527	23.6039	23.6081	23.754	23.867	23.9045		23.7722	24.0145	24.1459	23.9292	23.4111
PROT_0572	23.6189	23.9008	23.7229	23.7076	23.3564		24.1243	24.1931	22.7402	23.0529	22.9191	23.2935	23.9228	24.1322	24.2806		24.0994	23.9409	23.8798	24.0257
PROT_0573	21.1858	21.4204	21.2076	21.3316	21.0771		20.9411	20.7419	20.546	20.2913	20.8338	20.4902	21.6282	21.3685	20.8068	20.8511	21.4004	21.206	21.0263	21.4044
PROT_0574	22.9073	23.0168	23.0551	23.2603	22.8645	23.0998	22.9167	22.6769	23.0081	23.2323	22.9974	23.0204	23.1381	23.0397	23.0323	23.5044	23.6034	23.3495	23.296	22.6558
PROT_0575	25.2716	25.0521	25.1442		24.9669	24.9435	25.3489	25.0239	25.5508	24.9022	25.5315	25.1884	25.3744	25.1816	25.4318	25.0331	25.1827	25.4878	25.2548	25.1413
PROT_0576	27.9417	27.7501	27.8805	27.7459	27.6239	27.3005	27.7594	27.3142	27.3451	27.6273	27.7077	27.6511	27.4517	27.6469	27.6023	27.2564	27.7891	27.7043	27.3605	27.5049
PROT_0577	22.0094	21.2934	21.7533	21.6428	21.6681	22.0312		21.9213	21.7103		21.9413	22.1692	21.6107	21.3893	21.4218	21.7856	22.0237	21.4089	21.4396	21.9691
PROT_0578	22.4133	22.0646	21.9654	21.8723	21.9502	22.2577	22.0192		21.8568	21.8579	21.8669	21.7908	21.8278	21.9621	21.9632	22.0243	22.1692	21.7786	21.7788	21.8032
PROT_0579	23.6338	23.4231	23.8278	23.356	23.4043	23.7096	23.8034	23.8287	23.8443	24.0697	23.7746	24.1202	23.6253	23.9396	23.7847	23.6866	23.5368	24.0492	23.4957	23.7631
PROT_0580	19.4555			19.5678	18.8626	18.8303	19.4096		19.4309		18.5717	18.8671	18.4231	18.2396					19.0316	
PROT_0581	22.9583	23.2106	23.1834	23.123	22.8105	22.833	22.906	22.8199	23.809	24.1143	23.9555	23.8309	22.8384	22.7883	22.823	22.7399	23.0849	22.8973	22.7166	22.8441
PROT_0582		19.497		18.1878	19.0644	19.2527	19.4956		19.406	18.5915				19.2535		19.3327	19.459	19.0739	20.1388	19.4997
PROT_0583	24.0708		24.0281	24.6611	24.8502	24.4856	24.702	24.5286	24.3777	24.9159	24.6222	24.6944	24.1379	24.7313	24.3707	24.3109	24.5215	24.8727	24.4325	24.7345
PROT_0584	21.7584	22.0608	22.0203	21.4358	21.9866	21.7121	22.0055	21.518	22.3655	22.2308	22.2576	22.1528	21.6351	22.2286	22.0492	21.9542	21.7645	22.0491	21.8632	22.0293
PROT_0585	25.5918	26.1791	26.0202	26.3893	25.876	25.8602	25.6982	25.6781	25.8297	26.2652	26.0037	26.5683	25.5856	25.8335	25.6638	25.8842	25.6389	25.9252	25.6383	26.1031
PROT_0586	20.3009	20.3291	20.5472	20.0774		20.6244	20.7832	20.1678	20.5134		20.4767	21.1032	20.2646	20.3227	20.8909		21.2359	20.703		20.2777
PROT_0587	22.8485	22.9954	23.6035	22.7131	22.9963	22.9784	23.5711	22.9048	23.3923	22.9809	23.1334	22.9815	23.1202	22.6168	23.246	22.9348	23.1372	23.1479	23.3706	22.8949
PROT_0588	23.3237	23.3084	23.2866	23.1767	23.0991		23.0053	23.1865	23.6587	23.3468	23.2869	23.0571	23.1063	23.4494	22.9132	23.218	23.1621	23.4814	23.0337	23.0774
PROT_0589	22.4002	22.2777	22.5938	22.5693	22.1203	22.0641	22.3688	22.4859	22.544	22.0015	22.0086	22.1251	22.5559	22.5767	22.5089	22.3935	22.1639		22.1306	22.2223
PROT_0590	24.7989	25.2331	25.1026	24.9862	24.9458	24.7775	24.8077	24.686	25.022	24.9686	24.5276	24.6441	25.0711	25.0528	25.2745	25.0449	25.2437	25.0431	24.7535	24.9711
PROT_0591	20.7297	20.4311	20.9279	20.9689	20.6474	20.4095	20.24	20.8014	20.3952	20.8577	20.7387	20.5459	20.3072	20.959	20.4613	20.4906	20.6286	20.4753	20.9051	20.2866
PROT_0592	23.1462	23.1884	23.1114	23.642	23.0899	23.1774	22.8294	22.8512	23.5185	23.4057	23.2423	23.1062	22.9698	23.3174	23.4801	23.279	23.1299	23.305	23.217	22.8004
PROT_0593	22.7992	22.3906	22.7899	22.3167	23.1485	22.3089	22.4632	22.3209	22.938	22.3809	22.7951	22.5641	22.638	22.1394	22.4758	22.5207	22.9423	22.6249		22.4748
PROT_0594	21.0869	21.335	21.1791	21.3549	21.4175	20.9187	21.2636	21.4335	20.2487	21.6367		20.9228	21.4573	21.435	21.4091	20.6806	21.1361	21.781	21.1079	21.0408
PROT_0595	26.7299	26.4096	26.7416	26.1702	26.9473	26.3346	27.0973	26.353	26.5467	26.2115	26.5262	26.4052	26.8634	26.2226	26.6636		26.6129	26.3585	26.7653	26.4079
PROT_0596	22.5158	22.0514	22.5406	22.6589	22.9706	22.7192	22.4631	22.5062	21.8825	22.3176	22.2891	22.1179	22.1819	22.7227	22.193	22.5386	22.6774	22.6081	22.6006	22.8833
PROT_0597	21.6004	21.498	21.2743	21.6368	21.6025	21.7294	21.3112	21.4897	21.6775	22.037	21.9887	21.4525	21.2951	21.6214	21.459	21.9712	21.4813	22.4466	21.6302	21.7201
PROT_0598	25.7044	26.0661	25.528	25.6138	25.5816	25.6997	25.5614	25.3716	25.4716	25.3239	25.5583	25.789	25.4152	25.6586	25.4891	25.9342	25.8714	25.652	25.4957	25.3001
PROT_0599	22.3083	22.0228	22.3334	22.0252	22.007	21.7569	21.9418	22.3201	21.9049	22.2704	21.6302	22.3745	22.0832	22.0824		21.7617	22.1814	22.018	21.9174	22.0937
PROT_0600	22.2261		22.3681	22.5282	22.7454	22.5038	22.3227	22.932	22.7537	22.8108	22.7345	22.8077	22.708	22.6367	22.7321	22.5455	22.3392	22.5024	22.7469	22.1093
PROT_0601	21.119	20.398		21.0321	20.4982	20.3322	20.6079	20.7091	21.822	21.4114		20.9438	20.8643	20.6425	20.8733	21.0332	21.3567	21.026	20.765	20.9978
PROT_0602	24.7773	24.9249	24.6643	25.0557	24.6749	24.5087	25.0513	24.6569	25.0204	25.4099	25.0108	24.8488	24.6038	24.6554	24.5707	24.6341	25.0338	25.0311	24.8336	24.6547
PROT_0603	24.2049	24.4206	24.419	24.5069	24.0584	24.1613	24.3092	24.071	24.7605	24.7074	24.4193	24.9957	24.1967	24.8645	24.2235	24.1893	23.9628	24.4114	24.2242	24.1315
PROT_0604	20.5555	19.9076	20.5928		20.1319	19.8341	20.8325	20.4414	21.1482	20.1213		20.2338	21.4808	20.7556	21.4461	21.0812	20.6168	20.4819		20.083
PROT_0605	19.6063		20.1911		19.9678	20.1906	19.6583	19.8384	20.586	20.4894	20.2173		19.8118	19.8085			20.1038	19.9373	19.9037	
PROT_0606	23.8152	24.1643	24.1967	23.893	23.8946	23.6163	23.8492	24.1687	24.2839	24.1801	24.0349	24.5677	23.8333	23.8412	23.8382	23.7263	24.3643	23.8246		23.9376
PROT_0607	24.5262	24.4461	24.8163	24.455	24.3725	24.2414	24.2251	24.0829	24.9679	24.8855	24.8516	24.8504	24.375	24.7966	24.323	24.1877	24.5893	24.4405	24.4533	24.4
PROT_0608	21.5319	21.4686	21.3817	21.0277	21.6788	21.6827	20.9846	21.7752	21.557	22.177	22.0001	21.5237	21.5605	21.1518	21.4562		21.4385	21.4174	21.8711	21.3725
PROT_0609	23.7983	24.2936	24.3979	24.3819	23.9866	24.2233	23.9273		24.3466	24.4798	24.0248	24.439	23.8449	24.1324	23.7435	24.1711	24.8882	25.2424	24.9942	25.0959
PROT_0610	25.8831	25.6369	25.7713	25.6799	26.1407	25.4373	25.9469	26.1501	26.3568	26.2134	26.1021	26.2706	25.7021	25.9754	26.0343	25.8088	26.1187	25.9123	25.8107	25.754
PROT_0611		20.8465	20.807	20.6237	21.0455	21.0007	21.4389	20.4558			21.0486	21.4217	21.4615	21.3103	20.8844	21.2588	21.4625	20.9175	20.8609	20.6553
PROT_0612	25.2752	25.1811	25.1925	25.0841	25.2076	25.1498	24.9309	24.8309	25.759	26.061	26.2725	26.2623	24.638	24.9951	25.096	24.9536	24.9722	25.3016	25.2861	25.1131
PROT_0613	21.0175	21.2807	21.1179	21.0147	20.5401	20.7946	20.5167	20.3498	21.1824	20.9708	21.1066	21.2529	20.7243	20.2654	20.6293		20.8488	20.6299	20.653	21.2846
PROT_0614	23.6545	23.6769	23.9599	23.7624		23.6508	23.6831	23.9594	24.4114	24.0856	24.4333	24.3227	24.1265	24.2748	23.7766	24.0105	24.0541	24.1689	24.0112	23.7507
PROT_0615	22.4046	22.7969	22.9864	22.9481	22.9945	23.3123	22.7511	22.6428	22.7368	23.2114	23.3082	23.1428	22.5177	22.9295	22.9519	23.0685	22.6074	22.9188	22.767	22.9521
PROT_0616	23.1629	24.0136	23.6221	23.6892	23.8323	23.6542	23.7693	23.7824	23.9588	24.1737	23.9226	24.5838	24.0068	23.989	23.5475	23.7836	23.7332	23.5672	23.5953	23.5637
PROT_0617	26.6393	26.8039	26.4709	26.9641	26.6957	26.7605	26.4514	26.5251	26.7134	27.0048	27.1828	27.1903	26.52	26.8627	26.3078	26.6288	26.6834	26.6061	26.6549	26.8237
PROT_0618	20.24		20.6751	20.997	20.5311	20.3568	20.8313	20.4411	20.7625	21.038	20.9719	20.7572		20.958	20.4369	20.4865	20.4244	20.5852	20.5599	20.2362
PROT_0619	18.5813	18.748					19.811	18.7721		19.6508	19.6716	19.7968	19.1247	18.4459	19.526		19.2728	19.4649	18.7426	
PROT_0620	23.9387	23.9116	23.8465	23.9259	24.0151	23.7602	24.1888	23.8128	24.5853	24.714	24.6691	24.3016	24.1524	24.2346	23.8172	23.3165	24.1126	24.146	24.3058	23.8716
PROT_0621	26.6293	26.5246	26.5304	26.6054	26.3991	26.5686	26.6071	26.5365	26.6829	26.9523	26.837	27.1036	26.4755	26.6774	26.6041	26.7508	26.6824	26.5979	26.4447	26.3341
PROT_0622	22.3242	21.8574	21.7682	22.5588	21.6686	22.1548	22.0131	21.9804	22.3359	22.9234	22.7676	22.5811	21.5228	22.0214	22.3336	22.0818	22.1268	22.625	22.5484	22.2228
PROT_0623		19.0667	19.4138		19.6414	19.2011	19.2482		20.276			19.8929					19.3076			19.6268
PROT_0624	18.4972			17.9078		17.7341			18.5948								17.4946			
PROT_0625	24.4474	24.5556	24.8487	24.5646	24.1974	24.1837	24.3624	24.3891	24.7324	25.2154	24.9266	24.8695	24.4345		24.8554	24.0821	24.5341	24.4861	24.4457	24.6505
PROT_0626	26.4363	26.2874	26.2132	26.4193	26.2394	26.0607	26.1701	25.8237	26.6412	26.6336	26.7003	26.5066	26.2986	26.3065	26.2209	26.2984	26.2691	26.275	26.4855	26.2168
PROT_0627					19.4229	18.9169	19.032		19.5551	19.5108	19.5803				19.4899		19.2115	19.2981	20.0426	19.3184
PROT_0628	20.0682	20.3173	20.3801		20.5022	20.2588	20.245	20.1882	20.8975	20.5681	20.9585	20.4892		20.6223	20.8745	20.1938	20.4495	20.454	20.2016	20.464
PROT_0629	22.9903	23.0351	22.9591	22.6914	23.3798	22.5965	22.7636	22.6194		23.4148	23.8405	23.4803	22.79	23.2621	22.841	22.4377	23.0131	22.7119	22.9353	
PROT_0630	21.8115	22.0943	22.5906	22.0423	22.172	22.1102	21.9293	22.0133	22.3469	22.5142	22.6593	22.1882	22.2388	21.7875	21.9772	22.2525	22.1199	22.0163	21.3863	22.1302
PROT_0631	24.9241	24.6076	24.9162	24.5304	24.7548	24.5469	24.5846	24.3265	24.943		25.0575	25.1689	24.4681	24.5093	24.5677	24.6785	24.7313	24.8124	24.842	24.6392
PROT_0632	25.5418	25.3869	25.6525	25.7192	25.7596	25.5897	25.623	25.7241	26.1685	26.1162	26.0298		25.9252	26.1565	26.0145	25.6912	25.8939	25.4976	25.6806	25.3275
PROT_0633	26.942	26.5743	26.8536	26.5054	26.5679	26.2925	26.7829	26.4766	26.7904	27.0236	27.1059	27.0238	26.4248	26.6782	26.4488		26.7388	26.5198	26.2773	27.0306
PROT_0634	20.7914	20.66	20.9235	20.0806	20.8697	20.9962	20.4584	20.4401	21.2443	21.1641	21.5371	21.3356	20.4662	21.0307	20.8865	20.6286	21.0726	20.9818	20.5258	20.7082
PROT_0635	22.1983	21.8894	22.8661	22.0023	21.966	21.6795	22.5886	21.6915	22.9356	22.5635	23.1489	22.5667	22.6992	22.3071	22.3108	21.8622	22.1481	21.9777	22.0573	21.9442
PROT_0636	25.8249	25.795	25.609	26.0112	25.8439	25.8369	25.8065	25.7575	26.03	26.0166		25.9076	25.5423	25.8187		25.6964	25.5635	25.7988	25.5945	25.5015
PROT_0637	22.3886	22.374	22.2201	22.2608	22.5797	22.4287	22.2318	22.1341	22.6247	22.7134	22.7874	22.6711	22.3689	22.3676	22.4786	22.5596	22.5249	21.9173	22.089	21.8666
PROT_0638	22.8643	22.8638	22.6204	23.1551	22.8888	23.1743	22.9673		23.5736	23.113	23.4223	23.6205	22.9696	23.2561	23.388	23.0902	23.1638	22.9877	23.121	22.9898
PROT_0639	21.642	21.9926	21.9223	21.8505	21.2337	21.0655	20.8652	21.3595		21.5376	21.5788	21.8008	22.8431	23.0569	23.3168	22.6461	22.8376	23.0629	23.0373	23.0891
PROT_0640	26.939	27.001	26.9453	26.7897	26.8565	27.0586	26.8023	26.8368	27.3842	27.4642	27.2943	27.241	26.7129	26.9989	26.9833	26.7382	27.0417	27.1487	27.0283	27.118
PROT_0641	27.814	28.0421	27.8237	27.9328	27.8091	28.0981	27.9405	28.2055	28.4424	28.382	28.5938	28.672	28.0023	28.2208	28.055	27.985	28.2204	28.0907	27.9776	27.9931
PROT_0642	21.0818	20.996	20.9068	20.8308	20.8131	20.9573	21.024	20.5142	21.0846	20.8352	20.9639	21.1341	21.8696	21.295	21.7657	21.3072		21.9576	21.0116	21.6137
PROT_0643	26.9689	27.0368	27.2014	27.1592	27.4262	26.8562	27.1902	27.2251	27.5241	27.4065	27.6599	27.8214	26.9899	26.9794	27.1016	27.1159	27.2384	27.1885	26.9284	27.3507
PROT_0644	19.3325		20.1501	19.4557	19.6899		19.1837		19.5696	19.9508	19.5671	20.2435	19.8231	20.1421	19.7816	20.1764				20.1222
PROT_0645	22.2507	22.8038	22.5106	22.0398	22.1466	22.1799	22.228	22.3498	22.3251	22.6078	22.998	23.3442	21.9474	22.1373	22.5453	22.492	22.3791	22.275	22.4023	22.1436
PROT_0646	23.3063	23.4554	23.3273	23.7601	22.9454	23.6218	23.3725	23.5663	23.8399	24.4374	23.9087	23.9626	23.4624	23.8189	23.745	23.2568	23.7027	24.1242	23.0655	23.5804
PROT_0647	22.5472	22.7032	22.7951	22.307	22.5263	22.604	22.5745	22.572	23.0433	23.0133	22.8187	23.0769	22.3934	22.7551	22.2508	21.9129	22.4836	22.6962	22.6423	22.7132
PROT_0648	21.0081	21.0459	20.6398	21.0312	21.3969	20.611	21.1183	21.518	20.7271	21.3559	21.2601	20.9901	21.0292	20.6068	21.1276	21.0474	21.0593	20.9671	20.7388	20.8941
PROT_0649	20.4018	20.4544	20.1582	20.3358	19.623	20.2008	20.2453	20.0157	20.429	20.3998	20.4164	20.7359	20.4138	19.9044	19.9492	20.098	19.5337	20.0797	20.0128	19.7516
PROT_0650			18.0667											17.0807		16.851				
PROT_0651	25.9349	25.9522	26.2465	25.5984	25.976		26.0155	26.1007	26.4136	26.4134	26.7219	26.2388	25.8084	26.0156	25.987	25.9844	26.0992	25.9218	26.0994	25.6017
PROT_0652	27.8917	27.6524	27.8116	27.6086	28.1468	27.8568	28.1573	27.7149	28.6271	28.5929	28.6726	28.247	27.4803	27.6262	27.8695	27.2853	27.8198	27.8891	27.7968	27.9489
PROT_0653	22.0009	21.9621	22.1372	21.957	21.7626	21.9985	21.7734	22.3036	22.363	22.4902	22.6083	22.4175	21.8456	21.969		21.5578	22.056	22.1692	22.412	22.134
PROT_0654	26.6369	26.7759	26.5961	26.3442	26.6884	26.3764	26.6638	26.5906	26.9029	27.1135	26.9319	27.0477	26.4366	26.8176	26.3732	26.5473	26.4168	26.7746	26.5992	26.7717
PROT_0655	26.7124	26.5631	26.9201	26.8627	26.6108	26.874	26.6298	26.3331	27.1658	27.3344	27.1991	27.0449	26.7499	26.8201	27.2001	26.4562	26.6258	26.8915	26.5179	26.7386
PROT_0656		26.6619	26.6722	26.596	26.6747	26.7583	26.539	26.6725	27.0853	27.1228	27.0553	27.0131	26.5611	26.8241	26.6515	26.5995	26.6776	26.7343	26.3657	26.5956
PROT_0657	18.1406			17.6284	18.3507	18.294				17.8205		18.5441			18.0985		18.3026	17.4426		
PROT_0658	24.0492	24.3669	24.1486	24.1853	24.0022	24.1577	23.9602	24.5317	24.4669	24.9037	24.2562	24.6703	23.9976	24.2374	24.153	24.3962	23.9083	24.3701	23.7907	24.3996
PROT_0659	28.0348	28.4888	28.4537	28.1579	28.3501	28.3275	28.1674	28.1713	28.5563	28.6204	28.155	28.5745	28.3413	28.4701	28.3742		28.2949	28.5077	28.1357	28.2855
PROT_0660	22.7136	22.61	23.0611	22.551	22.222	22.4609	22.4807	22.2974	23.5548	22.7785	23.1784	23.1483	23.1134	22.5774	22.8934	22.3736		22.3796	22.7599	22.3701
PROT_0661	24.8012	24.8455	24.6509	25.0603	24.347	24.464	24.276	24.5938	24.9348	25.5166	25.2589	24.9692	24.3534	24.5707	24.5194	24.9153	24.9565	25.4101	24.8421	24.7339
PROT_0662	22.8687	22.5722	22.845	22.7645	22.4735	22.7015	22.5947	22.8773	23.5875	22.9265	22.6254	23.1607	22.6947	22.9767	22.7332	22.7143	22.7081	22.6722	22.1474	22.7217
PROT_0663	25.8379	25.6327	25.6693	25.26	25.0835	24.7633	24.9999	24.8709	26.0361	26.1696	26.4692	25.9484	25.7514	25.213	25.8779	25.3627	25.7663	25.624	25.8834	25.2457
PROT_0664		18.6425	18.5617	19.3839	18.826	18.7537	18.0925	18.1191	19.2298		19.2536	19.2087				18.7779	19.4085			19.4976
PROT_0665	18.9293	18.5904							18.7473	19.8744	18.7717		18.5286	18.8895			18.2432			17.3621
PROT_0666	22.6818	22.7084	22.6259	22.2709	22.4136	22.3737	22.5037	22.4762	23.0239	22.5902	22.8642	22.5595	22.5522	22.8989	22.4987	22.3357	22.7099	22.5227	22.6503	22.4234
PROT_0667	25.9644	26.2052	25.9258	26.2685	25.9983	26.2208	26.0937	26.369	26.6628	27.0087	26.0192	26.7963	26.2392	26.1517	26.0911	26.3047	25.9544	26.333	25.905	25.9747
PROT_0668	22.813	22.3858	23.0538	22.7438	22.8625	22.8529	22.7437	22.1463	23.1249	23.1552	22.9801	23.4073	22.8724	22.6003	22.85	22.7229	22.7549	22.8467	22.4884	22.4762
PROT_0669		19.639				19.8153	19.2507		19.4173	19.3799	19.1103				18.9942	19.1241	19.5857		18.994	19.1721
PROT_0670	25.4311	24.9891	25.0835	24.614	25.2612	24.9854	25.0454	25.0633		25.5712	25.2825	25.4271	25.1903	25.1213	25.1052	25.0658	25.1568	24.8788	24.9757	25.1146
PROT_0671	23.4583	23.7314	24.0438	23.7233	23.7892	23.3982	23.5496	23.2285	24.3857	24.2248	24.2049	23.9968	23.188	23.9514	23.633	23.649	24.2326	24.0229	24.0331	23.9844
PROT_0672	20.5114	19.974	20.6205	20.2592	19.8279		20.062	20.3133	20.9713	20.8414	20.8056	20.6561	20.4103	20.6605	20.896	20.3685	19.999	19.9989		19.7801
PROT_0673	24.2864	24.6153	24.2264	24.1557	24.4817	24.3399	24.7237	24.4812	24.847	24.4248	24.9576	25.0915	24.1035	24.2289	24.3485	24.4737	24.6332	24.3203	24.0971	24.0092
PROT_0674	27.5791	27.4191	27.7013		27.7099	27.8699	27.8175	27.7461	28.1952	28.1073	28.1088	28.2821	27.6642	27.5217	27.8975	27.5826	27.7009	27.8076	27.8531	27.7822
PROT_0675	18.5459		19.8657	18.9875		19.4877		18.9337	20.2905	19.2459	20.4235	19.8689	19.0878	19.0668	19.2789	18.4254		20.0367	19.4525	19.908
PROT_0676	17.4939	18.5392		17.7196			18.5612	18.4553				18.5027						18.8197	18.698	
PROT_0677		19.7945	20.0193			19.6572		20.2484	19.9057	20.6204	20.2578	20.3331	19.5814	19.9286	19.8915	19.969	20.4208	21.0085	21.2048	20.7984
PROT_0678	20.9916	20.8795	20.8878	21.4234	21.1646	20.51	21.0368	20.7988	21.806	21.7067	21.0761		21.1709	20.8855	21.109	21.0204	21.219	20.8526	20.8944	20.618
PROT_0679	24.1236	24.0478	24.322	23.9753	24.1441	23.8133	24.0337	24.0736	24.6577	24.5153	25.0641	24.2872	23.7766	24.1931	23.9581	24.2918	24.0984	24.1346	23.8337	24.116
PROT_0680		24.5286	24.6924	24.3324	24.7722	24.7354	24.5111	24.6215		24.9307	24.9593	24.9456	24.0573	24.6425	24.5059	24.727	24.5375	24.4676	24.1768	24.4091
PROT_0681	20.3369	20.5059	20.3688	20.7197	20.398	20.946	20.9933	20.0967	20.6882	20.9963	20.9052	20.9496	20.2849	20.9637	20.3585	20.6107	20.46	20.3568	21.0546	20.4079
PROT_0682	19.7562	20.0538	19.5382				19.1108	19.9972	20.5947	19.92		20.0774		19.2422	19.8364	19.1456		19.8783	19.859	19.6745
PROT_0683		17.3615		18.6476				18.3982	18.6393			18.8271		18.0864		18.2043				
PROT_0684	27.2687	26.8789	27.3415	27.0746	27.2752	27.2083	27.3102	27.0207	27.7421	27.4263	27.5854	27.245	26.7668	27.0505	27.0636	27.019	27.0854	27.2037	27.2191	26.985
PROT_0685	28.557	28.603	28.4899	28.8079	28.3744	28.5101	28.7433	28.3557	29.2242	28.9739	29.1413	29.0049	28.4999	28.6073	28.4939	28.2617	28.8705	28.4588	28.9892	28.8409
PROT_0686	22.4788	22.6949	23.1787	22.8052	22.9065		22.9903	22.5887	23.4674	23.3908	23.1541	23.5565	22.5951	23.2703	22.7012	22.3781	23.2892	22.5875	22.7777	22.5974
PROT_0687	25.4986	25.7087	25.665	25.4627	25.3545	25.2304	25.3097	25.4634	26.0614	25.6395	26.0102	26.2702	25.8215	25.2647		25.2661	25.4006	25.5195	25.3033	25.4638
PROT_0688	23.8771	23.6121	23.9982	23.4451	23.8412	23.5665	23.6262	23.1824	23.5999	24.1773	24.2671	23.967	23.42	23.7254	23.399	23.0953	23.9407	24.0813	23.7679	24.2948
PROT_0689	22.6191	22.7497	22.8657	22.7052	22.5281	22.8931	22.807	22.6423	23.5817	23.3945	23.4158	23.3466	22.8403	23.0957	23.1246	23.1467	22.9544	22.953	22.9223	22.9005
PROT_0690	18.8522	18.6066		18.2462		19.331	19.2462	18.7705	19.0962	19.3537		19.2396	19.3322	19.5398	19.1815		19.81		18.7811	
PROT_0691	20.8838	20.6731	21.0193	20.9947	20.2782	20.3242	20.4735	19.9436	21.5522	21.0675		21.4307	20.8381	21.1788	20.67	20.7455	20.8363	20.819	20.9743	20.8226
PROT_0692	21.8319	21.6004	21.8793	21.3147	21.8358	21.5115	22.0013	21.6088	21.5358	21.4962	21.1759		21.7601	22.1045	22.3677	21.3158	22.5216		22.4419	22.7365
PROT_0693	26.5447	26.8154	26.675	26.772	26.4996	26.1682	26.4793	26.6202	26.3194	26.4151	26.4513	26.6435	26.3141	26.5855	26.434	26.3199	26.4016	26.6	26.3581	26.5041
PROT_0694	23.9976	23.9758	24.3815	24.0091	23.8627	24.095	24.0884	24.3419	23.8632	24.0466	24.278	24.2624	23.9236	24.0934	23.8939	24.0523	23.9427	24.0439		24.2331
PROT_0695	20.5565	21.2545	20.8255	21.0475	20.3361	21.667	20.7151	19.9334	20.5563	20.7751	20.7472	21.1268	20.2956	21.3321	21.0645	21.3635	20.3589	20.8576		21.0507
PROT_0696	26.4162		26.5767	26.2727	26.3909	26.4407	26.749	26.6263	26.7295	26.8272	26.6725	27.0554	26.4812	26.8249	27.0082	26.6824	26.7434	26.8459	26.5222	26.7681
PROT_0697	20.7043	20.8913	21.235	20.6173	20.3686	20.1623	19.7707	20.0776	20.6177	20.5425	20.6531	20.9958	20.5151	21.0951	20.1943		20.5596	20.3513	20.3441	20.5602
PROT_0698	22.4172	23.1266	22.9935	22.8869	23.0786	22.6073	22.629	22.3922	22.966	22.6368	22.6301	23.068	22.8969	22.7236	23.285	22.3458	22.9431	22.834	22.7422	22.537
PROT_0699	20.1871	21.1414	20.7748	19.9769	20.7353	20.3752	20.6925	20.4682	20.1749	20.2233		19.7783	20.7009		20.5697	19.9159	20.7586		21.1255	20.3867
PROT_0700	27.4263	27.5325	27.5615	27.416	27.5563	27.3839	27.5444	27.5504	27.734	27.3456	27.2244	27.624	27.4004	27.3537	27.4062	27.1559	27.5856	27.415	27.628	27.6863
PROT_0701	23.7786	24.1046	24.2693	23.9951	25.2039	24.6233	25.1171	25.0094	24.3903	24.2574	23.9684	24.2076	24.2477	23.9876	24.2279	24.1078	24.0572	24.3818	23.9329	23.8485
PROT_0702	19.5919	20.2656	19.2447	19.7813	19.7768	20.0279	19.6646	20.3677	19.9414	19.81	20.4349		19.7563			19.7947	19.6144		20.2726	20.4908
PROT_0703	22.2768	22.0575	22.1419	21.879	22.3091	21.0775	21.8021	21.732		21.8993	22.1263	22.4508	21.8428	22.0865	21.801	21.4721	21.735	21.8134	22.0384	22.1253
PROT_0704	21.1009		21.5884	20.7154	21.6769	21.3129	20.984	20.5878	21.3729	21.4913	21.2494		21.1489	21.0273	21.6849		21.5227	20.9006	21.2843	21.0756
PROT_0705	22.3637	22.5376	22.4813	22.3081	22.6764	22.4974	22.2279	22.5787	22.8811	22.577	22.2788	22.5121	22.5132	22.0787	22.5295	21.994	22.5252	22.7468	22.7045	22.303
PROT_0706	19.7918	18.4119		19.2754	18.6744		19.4103	19.1681			19.5314			20.0711		19.4283	19.4383	18.9114	19.4542	
PROT_0707	23.5214	23.7686	23.4815	23.49	23.5941	23.2143	23.2762	23.5067	23.7722	23.3116	23.325	23.4552	23.605	23.7961	23.7455	23.415	23.5945	23.7044	23.7113	23.7754
PROT_0708	22.8579	22.3684	22.7728	22.6989		22.6944	23.0782	22.4102	23.0352	22.941	22.5389	22.8747	22.89	22.6199	22.5931	22.6886	22.5196	22.8512	22.7517	22.8793
PROT_0709	24.3289	24.1769	24.2236	23.7452	23.9725	24.1888	24.2829	23.6574	24.0797	24.0446	23.7925	23.8479	24.066	24.1307	23.9806	23.8392	23.6207	24.3554	24.1093	24.3628
PROT_0710	22.0465	22.2291	21.9057	22.1949	22.2231	21.4903	22.2708	22.3923		22.3689	22.6634	22.2715	22.3522	22.2596	22.8096	22.4236	22.5179	22.2722	22.2432	22.5604
PROT_0711	20.5391	20.9143	21.0618	20.1007	21.0277	20.3299		20.5517	20.9008		20.394	20.6717	20.0774	20.2159		20.4529		20.8823		
PROT_0712	22.4758	22.3767	22.803	22.2955	22.7168	22.944	22.4642	22.7526	22.9521	22.3463	23.011	22.6814	22.1301	22.5835	22.6519	22.7723	23.0963	22.7128	23.0813	22.7636
PROT_0713	28.824	29.1307	28.8093	29.0405	29.0436	28.8819	28.9609	29.1025	29.143	29.2802	28.9926	29.1135	28.8878	29.0991	28.806	28.7949	28.9785	29.1843	29.0279	28.6838
PROT_0714	21.1511	20.8404	21.3621	20.8107	20.506	21.137	20.8952	20.2169	20.8464	20.5771		20.581	20.8949	20.7379		20.6614	20.8559	21.2004	20.7803	21.2487
PROT_0715	23.4241	23.577	23.4016	23.4551	23.6772	23.33	23.6688	23.4286	23.8052	23.3921	23.3477	24.0742	23.3981	23.7634	23.6909	23.7481	23.78	23.5469	23.4566	23.4398
PROT_0716	24.6336	24.9851	25.1938	24.481	25.0885	24.6576		24.8348	24.788	24.6014	24.8394	24.4847	24.6017	24.7655	24.9252	24.6332	24.6882		24.6828	24.3451
PROT_0717	22.5194	22.6158	22.0032	22.585	22.5657	22.3939	22.287	22.2815	22.3065	22.4295	22.2795	22.4356	22.3113	22.8168	22.6419	21.9059	22.5613	22.0957	22.1423	22.6772
PROT_0718	26.0722	26.3707	26.4788	26.2229	26.3685	26.3383	26.203	26.5675	26.3986	26.2855	26.3882	26.1414	26.2054	26.3867	26.792	26.0426	26.4706	26.5745	26.346	26.4077
PROT_0719	27.348	27.0696	27.3741	27.2973	27.1049	27.1016	27.1072	27.0073	27.4906	27.3269	27.4246	27.4082	27.2125	27.1873	27.3669	27.0523	27.1848	27.3717	27.2438	27.465
PROT_0720	22.7494	22.7267	23.2233	22.8012	23.1862	23.0941	23.4274	22.7616	22.6455	22.7691	23.0555	22.8362	22.446	22.5167	22.7874	22.4459	23.0436	22.7982	22.6326	22.8549
PROT_0721	20.1884	19.4475	19.8309	18.933		19.6895	19.6	20.1695	20.0417		19.4378	19.8337	20.3614	19.7984	19.92	19.6985	20.387	20.4188	19.6959	20.0657
PROT_0722	22.945	23.2505	22.9162	23.1134	22.8894	22.8972	22.8875	22.775	22.8036	22.9025	22.9603	22.8214	22.8258	23.0445	22.7683	22.8567	22.8137	23.1003	22.9109	22.8646
PROT_0723	22.7277	23.1419	22.9437	22.8252	23.1928		22.9045	23.3299	22.6439	22.8776	22.5871	23.3325	23.9371	24.5038	24.1681	23.9011	23.002	23.0672	22.282	22.8302
PROT_0724	24.454	24.4409	24.5567	24.1771	24.4513	24.7695	24.1047	24.5662	24.6948	25.0593	24.8259	24.7206	24.6417	24.8556	24.5555	24.7659	24.802	24.9244	24.9873	
PROT_0725	26.0555	25.7622	25.7535	25.7528	25.8172	25.7706	25.6404	25.8972	26.0643	25.6771	25.7541	25.8741	25.6559	25.8646	25.9473	25.7201	25.8186	25.9288	25.6198	25.6237
PROT_0726	26.2026	25.9689	25.9117	25.929	26.2479	26.1232	26.1853	26.0258	26.1616	25.7673	25.7157	26.0835	25.9062	25.8159	26.1854	25.4959	26.1118	26.075	25.985	25.957
PROT_0727	26.1216	25.6236	25.6642	25.7826	25.6118	25.8623	25.5961	25.7465	25.5942	25.8246	25.8238	25.9657	25.5537	25.2968	25.9068	25.9626		25.8716	25.76	25.9836
PROT_0728	24.2654	25.4699	24.5724	24.904	24.7517	24.8839	24.8058	24.5876	24.6866	24.8017	24.9627	24.9824	24.9243	24.7502	24.8386		24.8144	24.6463	24.3471	24.6391
PROT_0729			18.0788	18.3378	18.33		18.2871					18.8335			17.8585				18.1912	18.0743
PROT_0730	20.1798	20.7036	20.0714	20.5842	20.6387	20.1334	20.7042	20.4764	20.5136	20.3751	20.1977	19.9515	20.6203	20.88	20.2105	20.3641		20.4433		
PROT_0731	21.6895	21.6926	21.8425	21.3785	21.2857	21.4957	21.4811	21.3281	21.714	21.6327	21.2932	21.1856	21.5319	21.2901	21.3599	21.5383	21.3735	21.6364	21.7014	21.4215
PROT_0732	21.3517	20.773	21.0566		20.9004	20.4953	20.7942	20.461		20.6998	20.9815		21.0414	21.0571	20.6378	21.0805		20.639	21.0443	21.3461
PROT_0733	20.7687		20.106		21.0836	20.3385	20.6435	20.8307	21.0835	20.4725	20.6284		20.8625	21.2926	20.7516	20.7994	21.3857	20.7085	21.3527	20.8901
PROT_0734	24.8552	24.8012	25.2011	24.6088	25.1746	24.778	24.7233	24.8754	25.1648	24.977	24.9148	25.0793	24.9204	25.0225	25.1477	24.575	25.0428	24.8693	25.0268	24.7811
PROT_0735	20.7882	20.5249	21.494	20.2465	20.3294	20.6992	20.8082	20.9161	21.0605	20.4783	20.105	20.5929	20.921	21.5635	20.9087	20.9104	20.2367	20.4233	20.5453	
PROT_0736	18.3467	19.5273	19.0757	18.9963	18.2815				19.388			19.2876	18.8786	18.6041			18.6504			
PROT_0737	27.6044	27.5394	27.4442	27.3958	27.4475	27.2866	27.5691	27.5032	27.6358	27.4747	27.7429	27.8759	27.4186	27.7543	27.7604	27.242	27.6312	27.7173	27.543	27.338
PROT_0738	24.1811	24.3382	24.5682	23.9886	23.712	24.0118	23.7357	24.2802	24.3153	24.022	24.1	24.0751	24.0996	24.4867	24.1979	24.1865	24.499	24.3198	24.2106	24.7448
PROT_0739		23.3642	23.4493	23.2976	23.402	23.5982	23.4628	23.2977	23.4995	23.6654	23.3486	23.639	23.451	23.4447	23.2242		23.7128	24.0017	23.2086	23.584
PROT_0740	20.328	20.0398	20.2657	20.7554	19.9979			19.9017	20.0383	20.6143	20.3757	19.8866	20.1967	19.5825	20.6944	20.1358	20.646	20.0461	20.1676	20.23
PROT_0741	22.955	23.276	23.2219	23.4277	23.35	23.1199	22.9784	23.0949	23.4392	23.3125	23.1254	23.0577	23.0245	23.0648	22.8528	23.3458		23.2029	23.4599	23.165
PROT_0742	25.3978	25.5704	25.6878	25.4651	25.6492	25.5524	25.3855	24.9807	25.457	25.4513	25.4496	25.5903	25.386	25.303	25.6451	25.5034		25.3914	25.79	25.4757
PROT_0743	21.9154	21.7107	21.6568	21.8507	22.2819	21.266	21.6109	20.9439	21.7611	21.7759	21.6741	21.7954	21.431	21.7474	21.8791	21.3452	20.4459			20.0821
PROT_0744	23.3477	23.1464	23.2737	22.6594	22.6761	22.6677	23.0369	23.3135	23.1824	22.8844	23.0551	22.9403	23.239	22.7799	23.0781	23.2213	23.4831	23.1347	23.0847	22.8801
PROT_0745	20.5118		19.4764		20.2637	19.0522	20.3456	20.0996	20.1013	19.7343	19.6262	19.7554		19.9334		20.9654	19.2956	18.5821	19.7629	18.9891
PROT_0746	25.6143	25.3607	25.6678	25.6098	25.8047	25.2652	25.4758	25.2093	25.3964	25.6173	25.4842	25.2686	25.3368	25.7045	25.658	25.3105		25.7738	25.573	25.4249
PROT_0747	23.3468	22.9363	23.2857	23.0608	23.2967	23.1486	22.8493	23.0548	23.092	23.5231	23.0041	23.1314	23.0475	23.3323	23.005	23.1185	23.5166	23.1449	22.9845	23.2656
PROT_0748	22.9515	23.2692	22.8727	23.0171	22.9158	22.9096	22.8393	23.0942	22.8423		23.0743	23.6743	22.7654	23.2439	23.1413	23.1507	22.9876	23.1805	22.9309	
PROT_0749	24.8368	24.3343	24.7242	24.2311	24.4245	24.1669	24.6474	24.4356	24.8685	24.5192	24.6414	24.504	24.47	24.4017	24.5175	24.275	24.5545	24.6237	24.2029	24.3656
PROT_0750	25.3812	25.5481	25.0772	25.4086	25.2712	25.5795	25.1809	25.8328	25.4274	25.6468	25.3916	25.1892	25.2975	25.5052	25.4836	25.2092	25.1858	25.5761	25.1559	25.4033
PROT_0751	18.2536	18.6296			18.4756	19.0389	18.1428			18.2606	18.2327	18.9409	18.9711	18.2422			17.4364	17.9234	18.5024	18.0661
PROT_0752	18.8901			19.135		18.1623	17.7182		17.9575	17.9215	18.9156	18.44					18.7662	19.5139	18.6418	18.5268
PROT_0753		26.1842	26.7095	26.2822	26.3578	26.1349	26.2216	26.0373	26.3161	26.4491	26.7471	26.2133	26.2503	26.3055	26.2209	26.2026	26.4524	26.242	26.1206	
PROT_0754	28.6794	28.3837	28.8024	28.1966	28.5763	28.2718	28.5228	28.2856	28.8321	28.2923	28.4358	28.3422	28.4827	28.5418	28.5858		29.0517	28.4736	28.5948	28.6346
PROT_0755	21.8298	21.5777	21.5845	21.2578	21.2092	21.2503	21.3409	21.261	21.3796	21.9666	21.5097	21.6975	21.6104	21.4806	21.62	21.0637	21.3047	21.7279	21.4713	21.7744
PROT_0756	22.1689	22.4109	22.2159	22.7403		21.8118	22.035	21.6448	22.2364	22.2727	21.9656	22.0713	22.4436	22.46	22.2245	21.5122	22.2674	21.9336	21.9339	21.9451
PROT_0757	26.3229	26.0372	26.0945	26.0597	26.0939	26.2	26.2122		26.3788	26.1421	25.9747	26.1021	25.9933	26.1607	26.3973	26.0283	25.8854	26.0347	25.9646	25.6654
PROT_0758	27.8201	28.0713	27.8607	28.0299	28.024	28.3401	28.2149	28.3428	28.2539	28.1922		28.6475	27.7706	27.7124	27.6155	28.118	27.769	27.8545	27.5363	27.8291
PROT_0759	24.0433		24.4216	24.0443	24.0717	24.0439	24.1822	24.4621	24.1534	23.969	24.3941	24.0247	24.1284	24.0934	24.1085	23.8139	24.211	24.1868	24.4125	24.0861
PROT_0760	21.3449	21.8176	21.4223	21.538	21.3324	21.4155	21.4041	21.446	21.7377	21.6588	21.9513		21.6451	21.7094	21.7831	21.7869	21.7606	22.0168		21.8932
PROT_0761	23.0705	23.2773	23.1035	22.8155	23.2424	23.2738	23.1246	23.4011	23.0787	23.5774	23.6146	23.2693	22.9723	23.0095	23.4038	23.0212	23.034	23.0638	22.9875	23.1206
PROT_0762	26.5943	26.731		26.6089	26.4232	26.6351	26.5586	26.6701	26.8568	26.9219	26.7153	26.8641	26.4941	26.955	26.814		26.7377	26.6583	26.8989	26.9832
PROT_0763	22.0324	21.984	22.606	21.8387	22.4472	21.3593	22.1914	21.9187		22.2121	22.2998	21.7081	21.9866	21.8472	22.2794	21.6783	22.2025	21.9577	22.4855	22.4015
PROT_0764	23.8794	23.4512	24.4949	23.8043	23.913	24.0477	23.9043	23.9329	23.6304	23.5609	23.8073	23.9175	24.085	23.615	23.9138	23.7757	24.0682	23.7653	23.8497	23.7275
PROT_0765	27.4202	27.6688	27.6981	27.6346	27.4466	27.431	27.2937	27.2846	27.1302	27.2098	27.2194	27.5092	27.132	27.2782	27.2734	27.2768	27.4147		27.1155	27.101
PROT_0766	21.2074	20.433		20.5609	21.1994	20.64	20.497	20.5148	20.3185	20.9719	20.8582	20.784	20.2422	20.3595	20.4627	20.7846	21.0757	20.7932	20.9349	20.8582
PROT_0767	23.9795	24.0839	24.0001	23.6029	23.7973	23.7412	23.6131	23.5445	23.9535	23.8383	23.4568	24.002	23.3987	24.057	23.8177	23.385	24.1986	23.6432	23.9093	23.939
PROT_0768	26.7509	26.7433	26.5497	26.4457	26.3494	26.4024	26.7123	26.4763	26.6925	26.7251	26.6742	26.7032	26.6722	26.6359	26.4297	26.5596	26.9883	26.7112	26.6839	26.5244
PROT_0769	21.0804	21.1469	20.8151	20.9077	20.6517	20.9806			20.8279	21.0845	21.1838	20.8049	20.9667	20.9095	21.0071	21.0524	20.6466	20.9328	20.8865	21.4355
PROT_0770	27.5958	27.2834	27.5628	27.3653	27.6529	27.4429	27.8338	27.5152	27.6713	27.5192	27.7051	27.565	27.7106	27.4216	27.8438	27.3964	28.1679	28.0047	28.0966	27.9736
PROT_0771		18.4189		18.1512	18.756		18.0456	18.6309							18.3927		18.1143	19.1297	18.3826	
PROT_0772	22.8923	23.309	23.0542	23.1301		22.9047		23.1213	23.0499	23.2069	22.8951	23.4369	23.2294	23.741	23.295	23.3401	23.002	23.2135	23.2662	23.1264
PROT_0773	22.4338	22.059	22.2492	22.4403	22.2666	22.254	22.0817	22.2708	21.8099	22.3257	22.0864	22.0835	22.118	22.2336	21.8966	22.1772	21.6615	22.6224	21.9949	22.2564
PROT_0774	22.4672	22.3175	22.9097	22.0895	22.8603	22.8197	22.1329	22.9455	22.9242	22.493	22.6486	22.7171	22.5739	22.4162	22.5038	22.545	22.3107	22.8592	22.1993	22.7153
PROT_0775	23.2118	23.1209	22.8115	22.9524	22.9743	23.1573	22.9157	23.3623	22.7704	23.0349	23.1127	23.0584	22.9008	23.3175	23.0617	23.082	23.3232	23.216	23.0852	23.1988
PROT_0776	21.3231	21.1902	21.7659	21.3024	21.5058	21.2198	20.9972	20.8751	21.5183	21.2787	21.0642	21.1416		21.5737	21.3341	20.9035	21.6234	21.6612	21.9797	21.3084
PROT_0777	21.6806	21.6655	22.3882	21.448									21.8167	22.2713	21.7972	21.6603		21.8061	22.0293	21.6485
PROT_0778	23.416	23.9179	23.453	23.6692	23.9983	24.0969	23.6879	23.9909	23.9736	24.058	23.7946	24.3863	24.0496	24.6012	23.9845	24.5117	23.8501	24.3453	23.8148	24.1024
PROT_0779	22.0698	22.3372	22.2754	21.8162	21.8014	20.8225	21.4106	21.5802	22.0176	22.2408	22.0237	22.1534	21.538	21.9873	21.9415	21.9199	21.6777	22.0545	21.7229	21.5334
PROT_0780	24.7615	24.6492	24.9714	24.6533	24.7327	24.3126	24.7222	24.6304	24.7905	24.2734	24.65	24.3522	24.7051	24.4431	24.4488	24.3143	24.9646	24.4793	24.5296	24.6132
PROT_0781	23.8426	24.4164	24.3478	24.0194	24.197	23.7184	23.9375	24.6177	24.3846	24.4899	24.5776	24.2072	24.3067	24.1041	24.2108	23.8688	24.5216	24.1489	24.3693	23.9519
PROT_0782	25.6016	25.3233	25.8877	25.3961	25.8163	25.3267	25.5021	25.4608	25.7902	25.4686	25.5427	25.8987	25.6603	25.5463	25.5008	25.3397	25.8426	25.6811	25.7284	25.6667
PROT_0783	23.2355	23.1854	22.9611	23.015	22.9756	22.9849	23.417	23.1514	22.9217	23.2149	23.2023	23.0776	23.1841	23.5025	23.3496	23.0704	23.9122	23.3158	23.7748	23.0358
PROT_0784	18.777		19.174	18.3429	19.4419	18.6421			18.6113				18.1923	19.4806	19.3906		18.7477	19.3691	18.7973	
PROT_0785		21.2216	20.8286	20.7173	21.0155	20.7666	20.6395	20.6467	21.0535	20.6124	20.791	20.9589	20.8873		20.9729	21.0201	20.8245		20.7859	21.5159
PROT_0786	25.1729	25.4973	25.3888	24.9636	25.2468	24.9395	25.3043	25.2734	24.6888	25.097	25.212	25.4435	24.8271	25.3047	24.9754	24.8667	25.0821	25.1539	24.9051	25.1953
PROT_0787	22.5068	22.6639	22.4942	22.298	22.5205	22.4433	22.528	22.1681	22.4557	22.2644	22.5068	22.233	22.7411	22.5588	22.763	22.2316	22.6442	22.2114	22.3482	22.3418
PROT_0788	23.3245	24.0043	23.3505	23.5216	23.3964	23.4246	22.9264	23.2859	23.1906	23.5939	23.34	23.3849	23.4149	22.8975	23.3094	23.1811	23.7062	23.4506	23.2134	23.4043
PROT_0789	22.9297	22.8148	22.9598	22.9842	22.6705	22.6872	22.9874	22.8108	23.2177	23.1428	22.8915	23.3652	22.9169	22.7702	22.9624	22.9033	22.5562	23.118	23.1219	23.0383
PROT_0790	21.8307	22.2595	22.2288	22.437	22.4821	22.3254	22.4798	22.3319	22.4236	22.1701	22.1578	22.4383	21.7884	22.6385	22.1087	22.2045	22.299	22.4021	22.3303	22.3215
PROT_0791	24.9098	24.9099	25.0558	24.9962	24.9004	24.6162	24.8549	24.692	24.689	24.9436	24.7793	24.8658	24.5403	24.8599	24.75	24.9441	25.41	25.3404	25.2571	25.1796
PROT_0792	20.7481	20.8642	21.582	21.0728	20.9499	20.3849	20.9948	20.5531	21.6325	21.4438	21.0321	21.0138		20.8986	21.6436	20.7916	21.1467	20.5964		20.5489
PROT_0793	19.954	19.2674	19.2661	19.6171	19.3126	19.6601			20.0944	18.9341	20.5008		19.614	19.0961		19.537	20.0425		19.9807	19.6867
PROT_0794		20.506	19.7295	19.73		19.3761	19.7316	20.872		19.7291	19.7692	19.8162	19.9983	19.9782	19.7633	19.6808	19.9719	20.0345	20.1982	20.5175
PROT_0795	18.7399		18.6903	18.6162				18.4604	18.7219	17.5664			18.3603	18.8179	19.1875	18.1344			19.148	
PROT_0796	23.184	23.2793	23.615	22.8191	23.0307	23.2649	23.3523	23.0215	23.6414	23.481	23.3012	23.6236	23.2882	23.2281	23.224	23.2744		23.2337	23.3037	
PROT_0797	26.745	26.4548	26.7206	26.8016	26.956	26.6305	26.9802	26.6516	26.5761	26.5163	26.5661	26.5691	26.6595	26.4041	26.5862	26.3566	27.0948	26.9218	26.7551	26.8431
PROT_0798	22.0182	21.9156	21.8683	21.5277	21.7252	21.5882	21.7229	21.7438	21.9209	21.8927	21.9571	21.7095	22.0032	21.9019	21.5235	21.607	21.698	22.091	21.9178	22.2091
PROT_0799	22.589	22.8541	23.3438	22.6107	22.8754	22.6775	22.5804	22.4665	22.8605	22.6651	22.7728	22.7142	23.2272	23.1395	23.0372	22.8409	22.9093	22.589	22.8337	22.843
PROT_0800	22.0858	21.9537	21.8969	22.2856		21.9318	21.8207	21.7283	21.9549	21.8463	22.4749	22.3096	21.8483	21.8997	21.8006	21.6845	21.7549	21.9224	21.8938	21.4676
PROT_0801	20.805	21.1128	20.6772	20.6576	20.1818	20.5452	20.5619		20.7418	20.6281	20.5654	21.0229	20.8486	21.1039	20.4682	20.6751	20.4676	20.5404	20.4762	20.727
PROT_0802	26.6865	26.1241	26.5357	26.5183	26.7406	26.6684	26.3073	26.498	25.5404	25.2731	25.408	25.4837	26.0245	26.7395	26.5278	26.312	26.7161	26.4632	26.3967	26.4328
PROT_0803	20.9071	21.0596	21.326	21.255	20.8242	21.5646	20.5197	20.8765	20.7745	21.7945	21.0266	21.1919	20.7962	21.1479	21.1192	21.0567	21.0549	21.3687	20.6165	21.1183
PROT_0804		18.7131		19.2062			19.2627		18.5601		18.1086	18.4748	19.1556	18.5694		17.5174		18.076		18.48
PROT_0805	25.4868	25.3116	25.8804	25.5602	25.2506	25.4188	25.2762	25.0974	25.3168	25.3249	25.2251	25.1422	25.5284	25.1153	25.5212	25.185	25.7002	25.0802	25.5625	25.4586
PROT_0806		23.2103	22.7176	22.8377		22.2786	23.1514	22.607			22.7428	22.5822	23.0567	22.8172	22.9262	22.5894	23.0366	22.7241	22.7613	22.6914
PROT_0807	23.2578	23.332	23.8613	23.5012	23.5192	23.7125	23.8851	23.4778	23.7905	23.7061	23.6383	23.4186	23.438	23.4449	23.7773	23.337	23.8746	23.4204	23.4951	23.2051
PROT_0808	24.5781	24.6076	24.5171	24.6055	24.6325	24.8052	24.5294	24.8899	24.5421	24.8515	24.5123	25.0622	24.5808	24.7257	24.8129	24.4468	24.8397	24.9687	24.8164	24.4236
PROT_0809	22.3538	22.3299	22.5573	22.0048	22.1562	22.1733	22.9872	21.9996	22.1737	22.0501	22.5849	22.1375	22.7446	22.0527	22.4662	21.8227	22.4377	21.5889	22.4881	21.8971
PROT_0810	22.6009	22.9798	23.2837	22.5314	22.4608	22.6712	22.7434	22.474	22.4367	22.434	22.6728	22.7487	22.3549	22.7982	22.8035	22.4752	23.0106	22.9086	22.9023	23.0343
PROT_0811	19.5419	19.6426	19.4789	19.7574	19.94	19.3427	19.6925	19.486	19.2215	19.5312	20.0125		19.759	18.9234		19.084	20.5203	20.3864		19.7367
PROT_0812	21.7484	21.7385	22.2959	21.0895	22.1707	21.4292	21.5491	21.3306	22.3174	21.6145	21.6033	21.9739	22.0086		21.8513	21.2476	22.0723	21.3893	21.7446	21.2717
PROT_0813	19.7717		19.883	20.1024	20.3482	19.7689	19.8547	20.0477	19.798		20.2659	20.1616		20.3783		19.3307	20.2246	20.0605		19.8478
PROT_0814	25.5922	25.4127	25.684	25.6017	25.7244	25.4021	25.5086	25.5575	25.838	25.2143	25.4956	25.4078	25.4397	25.3384	25.6004	25.2129	25.3199	25.4729	25.5317	25.4332
PROT_0815	22.631	22.7209	22.7209	22.3065	22.7407	22.4531	22.3086	22.2134	23.0262	22.3135	22.7099	22.7143	22.3296	22.7546	23.0034	22.8276	22.6902	22.5794	22.2907	22.907
PROT_0816	22.5633	22.8983	22.4406	22.9679	22.6154	22.2163	22.7689	22.4523	22.4806	22.4177		22.6791	22.5597	22.741	23.0761	22.6009	22.7704	23.2351	22.8161	22.4675
PROT_0817	24.1425	24.2858	24.3785	24.581	24.4091	23.9703	24.1429	24.0775	23.8547	24.2653	24.5508	24.4625	24.4004	24.545	23.9486	24.0193	24.6387	24.1554	24.1128	24.3426
PROT_0818	22.441	22.7895	22.567	22.598	22.9609	22.7021	22.7851	22.5967	22.578	22.1667	22.5452	22.871	22.9387	22.5251	22.7988	22.3895	22.8067	22.6503	22.7257	22.7978
PROT_0819	28.3809	28.318	28.2216	28.3515	28.2247	28.3146	28.1979	28.3288	28.3004	28.413	28.3646	28.6415	28.487	28.4812	28.6207	28.3012	28.3557	28.3986	28.1571	28.0654
PROT_0820	25.5051	25.6458	25.454	25.4537	25.4769	25.5776	25.5406	25.5289	25.3012	25.6532	25.3724	25.6946	25.412	25.4564	25.3109	25.7612	25.3357	25.6654	25.0233	25.3566
PROT_0821	21.6852	21.8913	21.8811	22.2146	21.7448	22.0417	21.8631	21.8896	22.0618	22.1945	21.7703	22.2899	22.2913	21.9028	22.2351	21.4844	21.6241	21.9579	21.8878	21.8372
PROT_0822	21.833	21.8563	22.2798	21.7306	21.5329	21.8286		21.4295	21.5904	21.8828	21.5771	21.6542	21.5	21.5086	22.4038	22.0652	21.6974	21.5916	21.8412	21.5081
PROT_0823	26.7667	27.2446	27.1667	27.2561	27.0355	26.9993	27.2836	26.9405	27.0837	26.9003	26.8462		26.5666	26.9622	26.9506	26.9728	26.9698	27.048	27.0159	27.0366
PROT_0824	24.5429	24.2831	24.6509	24.2397	24.3047	24.3404	24.5082	24.1591	24.6188	24.4339	24.202	24.2896	24.3295	24.4129	24.3838	24.2896	24.8366	24.5586	24.5169	24.4868
PROT_0825	23.6535	23.4492	23.9263	23.283	23.2918	23.6122	23.41	23.4692	23.5611	23.2156	23.3566	22.9699	23.0871	23.3873	23.2988	22.9683	23.1461	23.7235	22.9821	23.0831
PROT_0826	26.4555	26.4376	26.5569	26.3861	26.5986	26.3151	26.7467	26.4955	26.8413	26.4675		26.6551	26.8811	26.6394	26.7562	26.4371	26.7304	26.3595	26.5634	26.4783
PROT_0827	24.2745	24.2729	24.4095	24.0387	24.3247	23.8291	23.7658	24.1185	23.236	23.5185	23.6145	23.249	23.9811	23.4717	24.3027	24.135	24.3194	24.1545	23.995	24.0783
PROT_0828	22.5228	21.6861	22.2198	22.4505	21.8713	22.1249	22.1969	22.1182	22.2553	21.9632	22.2659		22.6599	22.4418	22.5093	21.9756	22.3767	22.2701	21.9023	21.983
PROT_0829		18.9011		18.4566	18.1717		19.3192	18.7878				18.8702	18.9006	17.836	18.2458					18.233
PROT_0830	25.4046	25.221	25.7221	25.0502	25.0395	25.1727	24.9638	25.0248	25.1457	25.1331	25.2239	25.1826	25.0469	25.1202	25.2002	25.1339	25.3668	25.3496	25.2297	25.1502
PROT_0831	24.9052	25.4681	24.8786	25.3781	25.0626	25.2064	25.094	25.3556	25.6012	25.5411	25.5196	25.5297	25.2896	25.2156	25.3787	25.1513	25.2177	25.332	25.2159	25.1742
PROT_0832	18.8454	19.4897		18.5065	17.9637	18.6199		19.1162	18.5013			18.7073	18.6649							
PROT_0833	19.2675	19.9106	18.5599	19.1253	19.685	19.5547	19.7234	19.2073	19.216	19.4924		20.2932				19.737	19.5522	19.5923	19.0455	19.3769
PROT_0834	23.4066	23.4227	23.5107	23.3151	22.7743	23.5754	23.0452	23.6446	23.7303	23.688	23.1866	23.1663	23.4028	23.0568	23.3978	23.3785	23.6229	23.4881	23.646	23.3983
PROT_0835														16.6869						
PROT_0836	20.4002	19.8207	19.9921	20.02	19.5196		19.1902			20.3303			19.3415	19.6128	19.8024	19.7945	19.7009	19.6501		19.7011
PROT_0837	19.1099	19.7937	19.8445		19.8973	20.0031		19.5983	19.6404	19.6106		20.1919	20.3274	20.0563	19.5589	19.2791	19.8422	19.6582	20.1966	19.7472
PROT_0838	22.8415	23.2653	23.1882	22.8301	22.4725	22.21	22.5953	22.9501	22.65	22.358	23.093	22.6503	22.3584	22.6588	22.9188	22.6204	22.8148	22.8139	22.4138	22.899
PROT_0839	26.8471	26.7614	27.027	26.6969	26.5525	26.3328	26.6021	26.4149	26.6963	26.7894	26.7026		26.3257	26.2334	26.7334	26.498	26.6401	26.182	26.7676	26.376
PROT_0840	21.5453	22.0529	21.9694	22.1517	20.9974	21.1658	21.1513		21.6748		21.6274	21.8772	21.7869	22.0594	21.8594	21.9815	21.5601	22.2908	21.3118	22.2171
PROT_0841	21.7202	21.0304	21.0755	20.6637	20.932	20.6858	21.0234	20.5534	20.4063	20.5397	19.6177	20.3307		20.8157	21.2876	21.0119	21.4266	20.9658	20.791	21.2011
PROT_0842	21.2264	21.5151	22.111	21.9629	22.4465	21.4519	21.7559	22.3351	21.5521	22.1462	21.6071	22.1351	21.7042	22.5971	22.2014	22.1396	22.0644	22.1293	22.1735	22.1695
PROT_0843	27.6231	27.4379	27.6041	27.4575	27.1806	26.8405		26.7602	27.6774	27.8716	27.5324	27.7778	27.5292	27.6868	27.3767	27.4826	27.8412	27.6658	27.4973	27.6861
PROT_0844	22.4409	22.7914	23.0556	22.7783	22.5971	22.9578	22.8716	22.7915	22.7303	22.9012	23.0408	22.873	22.6881	22.8744	23.1868	23.0673	22.7748	22.6202	22.7183	22.7033
PROT_0845	19.645	18.8292					18.2681	18.3053	18.8066	19.4228			18.4252	18.2907			19.1086	18.3992		
PROT_0846	25.0452	25.6823	25.1563	25.347	25.2078	25.3338	25.0714	25.3325	24.9978	25.4234	25.2379	25.6122	24.8081	25.5164	24.7596	25.2252	24.7236	25.4566	25.1107	25.4145
PROT_0847																				
PROT_0848	18.4676	18.7844			18.5895	18.2791					18.9301			19.0298	19.2512		18.8664	18.812	18.6596	
PROT_0849	23.3717	23.8707	23.4329	23.5537	23.2229	23.6031	23.703	23.6008	23.3292	23.3589	22.9477	23.5019	23.7194	23.3363	23.6277	23.6783	23.608	23.5834	23.3135	23.5333
PROT_0850	22.1539	21.9291	22.3323	21.9945	22.1764	21.4456	22.3303	22.3771	22.4652	22.2023	22.1938	22.2473	21.7325	22.0654	22.4409	21.9063	21.9472	21.9181	22.0466	22.3146
PROT_0851	23.73	24.3213	23.9402	23.8977	23.7876	23.9242	23.7212	23.9077	24.0709	23.7963	23.4163	23.6259	23.6158	24.0024	24.0145	23.8036	23.6274	24.2564	23.8063	23.7808
PROT_0852	21.1315	20.8177	21.1262	20.3258	21.1342	21.1655	20.7176	20.6018	21.1522	20.7186	20.7339	20.7648	21.3498	20.9339	20.908	20.6397	20.5648	20.7556	20.8285	20.3201
PROT_0853	26.4247	26.4229	26.8259	26.2833	26.5768	26.4785	26.8889	26.1665	26.5097	26.5122	26.7508	26.5623	26.6911	26.4661	26.436	26.156	26.414	26.4898	26.7198	26.3018
PROT_0854	22.6376	22.4188	23.0227	22.3972	22.8346	22.8291	23.0862	22.4317	22.9654	22.869	22.8786	22.6576	22.9774	22.6917	23.1313	22.6045	23.1668	22.7751	23.2378	22.7045
PROT_0855	24.2839	24.7946	24.711	24.7873	24.7545	24.4758	24.6181	24.442	24.7544	24.7634	24.4649	24.7005	24.242	24.6419	24.4023	24.2067	24.6005	24.5391	24.3042	25.0347
PROT_0856	21.5117	21.6565	21.9358	21.4727	21.521	21.5551	22.0537	21.6788	21.2394	21.8159	21.9059	22.235	21.4625	21.8761	21.9297		22.0353	21.9036	21.6875	21.6741
PROT_0857	24.0301	24.2273	24.3919	23.4992	24.2477	24.1569	24.1878	23.9497	24.2397	23.901	24.3499	23.9281	23.9626	24.0712	24.3776	23.6345	24.0498	23.7339	24.3651	23.6446
PROT_0858	21.9673	22.3735	22.6531	22.4202	22.6623	22.8981	22.2971	22.5785	22.525	22.1105	22.5477	22.1944	22.82	22.8169	22.7656	22.2617	22.563	22.5093	22.4116	22.5927
PROT_0859	19.0015			19.8793	19.1177			18.4995		19.4578	19.3953	19.2177	19.5897	19.418	18.4949			19.4881	19.3392	19.2245
PROT_0860	20.2577	20.0098	19.6108	19.5722		20.1041	19.6275	19.3224	19.8334		20.0652	19.7659	19.8516	20.12	20.0843	20.1512	20.1078	20.3814		20.0433
PROT_0861	20.6805	20.781	20.5916	20.5852	20.7275		21.0187	20.4487	20.4619	20.1152		20.3901	20.7521		21.2482	20.2749	21.0958	20.6787	20.6006	21.3746
PROT_0862	23.5745	23.8223	23.2269	23.9891	23.0219	23.7367	23.4734	23.6686	23.5686	23.7363	23.4003	23.8942	23.1999	24.055	23.4028	23.6669	23.3151		23.2723	23.9369
PROT_0863	22.2202	21.9945	22.035	22.4233	22.2017	22.4807	21.6496	22.5118	22.3249	22.2511	22.0729	22.0827	21.6951	22.2335	21.9759	22.7723	22.0342	22.5395	21.7999	21.979
PROT_0864	20.2874	20.7416	20.9688	21.6222	21.0983	21.0547		21.1029	20.9405	21.3667	20.6456	20.9588	20.3979	21.1719	20.9671	20.4649	21.2026	21.3924	21.0253	21.1964
PROT_0865	21.2094	21.0461	21.8301	20.9852	21.0227	21.3834	21.3167	21.1556	20.9979	20.6175	20.5479	20.8434	21.0993	21.1434	21.1829	20.721	20.7558	21.1475	20.7746	20.9254
PROT_0866	25.8854	25.6693	25.9023	25.5536	25.6124	25.3161	25.587	25.5217	25.8892	25.5448	25.8069	25.55	25.6061	25.8712	25.9736	25.4801	25.8069	25.4132	26.0484	25.5492
PROT_0867	21.7879	21.6157	21.8376	22.0612	21.6726	21.7453	21.4903	21.7534	21.7632		21.6298	21.847	21.7303	21.8091	21.7389	21.7121	21.443	22.04	21.6606	21.7561
PROT_0868	26.1155	26.474	26.4918	26.1153	26.3058	26.1813		26.457	26.1071	26.3105	26.3711	26.2738	26.013	26.4569	26.2804	26.2011	26.1315	26.3207	26.1558	26.4274
PROT_0869	24.6584	24.5162	24.7269	24.3835	24.2787	24.7443	24.2488	24.5514	24.3843	24.6233	24.1507	24.5013		24.6489	24.6405	24.6249	24.4889	24.2656	24.2441	24.5973
PROT_0870				19.7685	20.5478	19.6734	19.7311	19.259	19.4926		20.187	19.5539			19.7826	19.448	19.684	19.2462	19.3889	
PROT_0871	26.278	26.2463	26.5199	26.4321	26.0842	26.3956	26.0422	26.7303	26.5116	26.6406	26.0328	26.3635	26.1341	26.2214	26.2413	26.3718	25.7794	26.6214	26.2152	26.5343
PROT_0872	23.9901	23.7074	24.1286	23.8669	24.6044	24.468	24.4572	24.14	24.0306	23.915	24.4457	23.8871	24.3035	23.9186	24.0289	23.7992	24.1957	23.6879	24.2677	23.8862
PROT_0873	22.105		22.7303	22.2563	22.7442	22.6975	22.6769	22.456	22.7755	22.0712	23.0262	22.3175	22.4141	21.9354	22.7442	22.0199	22.5814	22.8837		22.9464
PROT_0874	22.9635	23.4392	23.5307	23.2948	23.2543	23.394	23.504	23.7316	23.1383	23.0569	23.5494	23.4478	23.2885	23.2111	23.4663	23.7337	23.3978	23.4869	23.2107	23.6067
PROT_0875	24.0074	24.8521	24.4143	24.5522	24.4258	24.1675	24.6309	24.4739	24.5379	24.7462	24.673	24.6777		24.351	24.1232	24.2023	24.373	23.8656	24.1749	24.5378
PROT_0876	24.4431	24.3232	24.1146	24.3865	23.6764	23.6055	23.5775	23.4591	23.4067	23.8229	23.5029	23.4015	24.6776	24.6041	24.4067	24.8339	24.5172	24.7817	24.6852	24.9025
PROT_0877	24.6896	24.5852	24.6263	24.6771	25.0641	24.5659	25.1474	24.7738	25.0271	25.1696	25.0514	24.7416	24.3859	24.5938	24.5645	24.2957	24.6908	24.5454	24.5905	24.767
PROT_0878	22.9823	22.8905	23.2184	23.2229	23.0658	22.7492	22.7829	23.1296	23.0489	23.2315	22.7278	22.9742	22.8717	23.2141	23.3158	23.0282	23.1714	23.2478	23.0279	22.7835
PROT_0879	23.052	23.0304	22.6829	22.8925	22.7498	22.4415	22.1122	22.6386	22.6628	22.8808	22.8723	23.1087	22.3698	22.4387	22.5754	22.1654	23.0215	22.7071	22.2941	22.4695
PROT_0880	21.2111	21.8786	21.5047	21.1103	21.0077	21.5914	21.1237	21.3481	21.0636	21.4372	21.501	21.8713	21.2752	21.5252	21.4121	21.3942	21.5179	21.0968	21.275	21.4126
PROT_0881	25.1134	24.893	25.1036	24.955	25.0294	25.3412	25.0655	25.0076	24.952	24.9563	25.0864	25.0209		25.1724	25.0461	24.9428	24.9606	25.1558	24.9824	25.0153
PROT_0882	18.9901		19.3952	19.7458	19.013		19.4852	19.0881	19.313	19.4402	18.8919	19.7259	19.098		19.0068	18.6287	19.0113	19.5157	19.4796	19.5079
PROT_0883	24.327	24.103	24.2739	23.9604	24.3092		24.1076	23.9633	24.1448	23.8816	24.2285	23.5922	23.7991	23.9935	24.1713	23.5206	24.3133	24.2853	24.0586	23.6186
PROT_0884	21.484	21.7234	21.4915	21.3593	21.7903	21.257	21.8996	21.3061	21.3914	21.2401	21.7858	21.4627		21.5012	21.2574		21.5611	21.0415	21.9854	21.0068
PROT_0885	22.3546	22.1753	21.9982	22.4014	22.3204	22.429	22.3383	22.1519	22.4634	22.3712	21.8658	22.3026	22.5614	21.986	22.2099	22.0358	22.4154	22.5207	21.9278	22.3859
PROT_0886	21.8867	21.2061	21.592	21.6257	21.6347	21.1202	21.7413		21.6196	21.351	21.106	21.5637	21.8347	21.2868	21.448	21.5924	22.0667	21.0064	21.6137	21.204
PROT_0887	23.6956	23.6382	24.1054	23.8255	23.4825	23.9488	23.5946	23.5503	23.9954	23.4733	23.7613	23.6406	23.319	23.519	24.187	23.8548	23.7296	23.6617	23.6335	23.5208
PROT_0888	23.6549	23.4952	23.498	23.8003	23.6089	23.4281	23.315	23.3929	23.4835		23.1243	23.5586	23.1869	23.6128	23.5107	23.5102	23.2392	23.597	23.4933	23.2397
PROT_0889	20.3187	20.0073		20.4144	20.0289	20.3107		20.546	20.7582	20.0807	19.8327	20.8243	19.3251	19.3123	19.3431	19.6429	19.8585	20.991	20.4833	21.3772
PROT_0890	23.612	23.69	23.9327	23.358	23.5704	23.2436	23.3363	23.1716	23.6437	23.758	23.4481	23.6012	23.259	23.2848	23.65	23.3849	23.6691		23.6808	23.2984
PROT_0891	21.176	20.8476	20.7966	20.9394	20.827	19.9242	21.4286		21.1883	21.0188		20.5335	21.4683		20.4415	20.4939	20.8065	20.7051	21.2659	20.976
PROT_0892	19.0211	20.348		19.8571	19.4044	19.5239	19.5216	19.7244	19.4028		19.3784	19.2856	19.2143	19.1959	19.6426		19.2845			
PROT_0893	25.3916	25.4855	25.355	25.2978	24.9137	24.6443	24.9695	24.9746	25.2593	25.1071	25.1144	25.212	25.3306	24.8396	25.4142	25.1712	25.6438	25.1966	25.4998	25.2824
PROT_0894	25.9635	25.6795	26.2584	25.5528	25.6178	25.595	26.0473	25.3646	25.7353	25.576	25.6052	25.7627	26.0911	25.5108	25.8498	25.6253	26.0275	25.521	25.9019	25.8728
PROT_0895		17.1169														17.94			17.5968	16.3446
PROT_0896	23.2267	23.6699	23.1326	23.1068	22.8796	23.035	23.2398	22.8489	22.9372	23.2789		23.1991	22.7291	23.2184	23.1989	23.0714	22.9314	22.842	22.7655	22.8192
PROT_0897	22.7111	22.8285	22.6295	23.1972	22.5974	22.7304	22.6177	22.7983	22.8732	22.5059	22.8284	22.6882	22.7977	22.4446	22.2628	22.3125	22.4168	22.6549	22.6212	
PROT_0898	25.1684	24.9512	25.1445	25.0268	24.7491	24.9543	25.1578	24.9601	25.2912	25.0243	24.9504	25.0025	24.9979	24.9476	25.272	24.8792	24.8692	24.8256	25.181	24.9952
PROT_0899	24.6081	24.5349	24.5155	24.4345	24.5159	24.239	24.6213	24.651	24.3503	24.5777	24.6399	24.523	24.379	24.5408	24.6971	24.5727	24.6706	24.7163	24.3222	24.5587
PROT_0900	25.2907	25.3102	25.277	25.3464	25.3668	25.3727	25.3589	25.2126	25.4039	25.3633	25.0032	25.4825	25.3196	25.5583	25.0489	25.2319	25.0613	25.3965	25.4281	25.1336
PROT_0901	22.5044	22.6338	22.5728	22.8378	22.567	22.5574	22.495	23.1635	22.8671	22.9408	22.4419	22.7755	22.5849	22.8862	22.5913	22.8482	22.4985	23.0243	22.2149	23.2059
PROT_0902	24.7357	24.4465	24.3616	24.6426	23.1796	23.4154	23.5696	23.4051	23.6079	23.8559	23.4742	23.974	23.3938	23.6644	23.5518	23.5192	23.6507	23.5724	23.5885	23.7294
PROT_0903	26.109	26.4256	26.4024	26.302	25.8809	26.2341	26.2259	26.261	26.2537	26.3005	26.0929	26.3115	26.1039	26.6902	26.3987	26.6989	26.5662	26.5252	26.2387	26.1587
PROT_0904	21.3257	21.0415	21.5223	21.3709	21.5211		21.4423	21.4192	21.7722	21.6617	21.2838	21.5769	21.7069	21.3979		21.3674	21.6929	21.1868	21.1896	21.4259
PROT_0905		19.6794	19.6237	19.9917	19.1077	19.0936	20.0919	19.6955		19.7708	19.6857	20.1115			20.5088			19.5272	19.6972	20.0077
PROT_0906	23.4828	23.6297	23.7588	23.703	23.4144	23.7971	23.9977	23.4185	23.737	23.4396	23.4659	23.4955	23.2883	23.6693	23.3297	23.3624	23.6431	23.5745	23.4186	23.8136
PROT_0907	22.7297	22.4624	22.5725	22.4763	22.7568	22.4542	22.5349	22.2977	22.6579	22.5603	22.02	23.0644	22.5332	22.6037	22.438	22.7564	22.1626	22.1277	22.2467	22.4239
PROT_0908	22.8544	22.3164	22.6555	22.1586	22.5096	22.3331	22.8285	22.9426	23.0353	22.5221	22.5574	22.2906	22.6027	22.7098	22.524	22.5706	22.5404	22.6595	22.3833	22.5332
PROT_0909	24.2488	24.3015	24.2729	24.2165	24.2815	24.505	24.4003	24.4888	24.27	24.1504	23.9542	24.5436	24.3643	24.5218	24.2456	24.2001	24.4353	24.3312	23.9835	24.4656
PROT_0910	22.9591	23.0292	22.7964	23.0179	22.6493	22.6981	23.2242	22.6762	22.9986	23.1557	23.1284	22.5747	23.3193	23.3976	23.0363	22.9379	23.4062	23.2236	23.3239	22.8583
PROT_0911	25.6511	25.5988	25.6229	25.5353	25.4569	25.4702	25.8597	25.6398	25.8468	25.7267	25.5205	25.697	25.7928	25.7781	25.7198	25.6017	25.596	25.7118	25.8452	25.6055
PROT_0912	29.2707	29.4761	29.6001	29.6705	29.5104	29.513	29.5948	29.49	29.6443	29.9241	29.7086	29.7097	29.6552	29.564	29.4504	29.2851	29.8029	29.5528	29.3549	29.51
PROT_0913	24.097	24.0971	24.1286	24.2583	24.0846	23.8716	24.0148	23.8239	24.1601	23.7341	23.9698	24.0109	24.1446	24.0202	24.2073	24.0869	24.5651	24.1718	24.3692	24.4899
PROT_0914	22.1381	22.7199	22.5995	22.7408	22.4921	22.4657	22.3361	22.667	21.8195	22.2907	22.8461	22.5326	22.3118	22.3171	22.0566	22.5157	22.1128			22.2509
PROT_0915	19.1047	19.6847	19.4928	20.1158	19.308		19.5705		19.781	19.6938	19.1375	19.2706	19.5125	20.3206		19.5279	20.4947	20.4264	19.7911	
PROT_0916	23.2466	23.5496	23.3872	23.6302	23.4017	23.4895	23.2555	23.5759	23.4545	24.1083	23.3643	23.4654	23.4715	23.517	23.5097	23.4965	23.2611	23.4567	23.6106	23.5918
PROT_0917	26.313	26.3737	26.4699	26.6429	26.6962	26.5214	26.5486	26.5542	26.6313	27.068	26.7519	26.7842	25.4901	25.9736	25.9932	25.6231	25.9531	26.1323	25.5433	26.0483
PROT_0918	23.806	23.9786	24.0139	23.979	24.0853	23.8133	24.0086	23.7923	23.5527	23.6295	23.6781	23.6009	23.7352	23.884	23.7739	23.6388	23.8838	23.7561	23.7215	23.6067
PROT_0919		20.7108	20.2352	20.3453	20.7997	20.3141	20.1165	19.9857	20.0645	20.7041	20.5179	20.3547		20.4007	20.2811	20.3287	20.3823	20.3799		20.4532
PROT_0920	25.9746	25.877	26.1034	26.0234	26.2781	25.7398	26.2086	25.8511	25.9237	25.6471	25.7331	25.9093	26.1791	25.6068	26.0198	25.4867	26.5213	25.7476	26.3172	25.9435
PROT_0921	24.1916	24.1672	24.0518	24.0201	23.7728	24.0295	23.8322	23.7671	23.9312	24.077	23.8916	24.0977	23.8075	24.4482	23.8217	24.2157	23.8206	23.9697	23.8396	24.1972
PROT_0922	26.7276	26.302	26.7488	26.4374	26.2988	26.475	26.4523	26.1295	26.5387	26.5592	26.4912	26.6494	26.6093	26.7324	26.4944	26.3454	26.5227	26.5257	26.3417	26.2204
PROT_0923	26.6686	26.5535	26.3822	26.4514	26.3675	26.1409	26.4096	26.2372	26.4276	26.4297	26.2526	26.4199	26.4608	26.5207	26.4781	26.2352	26.6428	26.7473	26.7485	26.5401
PROT_0924	24.5879	24.704	24.5707	24.6497	24.7815	24.7828	24.5489	25.038	24.4569	24.7329	24.3439	24.7732	24.8031	25.1132	24.429	24.7983	24.8077	24.8782	24.7633	24.8531
PROT_0925	24.2604	24.0575	24.0587	23.8695	24.1646	24.1187	24.2097	24.3342	24.2657	24.1784	24.1409	24.5644	24.0747	24.297	23.7082	24.5156	24.0804	24.581	24.0952	24.5188
PROT_0926		24.4814	24.67	24.6173	24.9688	24.6357	24.5282	24.0484	24.6689	24.799	24.2893	24.6902	24.1882	24.0345	24.3739	24.3504	24.4542	24.7649	24.3473	24.3192
PROT_0927	24.6277	24.1808	24.3692	24.0699	24.655	24.1249	24.3605	24.2902	24.3461	23.8253	23.9213	24.0013	24.2729	23.8083	24.3514	23.9849	23.8935	23.7503	24.2993	24.0303
PROT_0928		18.8035	19.323		18.8085	18.8608		18.5746	19.7753			19.411	19.5517	18.9194			19.0607	18.5977		19.3168
PROT_0929	20.6345	20.7462	20.2327	20.111		20.1477	21.0985	20.2415	20.1801	20.3866	19.7815	20.6871	20.5737		20.6006	20.3087		20.1774	20.6323	20.2038
PROT_0930	28.7952	28.5849	28.7291	28.5257	29.1033	28.6522	29.283	29.1702	29.1743	28.8863	28.7163	28.8379	28.0793	27.8782	28.1221	27.8709	28.4522	28.1808	28.3679	28.2206
PROT_0931	24.7267	23.7902	24.276	23.9991	24.4464	24.1299	24.4337	23.6448	24.2717	24.2952	24.4313	24.0757	24.4608	24.1601	24.037	23.5511	24.5309	24.0037	24.1638	23.7747
PROT_0932	24.9653	25.1011	25.3645	25.1703	25.0296	25.3321	25.1845	25.0164	24.8152	24.8481	25.0241	25.1573	24.9882	25.3144	24.9936	25.2342	25.2245	25.2903	24.9569	25.0907
PROT_0933	20.3552	20.7697		19.6701	20.5677	20.7001	20.1844	20.623		21.2404	20.4635	20.3143	20.8676	20.6316	20.6643		20.9022	20.228	21.4189	21.1002
PROT_0934	18.7265																			
PROT_0935	22.4925	22.1485	22.0963	22.614	22.5347	22.6596	22.4979	22.2315	21.9452	22.1231	22.2786	22.1092	22.1139	22.3442	22.0364	22.3243	22.1698	22.6772	21.986	22.24
PROT_0936	19.6619		19.9046	20.2565		19.4532	19.6213	20.1058	20.082	19.4761	19.8854		20.595	20.3668	20.4192	19.7886	19.7021	19.1236	19.5454	19.7102
PROT_0937	27.8684	27.9107	27.8659	27.8066	28.1019	27.6577	28.1455	27.8117	28.3852	28.1872	28.4125	28.1168	27.9983	27.9758	28.0318	27.8838	28.3204	28.0453	27.8745	27.8986
PROT_0938	21.3337	22.0874	22.2269	22.0232	21.8985	21.9421	21.8545	21.9638	21.8154	21.8302	21.6921	21.9648	21.6825	22.2418	21.5636	21.988	22.1171	22.0969	21.883	21.5835
PROT_0939	26.5083	26.0678	26.2325	26.0405	26.1308	26.1671	25.8131	26.2169	26.0385	25.8424	25.9123	26.0279	25.8629	26.3186	26.153	26.1665	26.2443	26.2449	25.8748	26.1734
PROT_0940	27.123	27.2747	27.3651	27.1136	27.5069	27.4418	27.265	27.4774	27.3357	27.3479	27.2119	27.1296	27.2908	27.5444	27.1976	27.1757	26.5289	26.5128	26.6243	26.4969
PROT_0941	22.5698	22.7448	22.4647	22.846	22.3379		22.1762	22.5621	22.5367	22.5134	22.522	22.4545	22.3722	22.1952	22.4182	22.0574	21.8948	23.0267	22.2103	22.4352
PROT_0942	22.1859	22.4579	22.3899	22.4002	22.523	22.2	22.1591	22.2848	22.3276		22.4465	22.145	22.719	22.9108	22.5111	22.7273	22.6465	22.349	21.8671	22.5668
PROT_0943	19.9678	20.9127	20.3008	20.2073	20.48	20.4081	20.6043	20.4957	20.1528	20.2035	20.48	20.3953	20.2788	20.2978	20.7269	20.7521		20.0157	19.9106	20.2717
PROT_0944	23.9798	23.5719		23.4834	23.5342	23.3925	23.5162	23.5891		23.8792	23.7387	23.4019	23.6706	23.3663	23.3354	23.4446	23.3993	24.0902	23.7926	23.811
PROT_0945	20.9959	21.1805	21.5862	20.5457	20.6095	20.1828	21.0145	20.5718	21.0028	20.5687	21.0322	20.2589	21.2695	20.3682	20.94	21.0803		20.5179	20.7471	20.6365
PROT_0946	23.102	23.0136	23.1521	22.6074	23.4197	23.1084	22.9879		23.1333	23.283	23.3645	23.0459	22.8017	23.3031	23.1452	23.003	22.6565	22.5614	23.074	22.6541
PROT_0947	24.4577	24.7434	24.404	24.439	24.6761	24.6254	24.3235	24.5585	24.5373	24.6666	24.4632	24.6912	24.346	24.694	24.4605	24.5129	24.7116	24.889	24.239	24.7873
PROT_0948	20.526	20.2081		20.8408	20.7143	20.2541	20.6643	20.1581	19.9065			20.3109	20.7308	19.9704	20.3446	19.8695	20.9921	20.127	20.3127	20.7362
PROT_0949	25.3028	25.0671	25.1354	25.2882	25.417	25.1013	24.9048	25.1397	24.9143	25.3113	25.0636	25.1105	24.7341	25.1254	24.8765	24.796	25.3525	25.0038	24.7721	25.0621
PROT_0950	24.129	24.023	24.0348	23.8322		24.2571	24.1866	24.414	23.845	23.9053	24.3438	23.8502	24.2061	24.1723	24.3054	24.3185	24.0143	24.2318	24.0065	24.0316
PROT_0951	23.1158	22.8589	23.0661	23.0464	22.1426	22.238	21.9633	21.7681	23.0644	22.9141	23.0235	23.0583	22.7855	22.7645	22.7964	22.7771	22.9328	22.6271	22.598	22.9488
PROT_0952	23.185	23.3809	22.8492	23.0847	23.165	22.8612	23.0385	23.1123	22.7193	23.1523	22.7504	22.7264	22.7774		23.0048	23.2887	23.061	23.1465	23.1417	23.1477
PROT_0953	24.6099	24.9411	24.6633	25.0629	24.8895	25.1009	24.9916	24.9966	24.7992	25.0804	24.6648	25.2406	24.5362	25.1677	24.9715	24.8117	24.5921	25.0696	24.7896	24.7872
PROT_0954	23.5141	23.3124	23.666	23.5247	23.2783	23.4344	23.3423	23.3767	23.9463	23.4571	23.5081	23.5838	23.5545	23.4557	23.6856	23.4705	23.6966	23.4953	23.6734	23.6352
PROT_0955	22.7787	22.8837	22.6165	23.0846	22.7918	22.7093	22.9297	23.1159	23.0129	22.9769	22.7495	22.9098	22.7552	23.0304	22.9161	22.7368	23.1708	22.83	23.0042	
PROT_0956	23.0302	22.7513	23.1464	22.1577	22.7551	22.7681	22.9757	22.6437	23.1194	22.5622	22.9821	22.7675	22.9257	22.6375	22.7046	22.2843	22.8054		22.7438	22.3977
PROT_0957	23.0752	23.009	23.2169	23.6776	23.3989	23.5164	23.7299	22.9477	23.3824	23.364	23.208	23.5597	22.937	23.3705	22.5963	23.2126	23.1627	23.3193	23.2193	23.5701
PROT_0958	25.722	25.8018	25.9886	25.9467	25.6398	25.7117	25.8404	25.4553	25.6326	25.847	25.7061	25.7328	25.7903	25.7151		25.6972	26.1471	25.6701	25.6637	25.8336
PROT_0959	23.1998	23.3015	23.7405	23.6524	23.2303	23.1629	23.3996	23.4223	23.1293	23.4961	23.5686	23.837	23.3441	23.682	23.3104	23.1694	23.3297	23.5835	23.492	23.868
PROT_0960	21.6846		22.2809	21.4611	21.8041	21.6473	21.3988	21.4466	21.4939	21.8229	21.8499	21.6084	21.1456	21.909	22.3206	20.8276		21.7021		21.5743
PROT_0961												16.7802			17.8698				17.0224	
PROT_0962	23.2056	22.6356	22.9132	22.6306	24.1378	23.4072	24.1387	23.8394	24.0696	23.9628	23.2578	24.2614	22.1564	21.8881	22.228		22.4116	22.3811		22.3891
PROT_0963	22.4101	21.9995	22.177	21.6249	21.9963	21.8275	22.2077	21.9831	22.322	21.5628	21.9866	21.9673	22.0249		22.1435	21.9407	22.1334	22.0521	22.0609	21.9101
PROT_0964	22.538	22.5477	22.4271	22.5066	22.7138	22.5028	22.6065	22.3998	22.0968	23.0803	22.3446	22.8796	22.4231	22.3286	22.8955	22.3424	22.5098	22.6331	22.3513	22.2445
PROT_0965	25.2335	25.3971	25.2598	24.9924	25.4757	25.4812	25.4051	25.5628	25.0816	25.4029	25.2643	25.4155	25.0746	25.3442	25.1094	25.1761	25.5316	25.3377	25.5216	25.3865
PROT_0966	21.7128	22.1347	21.8771	21.6637	22.2203	21.7105	21.6566	22.2052	21.6295	21.6502	21.8255	21.298	22.1193	21.7441	21.6473	21.8197	21.649	21.9782	21.8416	22.0611
PROT_0967	26.3525	26.7444	26.587	26.8357	26.8625	26.4574	26.4797	26.3969	26.3892	26.5925	26.4977	26.2801	26.5628	26.4751	26.7749		26.602	26.805	26.5718	26.3239
PROT_0968	24.4707	25.0197	24.7258	24.7524	24.7302	24.6112	24.8227	24.9852	25.0715	24.8107	24.7103	24.7401	24.8356	24.8082	24.8747	24.9278	24.9372	24.8833	24.6501	24.5767
PROT_0969	24.5058	24.5224	24.6591	24.4522	24.3714	23.9871	24.4791	24.1177	24.4716	24.3698	24.3443	24.7601	24.9463	25.4048	25.1563	24.8872	24.4172	24.5628	24.6467	24.817
PROT_0970	28.8057	28.6952	28.7104	28.9468	28.5777	28.4756	28.5511	28.817	28.7977	28.5097	28.771		28.7536	28.5384	28.6553	28.4996		29.0958	29.1878	29.1934
PROT_0971	27.9227	28.0142	27.9529	28.1566	27.9465	27.8964	28.1223		28.123	28.1925	28.189	27.9132	28.0457	28.2786	28.1492	28.0974	28.0436	28.1475	27.7407	28.2656
PROT_0972	27.5519	27.7205	28.025	27.7718	26.7918	26.9258	27.0208	27.1273	26.7786	27.1153	26.626		26.8006	27.0208	26.8251	27.0506	26.9103	26.73	26.8508	26.9464
PROT_0973	21.1166		21.687	20.4958	21.0806	20.8258	21.1641	21.2263	21.1587	21.5226	21.2492		21.0872		20.6817	20.7252	21.0443	21.001	21.3786	21.0398
PROT_0974	22.6583		22.57	22.7149	23.0043	22.9275	22.7749	22.5837	22.9627	23.0112	22.7435	22.9195	22.8164	22.4703	22.8	22.2605	23.0016	22.6422	22.9238	22.8207
PROT_0975	20.7279	20.7007	20.2045		20.503	20.6434	20.1644	20.1734	20.9858	20.6952	21.1471	20.6025	20.224	20.421	20.6637	20.3536		20.832	20.3706	20.1736
PROT_0976	22.4515	22.064	22.1832	22.0155	22.2191	22.3515	22.0995	21.6583	22.1828		22.491	22.3572	22.2941	22.0284	22.4664	22.624	22.5261	22.3236	22.5097	22.3758
PROT_0977	23.3465	23.3244		23.4998	23.3299	23.6367	23.5969	23.5239	23.0352	23.2171	22.6044	22.9917	23.1755	23.7392	23.5308	23.3093	23.4853	23.5398	23.4814	23.9494
PROT_0978	21.7342	21.4425	21.8781	21.1242	21.3989	21.6939	21.2	21.1394	21.9815	21.6018	21.1514	21.2459	21.6078	21.4334	21.7785	21.58	21.6998	21.9013	21.2946	21.1139
PROT_0979	24.0964	24.0155	24.2487	24.4102	24.4087	24.1493	24.4212	24.3075	24.1108	24.0294	23.8517	24.0902	23.7141	24.1906	24.1106	23.7696	24.2239	24.6725	24.0986	24.3384
PROT_0980	24.5649	24.6553	24.3846	24.8262	24.8216	24.2897	24.7671	24.6129	24.4873	24.3969	24.5493	24.3338	24.241	24.8787	24.5511	24.4546	24.4414	24.4792	24.382	24.5691
PROT_0981	25.4847	25.7961	25.5235	25.7147	25.4508	25.3165	25.27	25.5786	25.2196	25.3872	25.3068	25.6354	25.537	25.835	25.273	25.3505	25.3592	25.2481	25.3608	25.544
PROT_0982	23.4014	23.5864	23.4927	23.7268	23.4561	23.0103	23.4514	23.7013	23.1604	23.5353	23.5624	23.3563	22.9021	23.5191	23.7025	23.3463	23.3616	23.7987	23.0677	23.6065
PROT_0983	22.7898	22.9849	23.104	23.4474	23.1462	23.1818	23.1938	22.9451	22.9275	23.0628	22.8593	23.0023	23.1719	23.2304	23.3099	23.1536	22.763	23.5664	22.8577	23.006
PROT_0984	22.7101	22.976	22.9687	22.2314	22.5984	22.3585	22.7752	22.3067	22.5593		22.4855	22.3305	22.3613	22.4085	23.3612	22.5456	22.7457	22.677	22.853	22.5198
PROT_0985	20.2886	21.1605	20.1115		20.6823	19.7281	20.3044	20.6038	20.6178	20.3553	20.4351	20.4006	20.2939	20.3449	19.8943	20.5535	20.1112	20.5838	20.2204	20.7832
PROT_0986	21.979		22.3893	21.8789	22.5765	22.5627	21.9742	22.6174	22.3588	22.5374	22.2167	22.6867	22.3049	22.4999	22.5138	22.2984	22.1745	22.4767	22.237	22.8689
PROT_0987	22.2823	21.7113	22.172	22.3774	22.3062	21.8482	22.4593	22.3639	22.1588	22.3177	22.025	22.0426	22.1827	21.9795	22.6212	22.1175	22.6779	22.2468	22.3852	22.2782
PROT_0988	21.7978	22.2444	21.8145	21.6051	21.8874	22.1513	21.6254	22.0914			21.946	21.7061	21.9587	22.2721	22.3287	22.1216	21.8236	22.1577		22.5348
PROT_0989	21.3343	21.3047	22.0019	21.5989	21.4876	21.2088	21.4499	21.5344	20.9869	21.3948	21.2947	21.2179	21.7825		21.4721	21.4444	22.1024	21.6743	21.728	21.6046
PROT_0990	22.1257	21.9082	21.768	22.2816	22.3737	22.3337	22.1521	22.1408	22.1244	22.4227	22.0523	22.4507	21.8093	22.3272	22.0254	22.1767	22.2102	22.0238	22.419	21.861
PROT_0991	25.9527	25.6745	25.7308	25.7148	26.0391	25.6707	26.0371	25.5803	25.8622	25.6825	25.8425	26.0461	25.9647	25.6328	25.974	26.0123	26.0919	26.2752	26.2662	25.807
PROT_0992	23.4739	23.5122	23.5618	23.3354	23.7253	23.0332	23.193	23.606	23.4624	23.206	23.6815	23.8632	23.827		23.7857	23.3025	24.2704	24.2209	23.9812	23.9925
PROT_0993	22.9776	22.6262	23.4042	23.0263	22.8634	22.7793	23.0188	22.9943	23.1643	22.6487	23.2156	22.9137	22.7244	22.8752	23.0102	23.0384	23.256	22.7227	22.9901	22.7504
PROT_0994	21.7626	20.9419	21.2636	21.0376	21.3708	21.151	21.9892	21.8757	21.2678	21.125	21.6009	21.2414	21.2472	21.2137	20.8884	21.3839	21.6954	20.9984	21.258	
PROT_0995	22.8208	22.8256	23.2124	23.2476	22.6576	23.1302	22.922	23.1354	23.1517	22.9258	23.009	23.1141	23.1491	23.0681		23.1449	22.7411	23.0264	22.9729	22.7931
PROT_0996	21.7432		21.5289	21.3249	21.3384	20.9831	21.4376		21.2499	21.37	21.9278	21.3173	21.4109	21.1952	21.7482	20.9943	21.4138		21.5346	21.6328
PROT_0997	21.9527	22.3061	22.0677	21.9403	22.2716	22.107	22.319	22.0635	21.7084	22.3011	21.8432	22.1279	21.4253	21.6961		21.557	21.7534		21.6715	22.14
PROT_0998	22.9915	23.4726	23.4938	23.3616	23.3162	22.9383	22.9596	22.8207	23.2562	23.3031	23.0225	23.6306	22.8888	23.643	22.8101	22.6674	23.3659	23.1642	23.1647	23.3877
PROT_0999	21.9542		22.4166	22.3539	21.9385	21.7891	21.3927	21.8566	22.0123	21.9701	22.0858	22.2453	21.901	22.0648	22.2536	22.1172	22.1898	22.5511	22.2981	22.2389
